UserGuid,EmailAddress,CustomerNumber,AgreementNumber,LinkedAdminAgreement,AdminInvoiced,AgreementSignupDate,CustomerSignupDate,CustomerType,Segment,Commodity,ProductName,TariffCode,DistributionRegion,MeterPointEIC,MeterSerialNumber,SmartMeterInstalled,MeterReadingFrequency,LastMeterReadingDate,LastMeterReadingValue,AnnualConsumptionKWh,AnnualGasConsumptionM3,CurrentAccountingYearEndDate,InvoiceDeliveryMethod,InvoiceFrequency,LastInvoiceDate,LastInvoiceAmountEUR,OutstandingBalanceEUR,PaymentMethod,DirectDebitActive,LatePaymentsLast12M,PaymentPlanActive,MonthlyDepositEUR,EZonaRegistered,EZonaLastLoginDate,AppUsage,MobileAppPlatform,NewsletterConsent,MarketingConsent,OutageNotificationConsent,PlannedOutageCountLast12M,UnplannedOutageCountLast12M,OpenServiceRequests,LastServiceRequestDate,LastServiceRequestType,SolarInterestScore,EnergyEfficiencyLeadScore,EVInterest,HeatPumpInterest,GreenEnergySubscription,PaperlessInvoice,ComplaintCountLast24M,ChurnRiskScore,CustomerLifetimeValueEUR,PreferredContactChannel,City,PostalCode,NumberOfEmployees,IndustryCode,LegalForm,Superuser
eff170a6-a999-48f2-a186-4f25d616f258,eva.kralova@example.sk,10042881,ZA-104-882,,FALSE,3/14/2021 9:22:00,3/14/2021 9:22:00,Household,Digital household,Electricity + Gas,Online Domov Duo,DD2-DOM,Zilina,24ZSS1048820001Q,ELM884201,TRUE,Monthly,4/30/2026 8:12:00,18342,3120,576,12/31/2026 0:00:00,Email,Monthly,4/30/2026 0:00:00,82,0,Direct debit,TRUE,0,FALSE,82,TRUE,5/13/2026 9:15:00,eZona web,,TRUE,TRUE,TRUE,1,0,0,2/12/2026 11:05:00,Meter reading,3,6,FALSE,FALSE,FALSE,TRUE,0,2,1840,Email,Zilina,01001,,,,TRUE
2d57e1f9-42a6-4c4e-9f0e-cd12b4e6af3a,martin.benko@example.sk,10077219,BB-772-119,,FALSE,10/2/2020 14:41:00,10/2/2020 14:41:00,Household,Solar interest,Electricity,Elektrina Domov,DD5-SOLAR,Banska Bystrica,24ZSS7721190001K,ELM772119,TRUE,Monthly,4/29/2026 16:30:00,30491,5280,0,12/31/2026 0:00:00,Email,Monthly,4/30/2026 0:00:00,126.4,126.4,Card,FALSE,1,FALSE,119,TRUE,5/12/2026 18:44:00,"eZona web, mobile web",iOS,TRUE,TRUE,TRUE,2,1,1,4/18/2026 10:20:00,Solar consultation,9,8,TRUE,TRUE,FALSE,TRUE,1,4,2760,Email,Banska Bystrica,97401,,,,TRUE
77dbe8aa-8f73-49b4-b25e-18ef0f04f8b7,lucia.urbanova@example.sk,20044190,MT-441-901,ADM-441-000,TRUE,6/22/2019 8:10:00,6/22/2019 8:10:00,Business,SME multi-site,Electricity + Gas,Firma Energia Plus,B2B-DUO,Martin,24ZSS4419010001P,ELM441901,TRUE,Monthly,4/30/2026 7:40:00,99240,17160,2520,12/31/2026 0:00:00,Email,Monthly,4/30/2026 0:00:00,438.2,438.2,Bank transfer,FALSE,0,TRUE,440,TRUE,5/11/2026 13:08:00,"eZona web, API",,TRUE,FALSE,TRUE,3,1,1,4/20/2026 9:35:00,Deposit change,6,7,FALSE,FALSE,TRUE,TRUE,0,3,7680,Email,Martin,03601,18,471100,s.r.o.,TRUE
cbcac63f-1947-46e8-bfa7-d23860888fed,peter.tothova4@gmail.com,10193641,PX-104-537,,FALSE,3/13/2018 6:54:00,3/13/2018 6:54:00,Household,Green energy,Electricity + Gas,Online Domov Duo,VS-ELE,Prievidza,24ZSS2105088338K,ELM763925,TRUE,Monthly,3/26/2026 14:09:00,42681,4579,712,12/31/2026 0:00:00,Email,Annual,4/30/2026 0:00:00,80.03,184.06,Direct debit,TRUE,1,TRUE,93.64,TRUE,8/4/2025 11:07:00,eZona web,Android,FALSE,FALSE,TRUE,3,2,1,2/17/2025 11:56:00,Deposit change,3,8,FALSE,TRUE,TRUE,FALSE,1,3,2961.11,eZona message,Prievidza,97101,,,,TRUE
e61ec64d-5e68-4aa0-8305-3779560df3d6,lenka.polak5@example.sk,17509339,RX-105-561,,FALSE,2/24/2026 20:11:00,2/24/2026 20:11:00,Household,Senior assisted,Electricity,Elektrina Domov,B2B-ELE,Ruzomberok,24ZSS7013579971K,ELM420957,FALSE,Annual,4/25/2026 6:57:00,30964,2249,0,12/31/2026 0:00:00,Post,Quarterly,4/30/2026 0:00:00,31.43,0,Direct debit,TRUE,0,FALSE,26.7,FALSE,,,,TRUE,FALSE,FALSE,2,3,4,,Move contract,3,6,FALSE,FALSE,FALSE,FALSE,1,6,1162.91,Phone,Ruzomberok,03401,,,,FALSE
1cbe4db3-25c6-4394-aa16-e4359330dd86,peter.marekova6@post.sk,14095839,MX-106-211,,FALSE,9/8/2020 0:52:00,9/8/2020 0:52:00,Household,Senior assisted,Gas,Plyn Domov,DD1-DOM,Martin,24ZSS4543302258K,GAS401463,TRUE,Monthly,4/21/2026 10:55:00,25410,0,249,12/31/2026 0:00:00,Email,Annual,4/30/2026 0:00:00,61.7,135.58,Direct debit,TRUE,3,FALSE,66.08,TRUE,2/28/2025 17:40:00,"eZona web, API",,TRUE,FALSE,FALSE,1,0,3,2/5/2025 7:01:00,Invoice copy,4,5,FALSE,TRUE,FALSE,FALSE,1,10,2406.3,Email,Martin,03601,,,,TRUE
8e3c6c50-0a04-403c-b0f0-36b55b58a35e,peter.kollarova7@gmail.com,13890871,LM-107-112,,FALSE,4/26/2021 12:17:00,4/26/2021 12:17:00,Household,Digital household,Gas,Plyn Komfort,DD1-DOM,Liptovsky Mikulas,24ZSS1940231652Q,GAS952512,FALSE,Annual,4/18/2026 23:23:00,13951,0,604,12/31/2026 0:00:00,Email,Quarterly,4/30/2026 0:00:00,84.22,190.79,Direct debit,TRUE,3,FALSE,75.05,FALSE,,,,TRUE,TRUE,TRUE,0,0,0,,Move contract,2,2,FALSE,TRUE,TRUE,FALSE,0,8,6063.84,SMS,Liptovsky Mikulas,03101,,,,FALSE
8662ac1e-0a8c-436f-a776-a2c724090b1d,ivana.kollarova8@example.sk,13398600,RX-108-372,,FALSE,11/3/2019 15:46:00,11/3/2019 15:46:00,Household,Price sensitive,Gas,Plyn Komfort,VS-ELE,Ruzomberok,24ZSS1669700067Q,GAS803251,FALSE,Quarterly,4/25/2026 15:19:00,16628,0,1452,12/31/2026 0:00:00,Email,Annual,4/30/2026 0:00:00,105.86,0,Direct debit,FALSE,0,FALSE,112.01,TRUE,4/14/2026 10:47:00,"eZona web, API",Android,TRUE,FALSE,FALSE,2,1,0,,Deposit change,1,3,FALSE,FALSE,TRUE,TRUE,0,2,2117.2,Email,Ruzomberok,03401,,,,TRUE
30db5f23-a623-4969-84d1-542ba5760221,natalia.fedorova9@energia-client.sk,28243322,TX-109-996,ADM-992-781,TRUE,4/3/2022 12:07:00,4/3/2022 12:07:00,Business,Industrial,Electricity + Gas,Duo Komfort,DD5-SOLAR,Trencin,24ZSS3125427730P,ELM857431,TRUE,Monthly,5/4/2026 20:33:00,85374,39385,1561,12/31/2026 0:00:00,Post,Quarterly,4/30/2026 0:00:00,296.34,0,Postal order,FALSE,4,FALSE,346.09,FALSE,,,,FALSE,TRUE,TRUE,2,2,0,,Solar consultation,4,8,FALSE,FALSE,FALSE,FALSE,0,7,19854.78,SMS,Trencin,91101,9,561000,s.r.o.,FALSE
15d83167-f7da-44f8-832c-da629d88a460,michal.marekova10@azet.sk,19228190,MX-110-411,,FALSE,8/10/2021 21:54:00,8/10/2021 21:54:00,Household,Solar interest,Electricity,Verejna Sprava Elektrina,VS-ELE,Martin,24ZSS6985374870M,ELM171744,TRUE,Monthly,3/28/2026 17:01:00,18495,3736,0,12/31/2026 0:00:00,Post,Monthly,4/30/2026 0:00:00,33.71,93.33,Direct debit,FALSE,1,FALSE,32.03,FALSE,,,,TRUE,TRUE,FALSE,0,1,1,,Solar consultation,10,6,FALSE,FALSE,FALSE,FALSE,0,4,910.17,Phone,Martin,03601,,,,FALSE
c52f7bf2-654a-4cc1-aca0-8df3388cce2f,daniel.simekova11@municipal.sk,29857944,CX-111-832,ADM-662-640,FALSE,3/9/2025 6:05:00,3/9/2025 6:05:00,Business,Industrial,Gas,Firma Plyn Plus,B2B-ELE,Cadca,24ZSS6488942970P,GAS122524,TRUE,Monthly,3/5/2026 17:21:00,214813,0,1466,12/31/2026 0:00:00,Email,Annual,4/30/2026 0:00:00,296.63,164.25,Direct debit,TRUE,0,FALSE,314.9,TRUE,7/13/2025 11:47:00,"eZona web, mobile web",,FALSE,FALSE,TRUE,4,0,1,2/20/2026 16:23:00,Deposit change,4,4,FALSE,FALSE,FALSE,TRUE,1,5,18984.32,Email,Cadca,02201,86,852000,zivnostnik,TRUE
59541186-ded7-4f2b-b136-a597423e9f47,veronika.kral12@municipal.sk,28516581,TX-112-498,,TRUE,1/29/2021 5:07:00,1/29/2021 5:07:00,Business,Retail services,Electricity,Elektrina Domov,B2B-GAS,Trencin,24ZSS7240814971Q,ELM513969,TRUE,Monthly,3/13/2026 15:24:00,114134,117336,0,12/31/2026 0:00:00,Email,Monthly,4/30/2026 0:00:00,76.29,35.62,Postal order,FALSE,0,FALSE,64.83,TRUE,7/24/2025 17:58:00,"eZona web, API",,FALSE,FALSE,FALSE,0,0,1,7/25/2025 3:14:00,Move contract,3,10,FALSE,FALSE,FALSE,TRUE,1,4,4348.53,Phone,Trencin,91101,36,861000,s.r.o.,FALSE
970dc558-9a61-40bb-b104-e1803d5e47ba,andrea.tothova13@example-business.sk,27887821,PX-113-405,,TRUE,9/4/2018 12:46:00,9/4/2018 12:46:00,Business,Small business,Electricity,Verejna Sprava Elektrina,B2B-DUO,Prievidza,24ZSS1682000482M,ELM497212,TRUE,Monthly,4/6/2026 20:55:00,131328,46388,0,12/31/2026 0:00:00,Email,Quarterly,4/30/2026 0:00:00,72.81,72.79,Bank transfer,FALSE,0,FALSE,78.19,FALSE,,,,FALSE,TRUE,FALSE,0,1,0,,Solar consultation,0,8,FALSE,FALSE,FALSE,FALSE,0,1,2985.21,Email,Prievidza,97101,27,682000,obec,FALSE
04f60b3a-12f0-4158-84a5-d7c9ee15eb4a,natalia.bartosova14@azet.sk,19298913,ZX-114-879,,FALSE,1/17/2018 9:20:00,1/17/2018 9:20:00,Household,Green energy,Gas,Plyn Komfort,DD1-DOM,Zilina,24ZSS6663880531P,GAS262747,TRUE,Monthly,4/18/2026 5:48:00,40279,0,391,12/31/2026 0:00:00,Email,Monthly,4/30/2026 0:00:00,47.51,0,Card,FALSE,0,FALSE,45.05,TRUE,3/16/2026 7:23:00,eZona web,,TRUE,TRUE,TRUE,2,2,0,7/5/2025 22:29:00,Tariff consultation,4,3,FALSE,FALSE,TRUE,TRUE,4,1,1615.34,eZona message,Zilina,01001,,,,TRUE
3fbd6357-38b5-4383-bd3c-7d130894f776,jana.mikulas15@post.sk,18253137,ZX-115-123,,FALSE,4/19/2018 23:29:00,4/19/2018 23:29:00,Household,Price sensitive,Electricity,Elektrina Domov,B2B-DUO,Zvolen,24ZSS7352949334P,ELM289473,FALSE,Quarterly,5/2/2026 15:32:00,30513,4790,0,12/31/2026 0:00:00,Email,Quarterly,4/30/2026 0:00:00,49.91,0,Direct debit,FALSE,0,FALSE,49.55,TRUE,12/8/2025 8:11:00,"eZona web, API",,FALSE,TRUE,FALSE,5,1,2,3/29/2025 17:23:00,Move contract,0,9,FALSE,TRUE,TRUE,TRUE,0,5,1247.75,Email,Zvolen,96001,,,,FALSE
c20edf0b-fddc-494a-9202-bf5edf62e4f9,miroslav.urban16@post.sk,18945300,TX-116-242,,FALSE,4/14/2021 14:57:00,4/14/2021 14:57:00,Household,Standard household,Gas,Plyn Domov,B2B-DUO,Trencin,24ZSS6748894303K,GAS190225,TRUE,Monthly,3/7/2026 15:28:00,37191,0,1919,12/31/2026 0:00:00,Post,Monthly,4/30/2026 0:00:00,124.55,0,Direct debit,FALSE,0,FALSE,110.9,TRUE,8/17/2025 0:16:00,mobile web,iOS,TRUE,FALSE,TRUE,0,1,3,,Tariff consultation,0,6,FALSE,TRUE,FALSE,FALSE,0,3,2241.9,Phone,Trencin,91101,,,,FALSE
9dbe556b-1d93-430f-9184-4cdf25a9b77e,juraj.kovac17@post.sk,13775735,CX-117-188,,FALSE,3/20/2019 14:06:00,3/20/2019 14:06:00,Household,Standard household,Electricity + Gas,Online Domov Duo,B2B-GAS,Cadca,24ZSS2007180894Q,ELM649565,FALSE,Annual,4/19/2026 14:05:00,8869,3346,895,12/31/2026 0:00:00,Email,Quarterly,4/30/2026 0:00:00,119.86,0,Direct debit,FALSE,1,FALSE,131.71,TRUE,2/25/2025 13:07:00,mobile web,iOS,TRUE,TRUE,TRUE,3,3,1,4/15/2025 3:17:00,Tariff consultation,2,9,FALSE,TRUE,FALSE,TRUE,1,7,8030.62,SMS,Cadca,02201,,,,TRUE
1095f780-00e8-4f73-828d-38a90269d13c,daniel.simekova18@example.sk,19087448,PX-118-383,,FALSE,8/15/2024 18:44:00,8/15/2024 18:44:00,Household,Digital household,Gas,Firma Plyn Plus,DD1-DOM,Poprad,24ZSS4751114979K,GAS147230,TRUE,Monthly,3/1/2026 16:42:00,33516,0,1340,12/31/2026 0:00:00,Email,Monthly,4/30/2026 0:00:00,116.7,0,Direct debit,TRUE,1,FALSE,100.39,TRUE,2/28/2026 19:47:00,"eZona web, API",iOS,TRUE,FALSE,TRUE,5,3,1,4/7/2026 10:59:00,Complaint,6,6,FALSE,TRUE,FALSE,FALSE,0,5,5718.3,SMS,Poprad,05801,,,,TRUE
5d818eb9-2b33-4e4a-8bb1-4a38cc983150,simona.varga19@azet.sk,16145505,RX-119-756,,FALSE,11/24/2022 8:30:00,11/24/2022 8:30:00,Household,Digital household,Gas,Firma Plyn Plus,B2B-DUO,Ruzomberok,24ZSS1064163866K,GAS151065,FALSE,Annual,3/5/2026 4:36:00,42647,0,896,12/31/2026 0:00:00,Email,Annual,4/30/2026 0:00:00,105.28,13.04,Direct debit,TRUE,0,FALSE,91.53,TRUE,8/11/2025 2:47:00,eZona web,,TRUE,TRUE,TRUE,1,1,0,9/3/2025 2:43:00,Move contract,6,4,FALSE,FALSE,TRUE,TRUE,1,3,3790.08,Phone,Ruzomberok,03401,,,,TRUE
3ad90e08-3bc9-4067-b62a-646956a9ace6,miroslav.varga20@example.sk,12175627,MX-120-301,,FALSE,2/3/2021 5:58:00,2/3/2021 5:58:00,Household,Senior assisted,Gas,Plyn Komfort,B2B-DUO,Martin,24ZSS7500784279M,GAS767553,FALSE,Annual,3/27/2026 4:27:00,24854,0,1646,12/31/2026 0:00:00,Post,Quarterly,4/30/2026 0:00:00,134.53,0,Direct debit,TRUE,3,FALSE,115.48,FALSE,,,,FALSE,FALSE,TRUE,2,3,0,,Meter reading,3,5,FALSE,FALSE,FALSE,FALSE,1,7,7533.68,Phone,Martin,03601,,,,FALSE
72ce3033-5f40-4b5d-b325-1b35640e283b,zuzana.simekova21@gmail.com,12273994,RX-121-805,,FALSE,3/25/2026 19:12:00,3/25/2026 19:12:00,Household,Price sensitive,Electricity,Verejna Sprava Elektrina,B2B-ELE,Ruzomberok,24ZSS8388470214K,ELM891465,TRUE,Monthly,3/29/2026 12:18:00,39961,8082,0,12/31/2026 0:00:00,Email,Quarterly,4/30/2026 0:00:00,71.54,0,Direct debit,TRUE,0,FALSE,67.74,FALSE,,,,TRUE,FALSE,TRUE,5,0,0,2/4/2026 17:09:00,Contact support,5,10,FALSE,FALSE,FALSE,FALSE,0,4,2003.12,Phone,Ruzomberok,03401,,,,FALSE
4e6c76a8-3ce3-4e1c-a00d-53a0217dbab1,katarina.varga22@gmail.com,10048546,PX-122-886,,FALSE,2/6/2019 3:33:00,2/6/2019 3:33:00,Household,Standard household,Electricity + Gas,Online Domov Duo,B2B-ELE,Poprad,24ZSS2360778524K,ELM631817,TRUE,Monthly,4/20/2026 23:22:00,24604,8702,1062,12/31/2026 0:00:00,Email,Monthly,4/30/2026 0:00:00,125.06,0,Direct debit,FALSE,0,FALSE,139.44,FALSE,,,,TRUE,TRUE,TRUE,2,1,0,2/26/2025 11:55:00,Contact support,4,10,FALSE,TRUE,TRUE,FALSE,1,4,4752.28,eZona message,Poprad,05801,,,,FALSE
9dadfc9f-3916-4e42-a59e-b98da6ed7836,juraj.polak23@gmail.com,15881760,LM-123-315,,FALSE,7/10/2025 3:02:00,7/10/2025 3:02:00,Household,Solar interest,Electricity,Elektrina Domov,B2B-DUO,Liptovsky Mikulas,24ZSS7635524040K,ELM886489,TRUE,Monthly,3/16/2026 22:16:00,15747,8276,0,12/31/2026 0:00:00,Email,Annual,4/30/2026 0:00:00,66.57,11.46,Direct debit,TRUE,0,FALSE,68.35,TRUE,11/30/2025 6:25:00,"eZona web, mobile web",,TRUE,FALSE,TRUE,1,0,1,2/2/2026 4:49:00,Invoice copy,9,10,FALSE,TRUE,FALSE,TRUE,1,6,3994.2,SMS,Liptovsky Mikulas,03101,,,,TRUE
3c09a165-ef0b-485e-a9dc-5b9fd1280b95,veronika.fedorova24@post.sk,16294259,LM-124-506,,FALSE,11/26/2020 2:57:00,11/26/2020 2:57:00,Household,Green energy,Gas,Plyn Komfort,B2B-DUO,Liptovsky Mikulas,24ZSS2600314376M,GAS535582,FALSE,Quarterly,4/12/2026 12:28:00,47089,0,1761,12/31/2026 0:00:00,Post,Quarterly,4/30/2026 0:00:00,159.86,391.25,Direct debit,TRUE,1,TRUE,154.72,TRUE,5/11/2026 11:05:00,mobile web,,TRUE,TRUE,TRUE,1,3,0,2/21/2026 1:51:00,Tariff consultation,2,4,FALSE,FALSE,TRUE,FALSE,1,4,5435.24,SMS,Liptovsky Mikulas,03101,,,,TRUE
65f6d869-8c8f-49c7-945c-454301cf7da4,veronika.simekova25@example.sk,12875723,TX-125-429,,FALSE,7/7/2022 11:55:00,7/7/2022 11:55:00,Household,High consumption,Electricity,Verejna Sprava Elektrina,DD2-DOM,Trencin,24ZSS3033316421P,ELM683006,TRUE,Monthly,3/6/2026 21:51:00,40272,2237,0,12/31/2026 0:00:00,Email,Quarterly,4/30/2026 0:00:00,47.43,0,Direct debit,FALSE,0,FALSE,40.51,TRUE,6/25/2025 16:07:00,"eZona web, mobile web",,FALSE,FALSE,TRUE,3,3,0,11/27/2025 23:52:00,Tariff consultation,6,5,TRUE,FALSE,FALSE,FALSE,0,2,3414.96,eZona message,Trencin,91101,,,,TRUE
945338ad-527c-499b-a575-cd8792867f46,daniel.mikulas26@azet.sk,17053574,MX-126-777,,FALSE,2/22/2021 20:29:00,2/22/2021 20:29:00,Household,High consumption,Electricity + Gas,Online Domov Duo,DMP1-PLYN,Martin,24ZSS7408776321M,ELM324506,TRUE,Monthly,3/19/2026 3:57:00,18492,7559,1092,12/31/2026 0:00:00,Email,Monthly,4/30/2026 0:00:00,120.5,79.5,Card,FALSE,0,FALSE,106.11,FALSE,,,,TRUE,FALSE,FALSE,5,0,0,3/31/2026 5:50:00,Contact support,0,10,TRUE,FALSE,FALSE,FALSE,1,5,6989,SMS,Martin,03601,,,,FALSE
3e8aa624-efbf-44fe-89cd-99db0d0321ff,andrea.danko27@example-business.sk,22651071,RX-127-401,ADM-385-177,TRUE,9/10/2020 7:06:00,9/10/2020 7:06:00,Business,Retail services,Electricity + Gas,Firma Energia Plus,DD2-DOM,Ruzomberok,24ZSS9212815209Q,ELM281547,TRUE,Monthly,3/7/2026 6:31:00,212115,16468,10106,12/31/2026 0:00:00,Email,Quarterly,4/30/2026 0:00:00,754.96,0,Direct debit,TRUE,1,FALSE,654.23,TRUE,1/7/2025 20:49:00,eZona web,,TRUE,FALSE,FALSE,1,2,1,3/30/2025 1:57:00,Solar consultation,6,3,FALSE,FALSE,TRUE,TRUE,1,3,14344.24,Phone,Ruzomberok,03401,15,561000,obec,TRUE
f87e4af1-7fa8-4faa-b5ff-2e25c95ceba3,tomas.danko28@municipal.sk,23487979,PX-128-321,ADM-137-106,TRUE,7/1/2023 23:20:00,7/1/2023 23:20:00,Business,Public sector,Gas,Plyn Domov,DD5-SOLAR,Prievidza,24ZSS2273691431Q,GAS367764,TRUE,Monthly,4/14/2026 4:34:00,226130,0,4750,12/31/2026 0:00:00,Email,Monthly,4/30/2026 0:00:00,396.25,0,Direct debit,TRUE,0,FALSE,392.68,TRUE,1/2/2026 14:04:00,eZona web,iOS,FALSE,TRUE,FALSE,4,0,1,,Move contract,4,5,FALSE,FALSE,FALSE,TRUE,0,4,19812.5,Email,Prievidza,97101,2,493200,a.s.,TRUE
84f33172-48eb-46b3-a2ca-57a3cedbeb4e,marek.gregorova29@energia-client.sk,26615431,CX-129-541,,TRUE,7/8/2019 20:18:00,7/8/2019 20:18:00,Business,Industrial,Electricity + Gas,Online Domov Duo,B2B-GAS,Cadca,24ZSS2549116147Q,ELM374998,FALSE,Quarterly,3/28/2026 2:58:00,122077,89390,13300,12/31/2026 0:00:00,Email,Quarterly,4/30/2026 0:00:00,872.48,0,Direct debit,TRUE,0,FALSE,778.46,TRUE,3/10/2025 19:36:00,mobile web,,TRUE,FALSE,TRUE,3,1,1,,Invoice copy,5,8,FALSE,FALSE,TRUE,TRUE,1,3,17449.6,Email,Cadca,02201,105,861000,zivnostnik,TRUE
7c05edf6-657e-4fbf-918d-c6298f779a9c,daniel.gregorova30@energia-client.sk,27072223,ZX-130-830,ADM-198-244,FALSE,4/25/2019 2:59:00,4/25/2019 2:59:00,Business,Public sector,Gas,Firma Plyn Plus,DD5-SOLAR,Zilina,24ZSS1206121868M,GAS654933,TRUE,Monthly,4/1/2026 13:33:00,213104,0,11387,12/31/2026 0:00:00,Email,Annual,4/30/2026 0:00:00,716.29,180.12,Direct debit,TRUE,0,FALSE,826.32,TRUE,4/10/2025 15:59:00,mobile web,,TRUE,FALSE,TRUE,2,3,1,3/13/2026 6:04:00,Deposit change,5,6,FALSE,FALSE,FALSE,TRUE,1,4,40112.24,SMS,Zilina,01001,22,471100,neziskova organizacia,TRUE
ec976338-6bf7-4546-88d1-53d8c59d9f0b,marek.simekova31@example.sk,16057521,ZX-131-170,,FALSE,11/5/2023 16:45:00,11/5/2023 16:45:00,Household,Standard household,Gas,Plyn Komfort,B2B-DUO,Zvolen,24ZSS2143974109K,GAS164178,FALSE,Quarterly,3/19/2026 14:57:00,8596,0,1016,12/31/2026 0:00:00,Post,Quarterly,4/30/2026 0:00:00,120.88,156.4,Direct debit,FALSE,1,TRUE,99.69,TRUE,3/7/2026 12:39:00,"eZona web, mobile web",,FALSE,FALSE,FALSE,1,3,1,6/24/2025 18:33:00,Deposit change,2,2,FALSE,TRUE,FALSE,FALSE,0,5,4714.32,SMS,Zvolen,96001,,,,FALSE
d7d21c5f-2c36-411e-87a0-bd529a8ca4b4,peter.balaz32@azet.sk,16559979,LM-132-490,,FALSE,6/18/2018 23:25:00,6/18/2018 23:25:00,Household,Senior assisted,Gas,Plyn Domov,B2B-DUO,Liptovsky Mikulas,24ZSS5288590744Q,GAS244440,TRUE,Monthly,3/30/2026 5:05:00,2595,0,1783,12/31/2026 0:00:00,Post,Quarterly,4/30/2026 0:00:00,140.07,113.11,Postal order,FALSE,1,FALSE,130.2,FALSE,,,,TRUE,TRUE,FALSE,5,0,0,,Deposit change,7,6,FALSE,FALSE,FALSE,FALSE,1,4,6303.15,Email,Liptovsky Mikulas,03101,,,,FALSE
3b710dcc-25a0-44dc-871c-92aba1c27272,ivana.kovac33@post.sk,17514160,TX-133-455,,FALSE,5/17/2023 23:16:00,5/17/2023 23:16:00,Household,Solar interest,Electricity,Elektrina Online,DD2-DOM,Trencin,24ZSS1908010255K,ELM950053,TRUE,Monthly,5/6/2026 10:52:00,9055,3142,0,12/31/2026 0:00:00,Email,Quarterly,4/30/2026 0:00:00,73.6,0,Postal order,FALSE,1,FALSE,64.33,TRUE,6/26/2025 21:51:00,eZona web,Android,FALSE,TRUE,TRUE,1,2,0,4/24/2026 14:38:00,Deposit change,9,8,FALSE,FALSE,FALSE,TRUE,1,1,4710.4,SMS,Trencin,91101,,,,TRUE
2bd4d0d1-d68b-4535-93d9-1529714f4db8,michal.kovac34@gmail.com,12713221,BB-134-693,,FALSE,2/5/2022 22:28:00,2/5/2022 22:28:00,Household,Standard household,Electricity,Firma Elektrina Plus,B2B-GAS,Banska Bystrica,24ZSS6008946041Q,ELM766871,TRUE,Monthly,3/31/2026 7:04:00,35764,7071,0,12/31/2026 0:00:00,Email,Annual,4/30/2026 0:00:00,40.34,0,Direct debit,TRUE,0,FALSE,42.14,FALSE,,,,TRUE,FALSE,FALSE,4,3,1,2/12/2026 15:57:00,Meter reading,3,10,TRUE,FALSE,FALSE,FALSE,1,2,1815.3,eZona message,Banska Bystrica,97401,,,,FALSE
a76c5c9e-725e-414d-a8fb-30240b5a7f4a,simona.kovac35@azet.sk,15957685,TX-135-495,,FALSE,11/25/2023 17:29:00,11/25/2023 17:29:00,Household,Digital household,Electricity + Gas,Duo Komfort,DD1-DOM,Trencin,24ZSS9324299389K,ELM121129,TRUE,Monthly,4/22/2026 1:13:00,37682,7830,1219,12/31/2026 0:00:00,Email,Monthly,4/30/2026 0:00:00,138.53,0,Direct debit,TRUE,0,FALSE,161.71,FALSE,,,,FALSE,TRUE,TRUE,5,2,1,3/20/2025 5:21:00,Solar consultation,4,10,FALSE,TRUE,TRUE,FALSE,4,6,3324.72,SMS,Trencin,91101,,,,FALSE
005fdbc6-626f-433c-a19c-4827990fbf9c,katarina.bartosova36@example-business.sk,24790717,BB-136-339,,TRUE,5/18/2025 4:10:00,5/18/2025 4:10:00,Business,Hospitality,Electricity,Elektrina Domov,B2B-DUO,Banska Bystrica,24ZSS2474668825M,ELM438244,FALSE,Quarterly,3/8/2026 16:16:00,205893,71061,0,12/31/2026 0:00:00,Post,Annual,4/30/2026 0:00:00,205.5,0,Direct debit,TRUE,0,FALSE,200.67,TRUE,2/1/2026 23:17:00,eZona web,Android,TRUE,TRUE,FALSE,0,0,1,,Complaint,3,8,FALSE,FALSE,FALSE,FALSE,1,5,5548.5,eZona message,Banska Bystrica,97401,44,620100,zivnostnik,FALSE
1e98e698-be85-4012-9b98-d5324aa0bfb4,veronika.kovac37@post.sk,18626415,BB-137-342,,FALSE,10/28/2024 22:08:00,10/28/2024 22:08:00,Household,Price sensitive,Electricity,Elektrina Online,B2B-ELE,Banska Bystrica,24ZSS6940341713M,ELM959600,TRUE,Monthly,3/18/2026 22:14:00,7773,7983,0,12/31/2026 0:00:00,Email,Annual,4/30/2026 0:00:00,72.52,0,Postal order,FALSE,0,FALSE,81.33,TRUE,2/11/2026 17:09:00,"eZona web, API",Android,FALSE,FALSE,TRUE,1,1,1,,Meter reading,4,9,FALSE,FALSE,FALSE,FALSE,1,5,2538.2,eZona message,Banska Bystrica,97401,,,,TRUE
21423ef6-a548-4105-813d-69481b2fb862,andrea.kral38@post.sk,10168888,BB-138-692,,FALSE,4/8/2025 17:18:00,4/8/2025 17:18:00,Household,Green energy,Electricity,Verejna Sprava Elektrina,DMP1-PLYN,Banska Bystrica,24ZSS4127510617K,ELM729071,TRUE,Monthly,3/28/2026 6:48:00,14377,6739,0,12/31/2026 0:00:00,Email,Monthly,4/30/2026 0:00:00,39.28,85.15,Card,FALSE,1,FALSE,32.62,FALSE,,,,FALSE,FALSE,TRUE,4,1,0,7/8/2025 23:48:00,Contact support,2,10,FALSE,TRUE,FALSE,FALSE,1,6,1689.04,Phone,Banska Bystrica,97401,,,,FALSE
7f611d99-6de7-4895-bee6-bddde83febfb,miroslav.marekova39@municipal.sk,27120421,LM-139-165,,FALSE,10/13/2025 1:55:00,10/13/2025 1:55:00,Business,Small business,Electricity,Firma Elektrina Plus,DMP1-PLYN,Liptovsky Mikulas,24ZSS8196924816Q,ELM181294,TRUE,Monthly,4/24/2026 10:09:00,33556,119930,0,12/31/2026 0:00:00,Post,Annual,4/30/2026 0:00:00,116.79,0,Direct debit,TRUE,1,FALSE,95.96,TRUE,11/28/2025 6:40:00,"eZona web, mobile web",,FALSE,TRUE,TRUE,3,1,0,,Move contract,0,10,TRUE,FALSE,FALSE,FALSE,1,5,5255.55,Email,Liptovsky Mikulas,03101,15,620100,neziskova organizacia,FALSE
0a6b32d2-c647-44f3-b90a-a77f022f671f,robert.varga40@azet.sk,14977010,PX-140-556,,FALSE,9/15/2018 12:38:00,9/15/2018 12:38:00,Household,Solar interest,Gas,Firma Plyn Plus,B2B-ELE,Poprad,24ZSS3567620323M,GAS328250,TRUE,Monthly,3/12/2026 15:19:00,11977,0,1887,12/31/2026 0:00:00,Post,Quarterly,4/30/2026 0:00:00,172.79,473.7,Bank transfer,FALSE,4,TRUE,145.3,FALSE,,,,FALSE,TRUE,FALSE,4,1,1,,Solar consultation,8,5,TRUE,TRUE,TRUE,FALSE,0,6,6220.44,Phone,Poprad,05801,,,,FALSE
5aab7079-a199-4feb-9c56-583234a7baec,lenka.varga41@post.sk,14429971,RX-141-258,,FALSE,11/25/2022 21:25:00,11/25/2022 21:25:00,Household,Green energy,Electricity,Elektrina Online,DD1-DOM,Ruzomberok,24ZSS6339903684M,ELM279131,TRUE,Monthly,4/7/2026 10:22:00,3541,4780,0,12/31/2026 0:00:00,Email,Annual,4/30/2026 0:00:00,40.91,0,Direct debit,TRUE,0,FALSE,42.05,TRUE,7/18/2025 16:28:00,mobile web,Android,FALSE,FALSE,TRUE,1,2,1,3/10/2025 2:10:00,Contact support,6,7,FALSE,FALSE,TRUE,TRUE,1,6,1513.67,SMS,Ruzomberok,03401,,,,TRUE
e4d5ab4b-549a-4860-a011-8e6cd477dbf4,robert.halas42@example.sk,13781520,ZX-142-771,,FALSE,12/19/2018 20:15:00,12/19/2018 20:15:00,Household,Solar interest,Gas,Plyn Domov,DD5-SOLAR,Zvolen,24ZSS5001448442K,GAS814518,TRUE,Monthly,4/8/2026 20:50:00,40499,0,1606,12/31/2026 0:00:00,Post,Monthly,4/30/2026 0:00:00,117.33,45.72,Direct debit,TRUE,0,FALSE,119.26,FALSE,,,,FALSE,TRUE,TRUE,3,1,0,3/12/2026 1:19:00,Meter reading,9,3,TRUE,FALSE,FALSE,FALSE,1,3,5866.5,Email,Zvolen,96001,,,,FALSE
00865537-5e19-42be-842a-783feadddce5,simona.lackova43@example.sk,16081484,RX-143-840,,FALSE,2/8/2021 9:23:00,2/8/2021 9:23:00,Household,Standard household,Electricity + Gas,Online Domov Duo,DMP1-PLYN,Ruzomberok,24ZSS1979450414M,ELM462767,TRUE,Monthly,4/19/2026 9:54:00,12342,6850,294,12/31/2026 0:00:00,Email,Quarterly,4/30/2026 0:00:00,71.47,142.12,Direct debit,TRUE,1,FALSE,63.98,TRUE,4/18/2025 14:48:00,"eZona web, mobile web",Android,TRUE,FALSE,TRUE,4,3,0,1/19/2025 16:05:00,Deposit change,4,8,FALSE,FALSE,FALSE,FALSE,0,3,3430.56,SMS,Ruzomberok,03401,,,,FALSE
526dce20-7d3a-4c9c-8145-7ef121c872ad,juraj.urban44@post.sk,16180613,PX-144-680,,FALSE,1/6/2020 15:36:00,1/6/2020 15:36:00,Household,Price sensitive,Gas,Firma Plyn Plus,VS-ELE,Prievidza,24ZSS6597728459Q,GAS939540,TRUE,Monthly,3/1/2026 22:18:00,6881,0,1912,12/31/2026 0:00:00,Email,Annual,4/30/2026 0:00:00,127.16,0,Direct debit,FALSE,0,FALSE,125.71,TRUE,6/25/2025 17:51:00,eZona web,iOS,TRUE,FALSE,FALSE,3,0,1,5/27/2025 16:01:00,Tariff consultation,0,4,FALSE,FALSE,FALSE,TRUE,0,0,8774.04,SMS,Prievidza,97101,,,,TRUE
5058aa35-f747-4053-abfd-87119df23d41,juraj.balaz45@example.sk,13701996,BB-145-317,,FALSE,9/11/2025 7:14:00,9/11/2025 7:14:00,Household,High consumption,Electricity,Verejna Sprava Elektrina,B2B-DUO,Banska Bystrica,24ZSS3961755856M,ELM691330,TRUE,Monthly,4/29/2026 15:17:00,19692,4449,0,12/31/2026 0:00:00,Email,Quarterly,4/30/2026 0:00:00,60.85,39.11,Direct debit,FALSE,1,FALSE,68.74,TRUE,10/24/2025 13:58:00,mobile web,,TRUE,TRUE,TRUE,1,2,1,,Move contract,3,10,FALSE,TRUE,FALSE,TRUE,0,3,3346.75,SMS,Banska Bystrica,97401,,,,TRUE
587b3432-ae94-49fc-8d21-45d366e58cb4,ivana.fedorova46@municipal.sk,27233955,TX-146-633,ADM-509-848,FALSE,6/12/2022 4:42:00,6/12/2022 4:42:00,Business,Retail services,Electricity + Gas,Duo Komfort,B2B-GAS,Trencin,24ZSS2897751212P,ELM275301,TRUE,Monthly,5/2/2026 23:21:00,168926,66876,1445,12/31/2026 0:00:00,Email,Monthly,4/30/2026 0:00:00,130.18,0,Bank transfer,FALSE,0,FALSE,142.5,TRUE,2/11/2026 21:52:00,eZona web,iOS,TRUE,FALSE,TRUE,1,2,0,11/1/2025 4:54:00,Solar consultation,3,10,FALSE,TRUE,FALSE,TRUE,1,4,4295.94,eZona message,Trencin,91101,39,620100,zivnostnik,TRUE
a9730a0a-0ca4-40be-9404-4320fe0f3d4d,daniel.bartosova47@energia-client.sk,23034348,PX-147-901,ADM-758-102,FALSE,1/23/2020 23:16:00,1/23/2020 23:16:00,Business,Industrial,Electricity + Gas,Online Domov Duo,DD1-DOM,Poprad,24ZSS6185316541P,ELM969871,FALSE,Quarterly,4/9/2026 17:34:00,137595,86843,7009,12/31/2026 0:00:00,Email,Annual,4/30/2026 0:00:00,552,0,Direct debit,FALSE,4,FALSE,515.31,FALSE,,,,FALSE,TRUE,TRUE,3,1,1,,Complaint,7,10,FALSE,FALSE,TRUE,FALSE,1,7,9936,SMS,Poprad,05801,195,256200,neziskova organizacia,FALSE
b2f4d5c7-5327-4d3b-839e-f9e2dc90f682,ivana.mikulas48@energia-client.sk,28246408,ZX-148-577,ADM-273-868,TRUE,8/31/2021 23:05:00,8/31/2021 23:05:00,Business,Hospitality,Electricity,Firma Elektrina Plus,DMP1-PLYN,Zilina,24ZSS1805998526Q,ELM618787,TRUE,Monthly,4/8/2026 12:48:00,161391,8308,0,12/31/2026 0:00:00,Email,Quarterly,4/30/2026 0:00:00,217.58,536.88,Direct debit,TRUE,1,TRUE,208.37,TRUE,8/10/2025 17:06:00,"eZona web, mobile web",Android,TRUE,FALSE,FALSE,5,1,0,3/27/2025 5:53:00,Contact support,0,4,FALSE,FALSE,FALSE,TRUE,3,5,4351.6,Phone,Zilina,01001,20,493200,s.r.o.,TRUE
5706dd52-fa50-4db2-bb6b-e1561f230ad0,monika.kollarova49@example-business.sk,26142561,LM-149-314,ADM-573-648,FALSE,12/1/2024 7:25:00,12/1/2024 7:25:00,Business,Hospitality,Electricity,Verejna Sprava Elektrina,DD2-DOM,Liptovsky Mikulas,24ZSS1208936364Q,ELM598908,FALSE,Annual,3/5/2026 18:18:00,225219,8885,0,12/31/2026 0:00:00,Email,Monthly,4/30/2026 0:00:00,166.69,0,Direct debit,FALSE,0,FALSE,188.09,TRUE,3/13/2026 22:58:00,mobile web,Android,FALSE,FALSE,TRUE,3,0,1,4/21/2026 19:46:00,Move contract,1,6,TRUE,TRUE,FALSE,TRUE,1,5,7667.74,Phone,Liptovsky Mikulas,03101,22,861000,zivnostnik,TRUE
61a6afe1-f42e-4a98-b0c4-c17f67d0a07f,pavol.polak50@post.sk,17433167,MX-150-566,,FALSE,5/9/2021 12:05:00,5/9/2021 12:05:00,Household,Green energy,Electricity + Gas,Duo Komfort,DD1-DOM,Martin,24ZSS5771955845Q,ELM368175,TRUE,Monthly,4/10/2026 0:16:00,42739,4324,1128,12/31/2026 0:00:00,Email,Monthly,4/30/2026 0:00:00,107.86,0,Card,FALSE,0,FALSE,102.69,TRUE,12/29/2025 8:16:00,"eZona web, mobile web",Android,TRUE,TRUE,TRUE,2,1,1,1/2/2025 22:42:00,Solar consultation,4,6,FALSE,FALSE,TRUE,TRUE,1,3,6040.16,SMS,Martin,03601,,,,TRUE
e4c3744e-4ff7-4eab-ae61-2d93b5461c7b,miroslav.mikulas51@gmail.com,19520173,CX-151-172,,FALSE,1/22/2024 18:39:00,1/22/2024 18:39:00,Household,High consumption,Electricity,Elektrina Online,DD5-SOLAR,Cadca,24ZSS4746767949M,ELM410763,TRUE,Monthly,3/24/2026 12:00:00,35218,4988,0,12/31/2026 0:00:00,Post,Annual,4/30/2026 0:00:00,23.95,3.96,Direct debit,TRUE,0,FALSE,27.08,TRUE,4/4/2026 7:24:00,"eZona web, API",,FALSE,TRUE,TRUE,1,1,0,,Meter reading,5,7,FALSE,FALSE,FALSE,FALSE,0,7,1341.2,SMS,Cadca,02201,,,,FALSE
10b6e547-1b2c-41ec-8409-d53235c30448,andrea.kollarova52@azet.sk,13322333,PX-152-444,,FALSE,5/17/2023 4:40:00,5/17/2023 4:40:00,Household,Solar interest,Electricity,Elektrina Domov,DMP1-PLYN,Poprad,24ZSS9395928796P,ELM931944,TRUE,Monthly,3/5/2026 2:28:00,41059,4218,0,12/31/2026 0:00:00,Email,Monthly,4/30/2026 0:00:00,68.8,0,Card,FALSE,0,FALSE,74.94,TRUE,2/25/2025 23:42:00,"eZona web, mobile web",iOS,TRUE,TRUE,FALSE,0,0,0,7/28/2025 19:05:00,Move contract,8,5,FALSE,TRUE,FALSE,TRUE,0,0,2752,SMS,Poprad,05801,,,,TRUE
d77ac35b-ee8f-46d4-9e07-e002c6f9e2c1,andrea.simekova53@post.sk,14743890,CX-153-686,,FALSE,6/29/2020 12:15:00,6/29/2020 12:15:00,Household,Senior assisted,Electricity,Elektrina Online,B2B-ELE,Cadca,24ZSS7151778941Q,ELM274830,FALSE,Quarterly,3/25/2026 18:28:00,24733,3431,0,12/31/2026 0:00:00,Email,Quarterly,4/30/2026 0:00:00,50.65,0,Postal order,FALSE,0,FALSE,50.52,TRUE,4/25/2025 20:18:00,"eZona web, mobile web",iOS,TRUE,FALSE,FALSE,4,1,0,3/11/2025 5:40:00,Tariff consultation,1,9,FALSE,TRUE,TRUE,FALSE,3,2,2177.95,Email,Cadca,02201,,,,TRUE
22a0198d-09d7-4086-a525-b35af193865a,ivana.kollarova54@gmail.com,14546939,PX-154-740,,FALSE,4/11/2024 21:05:00,4/11/2024 21:05:00,Household,Standard household,Electricity + Gas,Firma Energia Plus,B2B-ELE,Prievidza,24ZSS5856564660K,ELM330433,TRUE,Monthly,4/13/2026 22:00:00,7005,8867,1378,12/31/2026 0:00:00,Email,Annual,4/30/2026 0:00:00,129.47,0,Direct debit,TRUE,1,FALSE,107.33,TRUE,2/17/2026 13:04:00,"eZona web, mobile web",,TRUE,FALSE,FALSE,1,2,1,3/2/2025 2:35:00,Invoice copy,0,9,FALSE,FALSE,FALSE,TRUE,0,3,3366.22,eZona message,Prievidza,97101,,,,TRUE
88da710f-0dc2-4bd1-97ee-79d1612be4e5,andrea.simon55@azet.sk,13069731,RX-155-378,,FALSE,9/24/2022 20:08:00,9/24/2022 20:08:00,Household,Digital household,Electricity + Gas,Firma Energia Plus,VS-ELE,Ruzomberok,24ZSS9797782170K,ELM856167,FALSE,Quarterly,3/4/2026 22:58:00,12109,7874,557,12/31/2026 0:00:00,Email,Monthly,4/30/2026 0:00:00,86.13,0,Direct debit,FALSE,0,FALSE,88.82,TRUE,1/23/2025 2:50:00,eZona web,,TRUE,FALSE,TRUE,3,0,1,,Tariff consultation,7,10,FALSE,FALSE,FALSE,TRUE,0,6,2239.38,SMS,Ruzomberok,03401,,,,TRUE
9276fa37-cd14-4c31-9fef-83fb4246cf4b,jana.gregorova56@gmail.com,12564582,ZX-156-166,,FALSE,10/15/2022 15:28:00,10/15/2022 15:28:00,Household,Green energy,Gas,Plyn Komfort,DMP1-PLYN,Zvolen,24ZSS1776554368P,GAS277156,TRUE,Monthly,5/8/2026 6:27:00,15354,0,1243,12/31/2026 0:00:00,Email,Monthly,4/30/2026 0:00:00,136.37,284.16,Postal order,FALSE,1,TRUE,132.15,TRUE,5/10/2025 7:04:00,eZona web,,TRUE,TRUE,TRUE,2,1,1,7/11/2025 5:52:00,Solar consultation,4,4,FALSE,FALSE,TRUE,TRUE,0,6,7636.72,Email,Zvolen,96001,,,,FALSE
56b7f660-ebcf-4fe8-8339-2b83a512965f,juraj.kral57@azet.sk,11532964,TX-157-653,,FALSE,3/4/2019 1:31:00,3/4/2019 1:31:00,Household,Price sensitive,Electricity,Firma Elektrina Plus,VS-ELE,Trencin,24ZSS8860427139K,ELM622168,TRUE,Monthly,3/23/2026 14:02:00,38909,4466,0,12/31/2026 0:00:00,Email,Monthly,4/30/2026 0:00:00,72.85,0,Card,FALSE,1,FALSE,68.86,TRUE,9/18/2025 18:02:00,"eZona web, API",Android,TRUE,FALSE,TRUE,2,1,1,,Move contract,0,9,FALSE,FALSE,FALSE,TRUE,1,7,1457,Phone,Trencin,91101,,,,FALSE
a6685fd3-c193-4655-8a85-1f8948d9d774,miroslav.novakova58@firma.sk,28231326,MX-158-990,ADM-163-103,FALSE,9/11/2023 9:33:00,9/11/2023 9:33:00,Business,SME multi-site,Gas,Plyn Komfort,DD2-DOM,Martin,24ZSS4275920054P,GAS133912,TRUE,Monthly,3/1/2026 18:51:00,208818,0,3489,12/31/2026 0:00:00,Email,Quarterly,4/30/2026 0:00:00,333.9,297.99,Card,FALSE,0,FALSE,358.92,TRUE,11/17/2025 9:07:00,"eZona web, mobile web",iOS,TRUE,TRUE,TRUE,2,0,0,4/1/2025 5:17:00,Invoice copy,5,1,FALSE,FALSE,FALSE,TRUE,5,3,18030.6,Phone,Martin,03601,25,493200,zivnostnik,TRUE
651c9685-e8fc-46fa-b568-eaabfee80b3a,zuzana.kovac59@firma.sk,28817734,PX-159-974,,FALSE,11/10/2025 17:07:00,11/10/2025 17:07:00,Business,Industrial,Electricity + Gas,Online Domov Duo,DD2-DOM,Poprad,24ZSS1541402503K,ELM706518,TRUE,Monthly,4/25/2026 12:08:00,23079,37189,6900,12/31/2026 0:00:00,Email,Quarterly,4/30/2026 0:00:00,568.57,0,Direct debit,TRUE,1,FALSE,472.99,TRUE,2/18/2026 23:55:00,"eZona web, API",Android,FALSE,FALSE,TRUE,4,1,0,,Meter reading,7,5,FALSE,FALSE,FALSE,TRUE,0,4,31839.92,Email,Poprad,05801,233,561000,zivnostnik,TRUE
810c2c08-81aa-4726-af9c-9dc8c1fafe60,natalia.danko60@azet.sk,11958437,PX-160-458,,FALSE,8/7/2025 15:52:00,8/7/2025 15:52:00,Household,High consumption,Electricity + Gas,Online Domov Duo,DD1-DOM,Poprad,24ZSS2473201272M,ELM493978,TRUE,Monthly,4/19/2026 7:12:00,10747,4152,1580,12/31/2026 0:00:00,Email,Quarterly,4/30/2026 0:00:00,111.69,89.85,Direct debit,TRUE,1,FALSE,110.03,TRUE,2/15/2026 17:58:00,mobile web,iOS,FALSE,FALSE,TRUE,3,3,0,7/30/2025 16:44:00,Invoice copy,7,9,FALSE,FALSE,TRUE,TRUE,0,8,2457.18,Email,Poprad,05801,,,,TRUE
1f5a8677-57c8-4d69-aefb-09a5c2498b58,zuzana.gregorova61@municipal.sk,21318075,PX-161-872,,TRUE,3/8/2021 5:16:00,3/8/2021 5:16:00,Business,Industrial,Electricity,Verejna Sprava Elektrina,DMP1-PLYN,Prievidza,24ZSS8397607791Q,ELM258606,FALSE,Annual,3/31/2026 1:55:00,62273,99381,0,12/31/2026 0:00:00,Post,Monthly,4/30/2026 0:00:00,202.88,0,Postal order,FALSE,1,FALSE,223.47,FALSE,,,,TRUE,TRUE,FALSE,5,3,0,12/31/2025 15:40:00,Move contract,0,9,TRUE,FALSE,FALSE,FALSE,0,3,9941.12,eZona message,Prievidza,97101,229,852000,s.r.o.,FALSE
060afd11-0ad2-4c6c-ad2c-d5910e97fb84,samuel.simon62@gmail.com,13027733,CX-162-804,,FALSE,2/12/2024 7:29:00,2/12/2024 7:29:00,Household,Green energy,Electricity,Elektrina Online,DD1-DOM,Cadca,24ZSS9868783834Q,ELM983558,TRUE,Monthly,3/23/2026 17:58:00,40514,2043,0,12/31/2026 0:00:00,Email,Annual,4/30/2026 0:00:00,21.39,0,Direct debit,FALSE,0,FALSE,22.12,TRUE,1/3/2025 16:23:00,"eZona web, API",Android,TRUE,FALSE,TRUE,1,3,0,3/14/2025 17:52:00,Move contract,6,8,FALSE,FALSE,TRUE,TRUE,4,5,919.77,Email,Cadca,02201,,,,TRUE
38da0cec-46fd-4a36-9610-e6bac9050cd3,lenka.kral63@example-business.sk,29106279,ZX-163-919,,FALSE,1/22/2023 15:55:00,1/22/2023 15:55:00,Business,SME multi-site,Electricity,Elektrina Domov,B2B-ELE,Zilina,24ZSS7555206850K,ELM679721,TRUE,Monthly,5/6/2026 13:02:00,81580,29613,0,12/31/2026 0:00:00,Post,Annual,4/30/2026 0:00:00,247.63,156.6,Direct debit,TRUE,0,FALSE,260.36,TRUE,2/15/2025 17:13:00,"eZona web, API",,TRUE,TRUE,TRUE,5,0,3,4/15/2025 17:53:00,Tariff consultation,5,6,FALSE,FALSE,FALSE,FALSE,1,6,9657.57,Phone,Zilina,01001,12,861000,s.r.o.,TRUE
48db07eb-19ca-4b4a-a301-1a2fc83f1f60,katarina.balaz64@example.sk,14591678,RX-164-833,,FALSE,5/24/2022 1:23:00,5/24/2022 1:23:00,Household,Price sensitive,Electricity,Firma Elektrina Plus,B2B-GAS,Ruzomberok,24ZSS9410195432K,ELM493499,FALSE,Quarterly,3/19/2026 23:22:00,44244,6242,0,12/31/2026 0:00:00,Email,Monthly,4/30/2026 0:00:00,30.19,2.41,Direct debit,TRUE,0,FALSE,27.25,TRUE,1/10/2026 19:12:00,"eZona web, mobile web",,TRUE,TRUE,FALSE,1,1,0,12/24/2025 16:11:00,Contact support,4,10,FALSE,FALSE,FALSE,FALSE,0,1,573.61,SMS,Ruzomberok,03401,,,,TRUE
8d2f3ade-948e-4575-a7f9-c963f2ae9450,daniel.balaz65@gmail.com,19854901,RX-165-354,,FALSE,5/12/2022 5:54:00,5/12/2022 5:54:00,Household,Senior assisted,Electricity + Gas,Duo Komfort,B2B-ELE,Ruzomberok,24ZSS4465604143P,ELM416832,TRUE,Monthly,3/3/2026 12:41:00,21058,2655,379,12/31/2026 0:00:00,Email,Annual,4/30/2026 0:00:00,66.35,0,Direct debit,TRUE,0,FALSE,59.79,TRUE,5/15/2025 6:15:00,eZona web,Android,TRUE,FALSE,TRUE,0,1,1,,Contact support,5,3,FALSE,FALSE,FALSE,TRUE,0,2,3715.6,eZona message,Ruzomberok,03401,,,,TRUE
6e10f076-6651-4803-ace3-309328a75216,zuzana.novakova66@gmail.com,16272433,ZX-166-730,,FALSE,6/4/2018 10:07:00,6/4/2018 10:07:00,Household,Green energy,Gas,Plyn Komfort,DMP1-PLYN,Zilina,24ZSS3056795095Q,GAS259041,FALSE,Annual,3/28/2026 23:44:00,4121,0,1168,12/31/2026 0:00:00,Email,Monthly,4/30/2026 0:00:00,89.24,0,Direct debit,TRUE,1,FALSE,93.17,TRUE,7/11/2025 23:28:00,"eZona web, API",,TRUE,TRUE,TRUE,0,1,4,4/5/2026 20:14:00,Contact support,1,2,FALSE,FALSE,TRUE,TRUE,5,6,5800.6,eZona message,Zilina,01001,,,,FALSE
ddc0ff72-c4fd-479b-98ac-08f605e48e63,daniel.fedorova67@municipal.sk,20369233,CX-167-362,,FALSE,2/1/2020 20:07:00,2/1/2020 20:07:00,Business,SME multi-site,Gas,Plyn Domov,VS-ELE,Cadca,24ZSS4849314841K,GAS341753,TRUE,Monthly,3/16/2026 11:12:00,185989,0,4792,12/31/2026 0:00:00,Email,Quarterly,4/30/2026 0:00:00,469.56,0,Bank transfer,FALSE,1,FALSE,396.41,TRUE,5/8/2025 12:40:00,mobile web,,TRUE,FALSE,TRUE,4,1,3,,Solar consultation,7,2,FALSE,FALSE,FALSE,TRUE,0,4,21130.2,SMS,Cadca,02201,1,471100,zivnostnik,TRUE
e88557ab-e8ba-4e9b-82df-0726c7e91559,katarina.novakova68@gmail.com,17822677,MX-168-657,,FALSE,4/7/2025 3:05:00,4/7/2025 3:05:00,Household,High consumption,Gas,Plyn Domov,DD2-DOM,Martin,24ZSS1477709661M,GAS570283,TRUE,Monthly,4/19/2026 2:27:00,4735,0,207,12/31/2026 0:00:00,Email,Monthly,4/30/2026 0:00:00,71.39,0,Bank transfer,FALSE,1,FALSE,65.77,TRUE,5/4/2025 23:21:00,eZona web,,FALSE,FALSE,TRUE,5,3,0,,Solar consultation,5,5,FALSE,FALSE,TRUE,TRUE,1,2,1784.75,Phone,Martin,03601,,,,FALSE
ecca6e9a-8584-42d2-8c90-0874074a96c6,tomas.varga69@gmail.com,18208747,PX-169-141,,FALSE,3/28/2022 14:41:00,3/28/2022 14:41:00,Household,Senior assisted,Electricity + Gas,Firma Energia Plus,DD1-DOM,Poprad,24ZSS2276368759P,ELM315691,TRUE,Monthly,4/19/2026 7:48:00,40766,7273,528,12/31/2026 0:00:00,Post,Monthly,4/30/2026 0:00:00,61.42,0,Direct debit,FALSE,1,FALSE,61.85,FALSE,,,,TRUE,TRUE,FALSE,2,2,1,7/24/2025 4:00:00,Complaint,7,7,FALSE,FALSE,FALSE,FALSE,0,5,4176.56,SMS,Poprad,05801,,,,FALSE
723ec63b-96aa-4c3e-b832-3b0e1129e892,natalia.gregorova70@gmail.com,12517389,ZX-170-593,,FALSE,11/5/2023 4:20:00,11/5/2023 4:20:00,Household,Solar interest,Electricity,Firma Elektrina Plus,DD2-DOM,Zilina,24ZSS2352017160P,ELM250541,FALSE,Quarterly,4/9/2026 2:34:00,28122,4345,0,12/31/2026 0:00:00,Email,Annual,4/30/2026 0:00:00,26.83,0,Bank transfer,FALSE,1,FALSE,22.52,TRUE,3/8/2025 8:43:00,eZona web,Android,FALSE,TRUE,FALSE,5,0,1,,Move contract,8,5,FALSE,FALSE,FALSE,TRUE,3,6,1207.35,Email,Zilina,01001,,,,TRUE
3da58dc5-2eb2-4e28-8884-cf8b55fb3773,michal.marekova71@azet.sk,17470917,RX-171-767,,FALSE,8/4/2022 8:33:00,8/4/2022 8:33:00,Household,Standard household,Electricity + Gas,Duo Komfort,DD5-SOLAR,Ruzomberok,24ZSS4186070254M,ELM202678,TRUE,Monthly,4/5/2026 15:49:00,25137,5135,1125,12/31/2026 0:00:00,Email,Annual,4/30/2026 0:00:00,90.85,0,Direct debit,TRUE,4,FALSE,78.08,TRUE,10/4/2025 4:47:00,eZona web,,FALSE,TRUE,TRUE,5,2,0,2/3/2026 5:02:00,Move contract,0,5,FALSE,TRUE,FALSE,TRUE,1,5,5905.25,Email,Ruzomberok,03401,,,,TRUE
bbf2aacd-4386-419a-a315-dd9ecb4038f7,tomas.bartosova72@gmail.com,14103850,MX-172-358,,FALSE,2/16/2021 11:54:00,2/16/2021 11:54:00,Household,Digital household,Electricity + Gas,Duo Komfort,DD1-DOM,Martin,24ZSS7874321189P,ELM665271,FALSE,Quarterly,3/26/2026 1:06:00,12130,5027,1615,12/31/2026 0:00:00,Email,Annual,4/30/2026 0:00:00,162.78,0,Direct debit,FALSE,0,FALSE,184.3,TRUE,12/11/2025 2:27:00,"eZona web, mobile web",,TRUE,TRUE,FALSE,3,3,0,,Solar consultation,4,5,FALSE,FALSE,FALSE,TRUE,0,3,2930.04,Email,Martin,03601,,,,TRUE
33b96be2-2be0-4d2b-a3d0-066ae0b9fc97,peter.lackova73@post.sk,16402869,PX-173-838,,FALSE,5/14/2023 12:26:00,5/14/2023 12:26:00,Household,Senior assisted,Electricity,Elektrina Online,DD5-SOLAR,Poprad,24ZSS3663322756K,ELM775326,TRUE,Monthly,3/5/2026 16:47:00,7382,7566,0,12/31/2026 0:00:00,Email,Quarterly,4/30/2026 0:00:00,50.44,137.27,Direct debit,TRUE,1,FALSE,47.91,TRUE,7/27/2025 1:42:00,"eZona web, mobile web",,FALSE,TRUE,TRUE,1,1,0,9/19/2025 12:13:00,Deposit change,6,10,FALSE,FALSE,FALSE,TRUE,0,3,1210.56,Email,Poprad,05801,,,,TRUE
815ac600-a20a-4a11-ab20-2e25afd9b129,simona.polak74@post.sk,14962153,PX-174-543,,FALSE,8/24/2021 17:30:00,8/24/2021 17:30:00,Household,Green energy,Gas,Plyn Domov,B2B-ELE,Prievidza,24ZSS9959896855M,GAS235544,FALSE,Annual,4/9/2026 17:52:00,25735,0,146,12/31/2026 0:00:00,Email,Quarterly,4/30/2026 0:00:00,78.03,77.95,Bank transfer,FALSE,2,FALSE,89.18,TRUE,7/1/2025 13:14:00,"eZona web, mobile web",iOS,FALSE,FALSE,TRUE,2,0,1,4/22/2025 15:42:00,Complaint,2,2,FALSE,TRUE,TRUE,TRUE,1,5,5228.01,Phone,Prievidza,97101,,,,TRUE
c35c8708-faa9-4398-a605-1e9496b789d5,marek.kovac75@gmail.com,10131897,MX-175-143,,FALSE,2/18/2022 22:36:00,2/18/2022 22:36:00,Household,Green energy,Gas,Firma Plyn Plus,DD1-DOM,Martin,24ZSS7429432816P,GAS457628,FALSE,Annual,4/13/2026 23:38:00,46358,0,948,12/31/2026 0:00:00,Email,Annual,4/30/2026 0:00:00,75.14,0,Direct debit,TRUE,0,FALSE,71.51,TRUE,8/22/2025 5:05:00,mobile web,,FALSE,FALSE,TRUE,0,0,0,1/28/2025 7:45:00,Tariff consultation,7,1,TRUE,TRUE,TRUE,TRUE,0,2,4358.12,Email,Martin,03601,,,,TRUE
573252e4-90be-420c-82fc-9cba9ec242b1,juraj.bartosova76@post.sk,11311839,LM-176-695,,FALSE,11/30/2020 23:10:00,11/30/2020 23:10:00,Household,Price sensitive,Electricity,Elektrina Online,DD2-DOM,Liptovsky Mikulas,24ZSS1392081032Q,ELM638856,FALSE,Annual,4/29/2026 1:54:00,22676,3445,0,12/31/2026 0:00:00,Email,Quarterly,4/30/2026 0:00:00,27.65,0,Direct debit,FALSE,4,FALSE,30.2,TRUE,12/30/2025 12:52:00,mobile web,Android,TRUE,FALSE,FALSE,5,0,0,,Contact support,5,4,TRUE,FALSE,FALSE,TRUE,3,6,912.45,eZona message,Liptovsky Mikulas,03101,,,,TRUE
4d7717d3-2339-4fff-88c2-6e4636e174e5,robert.bartosova77@energia-client.sk,26265326,ZX-177-845,,FALSE,9/6/2025 3:42:00,9/6/2025 3:42:00,Business,Industrial,Electricity,Elektrina Domov,B2B-ELE,Zvolen,24ZSS6855197711Q,ELM475160,FALSE,Quarterly,5/1/2026 21:27:00,107440,19410,0,12/31/2026 0:00:00,Email,Monthly,4/30/2026 0:00:00,96.69,0,Direct debit,TRUE,1,FALSE,93.15,TRUE,7/5/2025 15:08:00,mobile web,Android,TRUE,FALSE,TRUE,0,2,0,,Move contract,5,4,FALSE,FALSE,FALSE,TRUE,1,5,1837.11,Phone,Zvolen,96001,165,620100,s.r.o.,TRUE
4d35d4db-8a11-4022-91f7-450fb087aceb,lenka.mikulas78@example-business.sk,26889976,RX-178-186,,FALSE,6/23/2018 19:57:00,6/23/2018 19:57:00,Business,Public sector,Electricity + Gas,Online Domov Duo,B2B-GAS,Ruzomberok,24ZSS8633033416P,ELM128409,TRUE,Monthly,3/19/2026 1:01:00,226892,70040,3756,12/31/2026 0:00:00,Email,Annual,4/30/2026 0:00:00,424.89,0,Postal order,FALSE,3,FALSE,432.76,TRUE,1/29/2025 15:41:00,mobile web,,FALSE,TRUE,FALSE,3,3,0,2/21/2026 10:39:00,Deposit change,5,8,TRUE,FALSE,FALSE,TRUE,0,6,9347.58,Phone,Ruzomberok,03401,45,256200,s.r.o.,TRUE
193093a0-5173-48b2-9a04-37e5a7b13d4d,natalia.marekova79@gmail.com,17464444,BB-179-103,,FALSE,9/10/2019 21:05:00,9/10/2019 21:05:00,Household,Green energy,Gas,Firma Plyn Plus,DD1-DOM,Banska Bystrica,24ZSS3120651628P,GAS220590,FALSE,Annual,4/27/2026 6:45:00,37329,0,1535,12/31/2026 0:00:00,Email,Monthly,4/30/2026 0:00:00,140.43,0,Postal order,FALSE,1,FALSE,161.13,TRUE,12/8/2025 17:23:00,eZona web,,TRUE,FALSE,TRUE,2,2,1,2/20/2025 16:06:00,Tariff consultation,0,3,FALSE,FALSE,TRUE,TRUE,1,2,3510.75,Email,Banska Bystrica,97401,,,,TRUE
56fe7b75-c46c-4b81-a7b8-891e5caa8dab,ivana.bartosova80@gmail.com,18665931,LM-180-718,,FALSE,7/22/2025 1:47:00,7/22/2025 1:47:00,Household,Digital household,Electricity,Firma Elektrina Plus,B2B-ELE,Liptovsky Mikulas,24ZSS2839143854P,ELM575979,TRUE,Monthly,3/31/2026 11:17:00,31791,5746,0,12/31/2026 0:00:00,Email,Monthly,4/30/2026 0:00:00,48.09,0,Direct debit,TRUE,0,FALSE,53.14,TRUE,6/2/2025 18:39:00,"eZona web, API",,TRUE,FALSE,TRUE,2,1,1,11/20/2025 7:48:00,Meter reading,7,8,FALSE,TRUE,FALSE,TRUE,0,4,2933.49,Phone,Liptovsky Mikulas,03101,,,,TRUE
1a5d9371-e957-42e8-998d-3345b4efe5ed,natalia.urban81@post.sk,15682413,PX-181-968,,FALSE,1/28/2020 23:59:00,1/28/2020 23:59:00,Household,Digital household,Electricity,Verejna Sprava Elektrina,B2B-ELE,Prievidza,24ZSS6600311138K,ELM275505,FALSE,Quarterly,3/22/2026 7:53:00,25548,6621,0,12/31/2026 0:00:00,Email,Annual,4/30/2026 0:00:00,51.26,0,Direct debit,TRUE,1,FALSE,48.35,TRUE,10/29/2025 4:38:00,eZona web,,FALSE,FALSE,FALSE,0,2,1,,Meter reading,7,10,FALSE,FALSE,FALSE,TRUE,2,4,1435.28,Phone,Prievidza,97101,,,,TRUE
f95afe73-7330-42e4-af35-0827145e7da2,daniel.gregorova82@gmail.com,14468591,PX-182-392,,FALSE,5/10/2025 3:35:00,5/10/2025 3:35:00,Household,Digital household,Electricity + Gas,Online Domov Duo,B2B-DUO,Prievidza,24ZSS7026320007M,ELM908147,TRUE,Monthly,3/12/2026 12:54:00,19621,4308,1192,12/31/2026 0:00:00,Email,Quarterly,4/30/2026 0:00:00,136.38,0,Postal order,FALSE,0,FALSE,130.54,TRUE,9/7/2025 12:45:00,mobile web,,TRUE,TRUE,TRUE,1,2,1,,Contact support,4,7,FALSE,FALSE,TRUE,TRUE,1,2,4636.92,Phone,Prievidza,97101,,,,FALSE
774fd639-5b7c-4f55-9daf-b947f1f8e13a,natalia.bartosova83@gmail.com,19413626,ZX-183-828,,FALSE,9/12/2019 3:55:00,9/12/2019 3:55:00,Household,High consumption,Electricity + Gas,Firma Energia Plus,VS-ELE,Zvolen,24ZSS5783688144M,ELM415059,TRUE,Monthly,3/19/2026 12:51:00,10786,5897,1729,12/31/2026 0:00:00,Email,Quarterly,4/30/2026 0:00:00,133.22,0,Direct debit,TRUE,0,FALSE,124.53,TRUE,7/10/2025 14:04:00,eZona web,iOS,TRUE,TRUE,TRUE,0,0,1,3/13/2026 2:03:00,Move contract,1,6,FALSE,TRUE,TRUE,TRUE,0,0,7327.1,Email,Zvolen,96001,,,,TRUE
5365f3e7-7a5a-4389-9864-0b373ed0bdac,tomas.bartosova84@post.sk,10357930,BB-184-246,,FALSE,10/18/2025 9:40:00,10/18/2025 9:40:00,Household,Price sensitive,Electricity,Elektrina Online,DD2-DOM,Banska Bystrica,24ZSS5770190355M,ELM685898,TRUE,Monthly,5/7/2026 10:50:00,25594,7944,0,12/31/2026 0:00:00,Email,Monthly,4/30/2026 0:00:00,43.51,57.05,Direct debit,TRUE,1,TRUE,49.06,TRUE,12/13/2025 23:34:00,"eZona web, mobile web",iOS,TRUE,TRUE,TRUE,5,3,0,3/10/2026 10:52:00,Move contract,0,10,FALSE,FALSE,FALSE,TRUE,0,5,2871.66,SMS,Banska Bystrica,97401,,,,TRUE
c38b0f7e-c875-41b8-936c-807d60013f5b,daniel.balaz85@post.sk,17435285,LM-185-753,,FALSE,4/26/2025 7:34:00,4/26/2025 7:34:00,Household,Digital household,Electricity + Gas,Firma Energia Plus,VS-ELE,Liptovsky Mikulas,24ZSS7163086471P,ELM252111,TRUE,Monthly,3/14/2026 4:20:00,9601,6545,1316,12/31/2026 0:00:00,Email,Annual,4/30/2026 0:00:00,91.62,115.06,Direct debit,TRUE,1,FALSE,82.95,FALSE,,,,TRUE,FALSE,FALSE,1,0,4,3/24/2026 22:13:00,Solar consultation,1,7,FALSE,FALSE,FALSE,FALSE,0,5,5130.72,Email,Liptovsky Mikulas,03101,,,,FALSE
fbabcde0-089c-43f7-909e-e67cb9ba55d1,natalia.simon86@azet.sk,11074271,CX-186-628,,FALSE,8/26/2023 12:02:00,8/26/2023 12:02:00,Household,Price sensitive,Electricity,Firma Elektrina Plus,B2B-GAS,Cadca,24ZSS5426756056M,ELM320954,FALSE,Annual,3/24/2026 2:18:00,13809,4379,0,12/31/2026 0:00:00,Post,Annual,4/30/2026 0:00:00,36.83,12.91,Bank transfer,FALSE,0,FALSE,35.64,FALSE,,,,TRUE,FALSE,FALSE,3,2,0,,Meter reading,7,7,FALSE,TRUE,FALSE,FALSE,0,3,2136.14,Phone,Cadca,02201,,,,FALSE
7a0b2b1e-82e8-49c7-9a28-f4d4a929ce3b,lenka.horvath87@azet.sk,12525421,BB-187-979,,FALSE,9/21/2024 5:40:00,9/21/2024 5:40:00,Household,Solar interest,Electricity,Elektrina Domov,B2B-DUO,Banska Bystrica,24ZSS9312966250M,ELM839373,TRUE,Monthly,3/23/2026 20:33:00,25816,5774,0,12/31/2026 0:00:00,Post,Quarterly,4/30/2026 0:00:00,75.1,202.84,Bank transfer,FALSE,1,TRUE,86.58,FALSE,,,,TRUE,FALSE,TRUE,1,1,0,7/3/2025 13:42:00,Invoice copy,10,7,FALSE,FALSE,FALSE,FALSE,0,8,2027.7,SMS,Banska Bystrica,97401,,,,FALSE
44e26719-a4b3-4f68-8113-72a40f00ad2c,ivana.varga88@energia-client.sk,27760653,PX-188-945,ADM-173-846,TRUE,4/25/2021 12:53:00,4/25/2021 12:53:00,Business,Hospitality,Electricity,Firma Elektrina Plus,DD5-SOLAR,Poprad,24ZSS7329105604P,ELM844824,TRUE,Monthly,3/17/2026 16:54:00,3896,21649,0,12/31/2026 0:00:00,Email,Annual,4/30/2026 0:00:00,204.11,0,Direct debit,TRUE,1,FALSE,181.89,TRUE,7/18/2025 7:42:00,mobile web,Android,TRUE,FALSE,TRUE,2,0,2,2/26/2025 11:49:00,Complaint,2,3,TRUE,FALSE,FALSE,TRUE,1,2,12858.93,Phone,Poprad,05801,7,256200,obec,FALSE
8f7fca21-cc9d-4399-a00b-e773bb91516b,ivana.polak89@gmail.com,17010268,MX-189-801,,FALSE,1/17/2024 19:34:00,1/17/2024 19:34:00,Household,Standard household,Gas,Plyn Komfort,DD2-DOM,Martin,24ZSS8007900163P,GAS589007,FALSE,Annual,3/1/2026 16:56:00,42054,0,1840,12/31/2026 0:00:00,Email,Monthly,4/30/2026 0:00:00,168.2,0,Bank transfer,FALSE,0,FALSE,162.78,TRUE,11/15/2025 19:18:00,mobile web,,TRUE,FALSE,TRUE,2,0,1,4/23/2026 21:35:00,Invoice copy,1,4,FALSE,FALSE,TRUE,TRUE,1,4,6559.8,Phone,Martin,03601,,,,TRUE
3c3762e9-7e98-4a76-9703-ec321f695048,peter.novakova90@post.sk,13772099,PX-190-525,,FALSE,2/13/2020 8:50:00,2/13/2020 8:50:00,Household,Price sensitive,Gas,Plyn Komfort,B2B-DUO,Prievidza,24ZSS3694816077K,GAS409628,FALSE,Annual,3/15/2026 21:40:00,9960,0,728,12/31/2026 0:00:00,Post,Annual,4/30/2026 0:00:00,101.04,88.26,Postal order,FALSE,0,FALSE,116.82,FALSE,,,,TRUE,FALSE,TRUE,1,0,0,,Invoice copy,3,1,FALSE,FALSE,FALSE,FALSE,1,6,4243.68,Phone,Prievidza,97101,,,,FALSE
6cc033da-d718-4d6c-9fb7-453f25382359,monika.horvath91@azet.sk,19867150,PX-191-240,,FALSE,7/1/2020 13:15:00,7/1/2020 13:15:00,Household,Senior assisted,Gas,Firma Plyn Plus,DD2-DOM,Poprad,24ZSS8636517318Q,GAS766430,TRUE,Monthly,4/12/2026 0:24:00,7353,0,1775,12/31/2026 0:00:00,Post,Monthly,4/30/2026 0:00:00,139.63,266.87,Direct debit,TRUE,5,TRUE,148.26,FALSE,,,,FALSE,TRUE,TRUE,4,2,0,,Deposit change,4,6,FALSE,FALSE,FALSE,FALSE,1,8,6004.09,Phone,Poprad,05801,,,,FALSE
a460ff07-8beb-4075-bd7c-8751aa44ee80,peter.novakova92@gmail.com,16758037,CX-192-501,,FALSE,5/3/2021 22:49:00,5/3/2021 22:49:00,Household,Solar interest,Gas,Plyn Domov,DD1-DOM,Cadca,24ZSS7186576279Q,GAS452429,TRUE,Monthly,4/23/2026 19:53:00,30936,0,452,12/31/2026 0:00:00,Email,Annual,4/30/2026 0:00:00,45.86,71.71,Card,FALSE,2,FALSE,49.47,FALSE,,,,FALSE,FALSE,FALSE,5,1,2,4/24/2025 9:36:00,Invoice copy,9,3,FALSE,FALSE,FALSE,FALSE,0,7,2201.28,Email,Cadca,02201,,,,FALSE
6c783a76-fc5c-4bea-985f-9868170a3246,marek.balaz93@gmail.com,18409331,PX-193-611,,FALSE,2/1/2020 8:34:00,2/1/2020 8:34:00,Household,Digital household,Electricity + Gas,Duo Komfort,B2B-DUO,Poprad,24ZSS2046816069M,ELM211086,TRUE,Monthly,5/6/2026 20:08:00,24924,6688,1235,12/31/2026 0:00:00,Email,Quarterly,4/30/2026 0:00:00,90.2,0,Postal order,FALSE,1,FALSE,98.88,TRUE,5/27/2025 13:33:00,eZona web,iOS,TRUE,FALSE,FALSE,1,3,3,,Complaint,5,10,FALSE,FALSE,FALSE,TRUE,0,4,5412,eZona message,Poprad,05801,,,,TRUE
9ec2e6be-4616-409e-a5ea-5595617a6d0d,pavol.simekova94@post.sk,14248643,PX-194-177,,FALSE,5/7/2025 15:00:00,5/7/2025 15:00:00,Household,High consumption,Gas,Firma Plyn Plus,DMP1-PLYN,Prievidza,24ZSS8425756555Q,GAS340934,FALSE,Annual,4/4/2026 23:23:00,37476,0,158,12/31/2026 0:00:00,Post,Annual,4/30/2026 0:00:00,52.69,0,Bank transfer,FALSE,0,FALSE,60.34,FALSE,,,,TRUE,TRUE,TRUE,4,0,0,,Solar consultation,6,3,FALSE,FALSE,FALSE,FALSE,2,0,1053.8,Email,Prievidza,97101,,,,FALSE
8f81623b-0f18-49b8-bb82-e719874ee13d,natalia.bartosova95@example-business.sk,27369317,MX-195-997,,FALSE,3/25/2024 22:42:00,3/25/2024 22:42:00,Business,Industrial,Electricity + Gas,Duo Komfort,B2B-ELE,Martin,24ZSS4124004575P,ELM745252,TRUE,Monthly,3/23/2026 12:21:00,225273,77886,3031,12/31/2026 0:00:00,Email,Quarterly,4/30/2026 0:00:00,289.5,0,Direct debit,TRUE,1,FALSE,300.01,TRUE,9/3/2025 0:10:00,"eZona web, mobile web",,TRUE,FALSE,TRUE,4,2,1,6/16/2025 22:52:00,Deposit change,0,10,TRUE,FALSE,FALSE,TRUE,0,3,8974.5,Email,Martin,03601,45,861000,s.r.o.,TRUE
b74f765f-6140-4869-8212-59d08838a606,miroslav.gregorova96@gmail.com,19776562,TX-196-481,,FALSE,7/8/2022 1:45:00,7/8/2022 1:45:00,Household,Green energy,Electricity + Gas,Firma Energia Plus,DD5-SOLAR,Trencin,24ZSS7601907795M,ELM491449,FALSE,Annual,4/1/2026 19:07:00,18560,7346,1843,12/31/2026 0:00:00,Email,Quarterly,4/30/2026 0:00:00,129.76,0,Direct debit,TRUE,1,FALSE,150.3,TRUE,1/14/2025 1:21:00,"eZona web, mobile web",iOS,TRUE,TRUE,FALSE,3,3,0,,Contact support,5,10,TRUE,TRUE,TRUE,TRUE,0,7,8045.12,eZona message,Trencin,91101,,,,TRUE
408264f2-fef9-441c-acd8-ccf3238753d4,miroslav.varga97@post.sk,12289746,PX-197-837,,FALSE,1/14/2020 15:38:00,1/14/2020 15:38:00,Household,High consumption,Electricity + Gas,Firma Energia Plus,DD2-DOM,Poprad,24ZSS6322192039Q,ELM362554,FALSE,Annual,3/15/2026 10:07:00,2670,7797,1777,12/31/2026 0:00:00,Email,Annual,4/30/2026 0:00:00,138.22,0,Direct debit,TRUE,0,FALSE,161.8,TRUE,8/8/2025 15:28:00,"eZona web, API",,TRUE,TRUE,FALSE,3,2,0,10/14/2025 7:32:00,Complaint,2,8,FALSE,FALSE,FALSE,TRUE,1,0,6496.34,Email,Poprad,05801,,,,TRUE
96c36cbd-36bf-46cc-8cb5-87279d4dfdb9,simona.fedorova98@post.sk,18778032,MX-198-592,,FALSE,3/21/2026 11:01:00,3/21/2026 11:01:00,Household,High consumption,Electricity + Gas,Online Domov Duo,DMP1-PLYN,Martin,24ZSS6501892099M,ELM380320,FALSE,Quarterly,5/10/2026 1:19:00,8147,5494,1550,12/31/2026 0:00:00,Email,Annual,4/30/2026 0:00:00,158.29,0,Postal order,FALSE,0,FALSE,171.5,TRUE,2/11/2025 10:49:00,"eZona web, API",Android,FALSE,FALSE,TRUE,2,0,0,12/7/2025 20:12:00,Tariff consultation,6,10,FALSE,FALSE,FALSE,FALSE,1,4,3640.67,eZona message,Martin,03601,,,,TRUE
f8598684-1be6-4a0a-8a46-e17b3770b562,jana.lackova99@energia-client.sk,22560390,CX-199-878,ADM-982-721,FALSE,12/20/2022 12:58:00,12/20/2022 12:58:00,Business,Retail services,Electricity,Elektrina Online,B2B-GAS,Cadca,24ZSS7419020090P,ELM137032,FALSE,Quarterly,3/31/2026 16:00:00,85979,78137,0,12/31/2026 0:00:00,Email,Annual,4/30/2026 0:00:00,274.85,0,Direct debit,TRUE,4,FALSE,322.66,TRUE,1/29/2026 2:50:00,"eZona web, API",iOS,FALSE,FALSE,TRUE,1,1,0,4/1/2026 19:10:00,Contact support,2,8,FALSE,FALSE,FALSE,TRUE,5,10,17315.55,SMS,Cadca,02201,6,493200,zivnostnik,FALSE
4f4c5a38-1683-45f6-8303-185c64171740,samuel.danko100@municipal.sk,21363371,CX-200-726,ADM-748-321,TRUE,3/6/2024 14:02:00,3/6/2024 14:02:00,Business,Retail services,Electricity + Gas,Duo Komfort,DD5-SOLAR,Cadca,24ZSS5646950300P,ELM797124,TRUE,Monthly,5/8/2026 6:29:00,228613,92827,4289,12/31/2026 0:00:00,Post,Quarterly,4/30/2026 0:00:00,292.53,0,Direct debit,TRUE,0,FALSE,299.28,TRUE,3/29/2025 4:28:00,eZona web,,FALSE,FALSE,TRUE,4,2,3,9/6/2025 2:10:00,Move contract,3,10,FALSE,FALSE,TRUE,FALSE,5,5,6435.66,SMS,Cadca,02201,24,551000,s.r.o.,TRUE
84e661cc-7363-492b-a645-0dcab72d46ac,juraj.bartosova101@example.sk,13687535,RX-201-419,,FALSE,3/27/2024 13:28:00,3/27/2024 13:28:00,Household,Green energy,Gas,Plyn Domov,DD2-DOM,Ruzomberok,24ZSS2899926973K,GAS140153,TRUE,Monthly,4/20/2026 14:03:00,28108,0,1709,12/31/2026 0:00:00,Post,Quarterly,4/30/2026 0:00:00,140,0,Card,FALSE,1,FALSE,161.36,TRUE,1/8/2026 1:02:00,eZona web,,TRUE,TRUE,FALSE,3,0,1,9/13/2025 6:12:00,Complaint,4,2,FALSE,FALSE,TRUE,FALSE,1,1,4340,SMS,Ruzomberok,03401,,,,TRUE
37e9be95-27a9-4f7a-b923-bc69fd21b2f1,natalia.novakova102@gmail.com,19240395,LM-202-989,,FALSE,12/3/2024 23:22:00,12/3/2024 23:22:00,Household,Senior assisted,Electricity + Gas,Duo Komfort,DD2-DOM,Liptovsky Mikulas,24ZSS3272933503P,ELM755820,TRUE,Monthly,3/25/2026 23:58:00,39540,1381,1476,12/31/2026 0:00:00,Post,Quarterly,4/30/2026 0:00:00,125.44,0,Direct debit,FALSE,0,FALSE,122.06,TRUE,1/3/2026 15:31:00,"eZona web, API",,FALSE,FALSE,TRUE,5,2,0,10/10/2025 0:16:00,Deposit change,1,6,FALSE,FALSE,FALSE,FALSE,0,5,2257.92,eZona message,Liptovsky Mikulas,03101,,,,TRUE
13c2c08c-e196-42d0-a369-7f6c4f6ba799,tomas.balaz103@gmail.com,18588387,MX-203-975,,FALSE,3/27/2025 17:46:00,3/27/2025 17:46:00,Household,Standard household,Gas,Firma Plyn Plus,DD1-DOM,Martin,24ZSS5857443304P,GAS430168,FALSE,Annual,3/10/2026 21:38:00,4641,0,1889,12/31/2026 0:00:00,Email,Monthly,4/30/2026 0:00:00,132.89,0,Direct debit,TRUE,0,FALSE,150.9,TRUE,2/10/2025 23:21:00,mobile web,,TRUE,TRUE,FALSE,0,0,1,1/17/2025 3:48:00,Deposit change,2,1,TRUE,FALSE,FALSE,TRUE,1,6,8239.18,Email,Martin,03601,,,,TRUE
2e929cab-57f1-4a78-933d-9a2f8f4e5ce5,zuzana.simekova104@example.sk,19078059,TX-204-149,,FALSE,1/28/2026 8:17:00,1/28/2026 8:17:00,Household,Digital household,Electricity + Gas,Duo Komfort,B2B-DUO,Trencin,24ZSS8074638115P,ELM549398,TRUE,Monthly,4/8/2026 7:37:00,1901,8015,1398,12/31/2026 0:00:00,Email,Annual,4/30/2026 0:00:00,96.41,0,Postal order,FALSE,1,FALSE,91.24,FALSE,,,,FALSE,TRUE,TRUE,0,1,3,1/6/2025 20:50:00,Deposit change,0,9,TRUE,FALSE,FALSE,FALSE,1,6,1831.79,Phone,Trencin,91101,,,,FALSE
14576cfb-ea39-4eb1-9e9f-56e200120b3b,andrea.tothova105@azet.sk,16599825,ZX-205-970,,FALSE,11/5/2021 21:35:00,11/5/2021 21:35:00,Household,Standard household,Electricity,Elektrina Online,DMP1-PLYN,Zvolen,24ZSS2731792883Q,ELM409710,FALSE,Quarterly,3/20/2026 17:08:00,33369,8109,0,12/31/2026 0:00:00,Email,Annual,4/30/2026 0:00:00,59.54,0,Direct debit,TRUE,0,FALSE,66.3,FALSE,,,,TRUE,FALSE,TRUE,3,2,1,,Move contract,0,8,FALSE,TRUE,TRUE,FALSE,1,5,4227.34,Phone,Zvolen,96001,,,,FALSE
918bd4ae-5275-420c-98db-bf0e63ed423d,natalia.horvath106@post.sk,19397081,CX-206-656,,FALSE,6/4/2023 17:55:00,6/4/2023 17:55:00,Household,Green energy,Electricity + Gas,Duo Komfort,DD2-DOM,Cadca,24ZSS7157596044Q,ELM822415,FALSE,Quarterly,4/13/2026 15:57:00,30968,2414,1633,12/31/2026 0:00:00,Email,Annual,4/30/2026 0:00:00,154.27,0,Direct debit,TRUE,1,FALSE,138.71,TRUE,9/16/2025 21:50:00,mobile web,Android,FALSE,TRUE,FALSE,2,1,0,,Invoice copy,7,3,FALSE,FALSE,TRUE,TRUE,1,4,10490.36,eZona message,Cadca,02201,,,,FALSE
eb5c9900-4d71-40a7-b608-b3ae34947f9c,monika.gregorova107@example-business.sk,22375591,ZX-207-716,,TRUE,7/19/2023 12:15:00,7/19/2023 12:15:00,Business,Public sector,Electricity,Verejna Sprava Elektrina,DD5-SOLAR,Zilina,24ZSS9909742294P,ELM705426,FALSE,Quarterly,3/16/2026 20:34:00,69774,113769,0,12/31/2026 0:00:00,Post,Quarterly,4/30/2026 0:00:00,216.62,516.71,Direct debit,TRUE,1,FALSE,178.11,FALSE,,,,TRUE,FALSE,FALSE,5,2,0,,Contact support,5,10,FALSE,FALSE,FALSE,FALSE,1,2,6931.84,eZona message,Zilina,01001,5,852000,neziskova organizacia,FALSE
0067259c-4386-4bd9-976f-9d176ec44f14,veronika.lackova108@post.sk,14354897,PX-208-457,,FALSE,1/2/2019 11:42:00,1/2/2019 11:42:00,Household,Standard household,Gas,Plyn Komfort,DMP1-PLYN,Prievidza,24ZSS1456192336Q,GAS559070,TRUE,Monthly,3/20/2026 10:34:00,39842,0,896,12/31/2026 0:00:00,Email,Annual,4/30/2026 0:00:00,75.28,153.69,Direct debit,FALSE,1,FALSE,66.84,TRUE,1/7/2026 14:54:00,"eZona web, mobile web",,FALSE,FALSE,FALSE,3,0,0,5/27/2025 16:44:00,Contact support,0,1,FALSE,FALSE,FALSE,TRUE,0,2,1355.04,eZona message,Prievidza,97101,,,,TRUE
d062016e-c270-44fe-bffd-1ca854e7d9e7,natalia.kral109@azet.sk,17921579,CX-209-889,,FALSE,2/23/2025 2:35:00,2/23/2025 2:35:00,Household,Solar interest,Gas,Plyn Komfort,DD1-DOM,Cadca,24ZSS5749268719K,GAS487969,TRUE,Monthly,4/8/2026 5:43:00,12433,0,1643,12/31/2026 0:00:00,Email,Quarterly,4/30/2026 0:00:00,133.37,0,Card,FALSE,0,FALSE,137.77,TRUE,4/15/2025 21:05:00,mobile web,iOS,FALSE,FALSE,TRUE,2,2,0,8/10/2025 8:34:00,Invoice copy,8,6,FALSE,TRUE,FALSE,TRUE,0,1,7868.83,eZona message,Cadca,02201,,,,TRUE
31aa92f7-46f0-4b2d-a365-4550a49674d3,lenka.fedorova110@gmail.com,18453617,RX-210-365,,FALSE,1/15/2022 7:10:00,1/15/2022 7:10:00,Household,Digital household,Gas,Plyn Komfort,DD1-DOM,Ruzomberok,24ZSS8300044965K,GAS471953,FALSE,Annual,4/6/2026 7:46:00,9292,0,1196,12/31/2026 0:00:00,Email,Quarterly,4/30/2026 0:00:00,137.78,0,Bank transfer,FALSE,4,FALSE,159.79,FALSE,,,,FALSE,FALSE,FALSE,3,2,0,7/7/2025 8:22:00,Move contract,3,3,FALSE,FALSE,TRUE,FALSE,1,5,4822.3,eZona message,Ruzomberok,03401,,,,FALSE
d322692f-b7c7-48ba-b0e8-01788c0a343f,ivana.tothova111@azet.sk,12588557,CX-211-181,,FALSE,9/18/2023 10:52:00,9/18/2023 10:52:00,Household,Solar interest,Electricity + Gas,Firma Energia Plus,DD5-SOLAR,Cadca,24ZSS9129597382K,ELM864537,FALSE,Annual,4/27/2026 2:39:00,36767,6725,393,12/31/2026 0:00:00,Email,Quarterly,4/30/2026 0:00:00,56.89,0,Direct debit,TRUE,4,FALSE,51.42,TRUE,5/5/2025 0:33:00,eZona web,,TRUE,TRUE,TRUE,4,0,1,,Meter reading,7,10,FALSE,TRUE,FALSE,TRUE,0,9,1422.25,SMS,Cadca,02201,,,,TRUE
7f55e790-1d4d-4f75-a93c-b7f2bf474f62,tomas.horvath112@example.sk,18012937,TX-212-744,,FALSE,12/26/2021 2:23:00,12/26/2021 2:23:00,Household,Digital household,Electricity,Elektrina Domov,B2B-ELE,Trencin,24ZSS8378244833K,ELM360880,TRUE,Monthly,3/4/2026 23:08:00,11019,2498,0,12/31/2026 0:00:00,Email,Monthly,4/30/2026 0:00:00,22.47,0,Direct debit,TRUE,1,FALSE,25.35,FALSE,,,,FALSE,TRUE,FALSE,4,1,1,,Deposit change,4,5,TRUE,FALSE,TRUE,FALSE,1,6,1078.56,Email,Trencin,91101,,,,FALSE
286a1cdc-9e7a-41df-b54b-a6332f5ff5c0,lenka.polak113@azet.sk,17918037,ZX-213-939,,FALSE,3/12/2021 6:58:00,3/12/2021 6:58:00,Household,Standard household,Electricity,Firma Elektrina Plus,DD5-SOLAR,Zvolen,24ZSS1229624506Q,ELM940458,TRUE,Monthly,3/14/2026 18:35:00,5220,2833,0,12/31/2026 0:00:00,Email,Annual,4/30/2026 0:00:00,51.54,29.34,Direct debit,TRUE,0,FALSE,50.15,TRUE,3/25/2026 20:54:00,mobile web,,FALSE,FALSE,TRUE,2,3,1,12/15/2025 6:06:00,Move contract,3,3,FALSE,FALSE,TRUE,TRUE,0,3,3350.1,eZona message,Zvolen,96001,,,,TRUE
a5474c5f-c502-4c20-afe1-de298d439d8a,natalia.urban114@municipal.sk,21430345,ZX-214-771,,FALSE,10/13/2025 23:41:00,10/13/2025 23:41:00,Business,Small business,Electricity + Gas,Online Domov Duo,DD1-DOM,Zilina,24ZSS7510506740Q,ELM685027,FALSE,Annual,3/8/2026 17:56:00,139870,84589,12793,12/31/2026 0:00:00,Email,Annual,4/30/2026 0:00:00,776.69,1536.51,Card,FALSE,1,FALSE,810.77,TRUE,5/23/2025 1:50:00,"eZona web, API",,FALSE,FALSE,TRUE,2,2,0,11/30/2025 2:36:00,Move contract,3,10,FALSE,FALSE,TRUE,TRUE,1,2,48931.47,Phone,Zilina,01001,43,852000,a.s.,TRUE
f8f9d183-9d78-41cc-b18b-54d40663fe9a,robert.varga115@example.sk,19539557,LM-215-819,,FALSE,2/18/2021 3:16:00,2/18/2021 3:16:00,Household,Digital household,Electricity,Verejna Sprava Elektrina,DD2-DOM,Liptovsky Mikulas,24ZSS7614799946P,ELM688906,TRUE,Monthly,4/9/2026 4:17:00,23137,1770,0,12/31/2026 0:00:00,Email,Monthly,4/30/2026 0:00:00,56.34,37.57,Card,FALSE,1,FALSE,62.31,FALSE,,,,TRUE,TRUE,FALSE,5,1,1,11/8/2025 4:46:00,Solar consultation,2,7,FALSE,FALSE,FALSE,FALSE,1,8,3774.78,eZona message,Liptovsky Mikulas,03101,,,,FALSE
442ad146-9270-412f-a851-cb20130cb04d,samuel.horvath116@azet.sk,13515984,LM-216-688,,FALSE,5/25/2020 16:37:00,5/25/2020 16:37:00,Household,Green energy,Electricity + Gas,Firma Energia Plus,DD1-DOM,Liptovsky Mikulas,24ZSS6153121930P,ELM704502,FALSE,Annual,3/18/2026 7:43:00,29384,3390,1991,12/31/2026 0:00:00,Email,Monthly,4/30/2026 0:00:00,161.15,31.2,Card,FALSE,0,FALSE,143.55,FALSE,,,,FALSE,FALSE,FALSE,1,1,0,3/10/2026 1:42:00,Meter reading,5,7,FALSE,FALSE,TRUE,FALSE,1,1,10152.45,SMS,Liptovsky Mikulas,03101,,,,FALSE
12085d6e-0b41-4f6b-9487-9a93101092d1,andrea.tothova117@post.sk,17294307,ZX-217-190,,FALSE,3/23/2026 23:08:00,3/23/2026 23:08:00,Household,High consumption,Electricity + Gas,Firma Energia Plus,VS-ELE,Zvolen,24ZSS8442697195K,ELM974541,FALSE,Annual,4/12/2026 14:21:00,3704,2598,1504,12/31/2026 0:00:00,Email,Annual,4/30/2026 0:00:00,120.21,336.59,Direct debit,FALSE,2,FALSE,102.93,TRUE,7/5/2025 10:00:00,"eZona web, API",,TRUE,TRUE,TRUE,3,3,1,12/17/2025 9:56:00,Deposit change,1,8,FALSE,FALSE,FALSE,FALSE,0,9,4087.14,Phone,Zvolen,96001,,,,TRUE
ddead9c2-16a2-4ab8-8c24-f1139d013bbb,zuzana.urban118@municipal.sk,20938072,PX-218-357,ADM-915-193,FALSE,12/15/2018 5:09:00,12/15/2018 5:09:00,Business,Industrial,Gas,Plyn Domov,DD2-DOM,Poprad,24ZSS4682879215P,GAS657703,TRUE,Monthly,4/10/2026 10:43:00,62619,0,4554,12/31/2026 0:00:00,Email,Annual,4/30/2026 0:00:00,308.47,0,Direct debit,TRUE,0,FALSE,355.07,TRUE,3/11/2026 13:37:00,"eZona web, mobile web",,TRUE,FALSE,FALSE,0,3,1,10/14/2025 11:52:00,Meter reading,4,4,FALSE,FALSE,FALSE,TRUE,0,0,8328.69,Phone,Poprad,05801,165,682000,neziskova organizacia,TRUE
f24e43e1-51b4-4e7f-af73-e1310ba89595,lenka.varga119@example.sk,16053994,ZX-219-330,,FALSE,6/29/2023 22:09:00,6/29/2023 22:09:00,Household,Price sensitive,Gas,Plyn Domov,DMP1-PLYN,Zvolen,24ZSS8941706575M,GAS741878,FALSE,Annual,4/6/2026 1:11:00,40138,0,599,12/31/2026 0:00:00,Email,Annual,4/30/2026 0:00:00,70.94,58.64,Direct debit,TRUE,0,FALSE,71.86,FALSE,,,,TRUE,TRUE,TRUE,4,1,0,,Deposit change,4,4,FALSE,FALSE,FALSE,FALSE,1,4,3121.36,eZona message,Zvolen,96001,,,,FALSE
261c96a1-485c-497d-b569-c43157c33269,andrea.halas120@example-business.sk,24780086,BB-220-863,,FALSE,3/10/2020 5:48:00,3/10/2020 5:48:00,Business,SME multi-site,Electricity,Firma Elektrina Plus,B2B-ELE,Banska Bystrica,24ZSS9907701932P,ELM981092,TRUE,Monthly,5/5/2026 11:41:00,121322,36202,0,12/31/2026 0:00:00,Post,Annual,4/30/2026 0:00:00,46.88,18.48,Bank transfer,FALSE,0,FALSE,44.89,FALSE,,,,TRUE,FALSE,TRUE,4,1,1,9/29/2025 14:47:00,Complaint,7,4,FALSE,FALSE,FALSE,FALSE,1,3,2156.48,Phone,Banska Bystrica,97401,33,471100,zivnostnik,FALSE
89cb010b-37f6-46f7-9f75-1cf6eeb90c1c,veronika.mikulas121@municipal.sk,23850115,BB-221-644,ADM-562-450,TRUE,6/2/2020 23:48:00,6/2/2020 23:48:00,Business,Small business,Electricity,Elektrina Online,DMP1-PLYN,Banska Bystrica,24ZSS9759630898P,ELM553835,TRUE,Monthly,3/15/2026 16:27:00,122721,19398,0,12/31/2026 0:00:00,Email,Annual,4/30/2026 0:00:00,244.69,0,Postal order,FALSE,1,FALSE,268.41,TRUE,10/12/2025 13:44:00,"eZona web, mobile web",Android,TRUE,FALSE,TRUE,0,2,1,2/25/2025 15:47:00,Solar consultation,1,6,FALSE,FALSE,FALSE,TRUE,0,1,7585.39,eZona message,Banska Bystrica,97401,38,551000,zivnostnik,FALSE
570c2bd2-f443-4f16-933c-17d826f72752,tomas.varga122@gmail.com,17793077,RX-222-956,,FALSE,2/14/2023 17:57:00,2/14/2023 17:57:00,Household,Senior assisted,Gas,Plyn Domov,DD5-SOLAR,Ruzomberok,24ZSS3147000741K,GAS531982,TRUE,Monthly,4/9/2026 2:10:00,1760,0,136,12/31/2026 0:00:00,Email,Quarterly,4/30/2026 0:00:00,77.48,97.11,Direct debit,FALSE,3,FALSE,74.75,TRUE,4/26/2026 1:52:00,eZona web,iOS,TRUE,TRUE,FALSE,4,0,0,4/18/2025 11:15:00,Move contract,2,2,FALSE,TRUE,FALSE,TRUE,4,10,2944.24,Phone,Ruzomberok,03401,,,,TRUE
3e9b351c-d590-468f-9045-7c96bd9c560c,marek.halas123@example.sk,14435838,PX-223-900,,FALSE,3/10/2026 11:43:00,3/10/2026 11:43:00,Household,Price sensitive,Electricity + Gas,Online Domov Duo,DD5-SOLAR,Prievidza,24ZSS2142630734M,ELM323424,FALSE,Annual,4/10/2026 15:03:00,21176,6198,987,12/31/2026 0:00:00,Post,Quarterly,4/30/2026 0:00:00,129.46,0,Bank transfer,FALSE,0,FALSE,151.34,FALSE,,,,TRUE,TRUE,FALSE,2,1,1,,Meter reading,7,10,FALSE,FALSE,FALSE,FALSE,0,0,3107.04,Phone,Prievidza,97101,,,,FALSE
0802a050-77fa-4fd9-9749-648a7fb91108,andrea.gregorova124@example.sk,12096654,ZX-224-160,,FALSE,9/29/2022 12:58:00,9/29/2022 12:58:00,Household,Standard household,Electricity + Gas,Online Domov Duo,VS-ELE,Zvolen,24ZSS4967423428M,ELM647343,FALSE,Annual,4/19/2026 22:26:00,38723,5794,1462,12/31/2026 0:00:00,Email,Annual,4/30/2026 0:00:00,121.51,0,Card,FALSE,1,FALSE,139.8,TRUE,4/8/2025 14:14:00,mobile web,iOS,FALSE,TRUE,TRUE,3,2,1,,Move contract,3,8,FALSE,FALSE,TRUE,TRUE,0,1,4131.34,Email,Zvolen,96001,,,,TRUE
2e5ca9b9-4b94-4cb6-8614-1028e98d4f88,juraj.lackova125@firma.sk,24256805,CX-225-472,,FALSE,6/2/2018 10:29:00,6/2/2018 10:29:00,Business,Retail services,Electricity + Gas,Firma Energia Plus,B2B-ELE,Cadca,24ZSS7552232468M,ELM331783,TRUE,Monthly,4/25/2026 10:55:00,74986,108199,3245,12/31/2026 0:00:00,Post,Quarterly,4/30/2026 0:00:00,276.03,0,Direct debit,TRUE,0,FALSE,262.97,FALSE,,,,FALSE,FALSE,FALSE,2,2,4,4/24/2025 18:47:00,Tariff consultation,3,10,FALSE,FALSE,FALSE,FALSE,1,5,19598.13,eZona message,Cadca,02201,29,682000,obec,FALSE
2739b8fa-fae7-451f-9d63-67523fa1ffe2,pavol.novakova126@firma.sk,21913521,TX-226-947,ADM-319-483,FALSE,1/25/2025 3:31:00,1/25/2025 3:31:00,Business,Public sector,Electricity + Gas,Firma Energia Plus,DD1-DOM,Trencin,24ZSS8540627279M,ELM524541,FALSE,Annual,4/16/2026 22:52:00,167055,38998,6312,12/31/2026 0:00:00,Email,Monthly,4/30/2026 0:00:00,491.57,433.76,Direct debit,TRUE,0,FALSE,530.01,TRUE,10/25/2025 10:17:00,eZona web,iOS,FALSE,TRUE,TRUE,4,1,4,8/7/2025 22:22:00,Meter reading,2,7,FALSE,FALSE,FALSE,TRUE,1,1,25070.07,Email,Trencin,91101,16,471100,zivnostnik,TRUE
07368931-0c01-4fb2-b945-8ff90e3c01b2,daniel.balaz127@post.sk,14390424,CX-227-731,,FALSE,1/26/2021 18:48:00,1/26/2021 18:48:00,Household,Standard household,Electricity + Gas,Firma Energia Plus,B2B-ELE,Cadca,24ZSS9100908724P,ELM396048,TRUE,Monthly,4/17/2026 21:07:00,47854,8079,1745,12/31/2026 0:00:00,Post,Monthly,4/30/2026 0:00:00,116.51,0,Postal order,FALSE,0,FALSE,125.45,FALSE,,,,FALSE,FALSE,TRUE,2,2,3,3/2/2025 23:15:00,Contact support,1,9,FALSE,TRUE,FALSE,FALSE,0,0,8039.19,Phone,Cadca,02201,,,,FALSE
f0cc0dab-aa69-4104-b6d4-6f66054e752d,juraj.kovac128@example.sk,19297285,BB-228-729,,FALSE,3/27/2018 11:45:00,3/27/2018 11:45:00,Household,Solar interest,Electricity + Gas,Duo Komfort,DD1-DOM,Banska Bystrica,24ZSS6129904329K,ELM982874,TRUE,Monthly,3/17/2026 1:37:00,47205,1244,2184,12/31/2026 0:00:00,Email,Quarterly,4/30/2026 0:00:00,190.36,0,Card,FALSE,1,FALSE,159.19,TRUE,9/23/2025 17:31:00,"eZona web, API",iOS,TRUE,FALSE,TRUE,0,2,0,3/15/2025 2:22:00,Contact support,10,3,FALSE,FALSE,FALSE,TRUE,0,5,4949.36,eZona message,Banska Bystrica,97401,,,,FALSE
b4e3dc27-0f07-4746-887e-f70503a0dd73,natalia.danko129@example-business.sk,26198729,TX-229-295,,FALSE,6/27/2018 6:59:00,6/27/2018 6:59:00,Business,Small business,Gas,Plyn Komfort,B2B-DUO,Trencin,24ZSS6089875210M,GAS719167,TRUE,Monthly,5/10/2026 5:25:00,22850,0,1743,12/31/2026 0:00:00,Email,Quarterly,4/30/2026 0:00:00,256.87,226.25,Bank transfer,FALSE,0,FALSE,251.46,TRUE,8/25/2025 7:38:00,eZona web,iOS,TRUE,TRUE,FALSE,1,3,1,,Tariff consultation,4,4,FALSE,FALSE,TRUE,TRUE,1,7,15155.33,Email,Trencin,91101,10,256200,obec,FALSE
b89e6d2d-25df-4463-8fbd-7d1850b038a4,michal.gregorova130@municipal.sk,24319300,RX-230-240,ADM-929-108,FALSE,10/25/2019 4:13:00,10/25/2019 4:13:00,Business,SME multi-site,Gas,Firma Plyn Plus,DD1-DOM,Ruzomberok,24ZSS9455761011Q,GAS484638,TRUE,Monthly,5/6/2026 20:22:00,145589,0,1143,12/31/2026 0:00:00,Email,Monthly,4/30/2026 0:00:00,249.87,30.3,Postal order,FALSE,0,FALSE,243.08,TRUE,9/10/2025 0:14:00,eZona web,iOS,FALSE,TRUE,FALSE,4,3,0,,Move contract,6,5,FALSE,FALSE,FALSE,TRUE,1,3,11743.89,eZona message,Ruzomberok,03401,22,471100,a.s.,TRUE
8370fd31-9e63-4911-9b62-11f0f3920c55,monika.varga131@example.sk,19458120,CX-231-954,,FALSE,4/13/2018 7:03:00,4/13/2018 7:03:00,Household,Green energy,Gas,Firma Plyn Plus,DD1-DOM,Cadca,24ZSS3592493021M,GAS330670,TRUE,Monthly,4/21/2026 18:40:00,5307,0,2101,12/31/2026 0:00:00,Email,Quarterly,4/30/2026 0:00:00,170.56,404.77,Card,FALSE,1,TRUE,169.33,TRUE,6/2/2025 7:48:00,"eZona web, mobile web",Android,FALSE,FALSE,FALSE,4,2,0,10/14/2025 21:26:00,Meter reading,0,1,FALSE,FALSE,FALSE,TRUE,5,4,6481.28,Phone,Cadca,02201,,,,TRUE
24b208f7-ef00-4492-9fb2-4b75e03482e9,michal.danko132@firma.sk,20875101,PX-232-882,ADM-638-763,FALSE,8/23/2021 11:59:00,8/23/2021 11:59:00,Business,SME multi-site,Gas,Plyn Domov,DD5-SOLAR,Poprad,24ZSS9297747019P,GAS257798,FALSE,Quarterly,3/30/2026 16:26:00,2030,0,3822,12/31/2026 0:00:00,Post,Monthly,4/30/2026 0:00:00,325.21,6.05,Postal order,FALSE,0,FALSE,343.29,FALSE,,,,TRUE,TRUE,FALSE,2,2,1,4/13/2026 14:50:00,Invoice copy,7,5,FALSE,FALSE,TRUE,FALSE,1,7,11707.56,SMS,Poprad,05801,39,861000,a.s.,FALSE
ad571b5c-1717-433a-8379-7b8a96e6d7d8,veronika.kovac133@azet.sk,10830498,LM-233-567,,FALSE,8/15/2021 4:46:00,8/15/2021 4:46:00,Household,Standard household,Gas,Plyn Komfort,B2B-DUO,Liptovsky Mikulas,24ZSS7750741651Q,GAS306272,TRUE,Monthly,4/2/2026 12:09:00,35926,0,333,12/31/2026 0:00:00,Post,Quarterly,4/30/2026 0:00:00,74.32,0,Postal order,FALSE,1,FALSE,78.65,FALSE,,,,FALSE,FALSE,TRUE,2,3,0,2/10/2025 2:48:00,Deposit change,1,5,FALSE,FALSE,FALSE,FALSE,0,4,1486.4,eZona message,Liptovsky Mikulas,03101,,,,FALSE
9973c525-beef-44ee-909a-8f3561270dd4,veronika.kovac134@gmail.com,13658378,MX-234-593,,FALSE,11/29/2025 6:23:00,11/29/2025 6:23:00,Household,Green energy,Electricity,Firma Elektrina Plus,B2B-GAS,Martin,24ZSS1936909089M,ELM192154,FALSE,Annual,4/18/2026 0:21:00,14888,1958,0,12/31/2026 0:00:00,Email,Annual,4/30/2026 0:00:00,74.37,68.14,Direct debit,TRUE,0,FALSE,74.93,TRUE,8/15/2025 4:27:00,"eZona web, API",Android,TRUE,FALSE,TRUE,5,3,0,6/12/2025 22:52:00,Contact support,2,4,FALSE,FALSE,FALSE,TRUE,1,5,2900.43,Email,Martin,03601,,,,TRUE
c7832fad-2952-42f8-a212-25f0b117220d,marek.simon135@example.sk,12885127,ZX-235-687,,FALSE,2/19/2019 20:01:00,2/19/2019 20:01:00,Household,Standard household,Gas,Plyn Domov,DD2-DOM,Zilina,24ZSS5242386715P,GAS671793,FALSE,Quarterly,3/25/2026 4:07:00,44784,0,184,12/31/2026 0:00:00,Email,Monthly,4/30/2026 0:00:00,81.12,178.49,Bank transfer,FALSE,1,FALSE,70.98,TRUE,4/10/2026 14:41:00,"eZona web, mobile web",iOS,FALSE,FALSE,FALSE,0,0,1,3/31/2026 12:09:00,Deposit change,4,2,FALSE,FALSE,TRUE,TRUE,0,2,2271.36,Phone,Zilina,01001,,,,FALSE
54c66288-1d1d-4a4b-9726-eaaf301bd924,monika.polak136@example.sk,15167851,LM-236-703,,FALSE,8/16/2023 4:27:00,8/16/2023 4:27:00,Household,Digital household,Electricity + Gas,Firma Energia Plus,DD1-DOM,Liptovsky Mikulas,24ZSS6177441287P,ELM945391,TRUE,Monthly,3/12/2026 17:51:00,41248,7660,745,12/31/2026 0:00:00,Email,Annual,4/30/2026 0:00:00,111.43,0,Direct debit,TRUE,1,FALSE,100.57,TRUE,8/8/2025 13:04:00,eZona web,,FALSE,FALSE,TRUE,3,0,0,7/31/2025 12:59:00,Complaint,5,7,FALSE,FALSE,FALSE,TRUE,1,1,2674.32,eZona message,Liptovsky Mikulas,03101,,,,TRUE
a36dde50-323f-429a-be2c-60ade986613f,ivana.simon137@example.sk,13224596,CX-237-728,,FALSE,10/25/2025 2:53:00,10/25/2025 2:53:00,Household,High consumption,Electricity + Gas,Firma Energia Plus,DD2-DOM,Cadca,24ZSS6589353432M,ELM435592,FALSE,Annual,3/31/2026 10:33:00,17202,3689,817,12/31/2026 0:00:00,Email,Annual,4/30/2026 0:00:00,71.64,0,Direct debit,TRUE,0,FALSE,59.87,FALSE,,,,TRUE,FALSE,TRUE,4,3,0,3/22/2026 17:21:00,Meter reading,3,6,FALSE,FALSE,FALSE,FALSE,1,2,1289.52,Phone,Cadca,02201,,,,FALSE
a8102ef6-98fb-4eef-8263-aed1deb16862,robert.bartosova138@firma.sk,27924326,PX-238-576,,FALSE,5/5/2022 16:43:00,5/5/2022 16:43:00,Business,Hospitality,Electricity + Gas,Online Domov Duo,B2B-DUO,Poprad,24ZSS9664095993M,ELM186338,TRUE,Monthly,3/1/2026 14:51:00,105905,29416,5555,12/31/2026 0:00:00,Email,Monthly,4/30/2026 0:00:00,448.11,0,Card,FALSE,1,FALSE,400.51,FALSE,,,,TRUE,FALSE,FALSE,0,3,2,7/29/2025 15:24:00,Contact support,7,4,FALSE,TRUE,TRUE,FALSE,0,2,26886.6,SMS,Poprad,05801,2,471100,s.r.o.,FALSE
b900c916-3a97-4e59-a3bc-d4ee5e252db4,peter.lackova139@azet.sk,13082784,BB-239-317,,FALSE,1/13/2025 9:44:00,1/13/2025 9:44:00,Household,Solar interest,Electricity + Gas,Firma Energia Plus,VS-ELE,Banska Bystrica,24ZSS6169843328K,ELM805836,FALSE,Annual,5/6/2026 7:01:00,11756,3131,2161,12/31/2026 0:00:00,Post,Monthly,4/30/2026 0:00:00,169.45,0,Direct debit,TRUE,1,FALSE,160.43,FALSE,,,,FALSE,TRUE,TRUE,1,2,1,5/31/2025 4:12:00,Tariff consultation,9,8,FALSE,TRUE,FALSE,FALSE,1,6,8303.05,SMS,Banska Bystrica,97401,,,,FALSE
36570804-9ab1-4db3-b030-e4bb5695a70c,tomas.horvath140@firma.sk,22522023,PX-240-118,,TRUE,8/8/2025 3:57:00,8/8/2025 3:57:00,Business,Industrial,Electricity,Firma Elektrina Plus,DD1-DOM,Poprad,24ZSS2934434138P,ELM326191,TRUE,Monthly,4/5/2026 10:02:00,153478,25362,0,12/31/2026 0:00:00,Post,Quarterly,4/30/2026 0:00:00,123.82,76.61,Card,FALSE,0,FALSE,126.24,TRUE,2/19/2025 10:43:00,mobile web,iOS,TRUE,TRUE,FALSE,3,3,0,4/15/2025 7:36:00,Deposit change,5,5,FALSE,FALSE,FALSE,FALSE,1,2,3714.6,SMS,Poprad,05801,5,561000,zivnostnik,TRUE
90cbdc8e-ead7-4efe-b6a9-684011ec4d56,miroslav.polak141@azet.sk,16597170,RX-241-487,,FALSE,9/20/2023 11:51:00,9/20/2023 11:51:00,Household,Digital household,Electricity + Gas,Online Domov Duo,DMP1-PLYN,Ruzomberok,24ZSS6757844892Q,ELM135873,FALSE,Quarterly,4/26/2026 8:22:00,35770,4465,1105,12/31/2026 0:00:00,Email,Quarterly,4/30/2026 0:00:00,131.62,117.71,Direct debit,TRUE,0,FALSE,121.17,TRUE,1/1/2026 4:15:00,mobile web,,TRUE,FALSE,FALSE,3,3,0,1/3/2026 8:55:00,Move contract,4,10,FALSE,FALSE,FALSE,TRUE,1,4,9345.02,eZona message,Ruzomberok,03401,,,,TRUE
905d5599-9ff0-448b-a3e4-70695ea71bf7,daniel.fedorova142@gmail.com,17491806,PX-242-578,,FALSE,3/2/2026 21:05:00,3/2/2026 21:05:00,Household,Digital household,Electricity,Firma Elektrina Plus,B2B-DUO,Poprad,24ZSS8870965870P,ELM896124,TRUE,Monthly,4/28/2026 3:53:00,15490,3158,0,12/31/2026 0:00:00,Email,Quarterly,4/30/2026 0:00:00,30.6,0,Direct debit,TRUE,0,FALSE,25.16,TRUE,3/28/2026 23:45:00,mobile web,Android,TRUE,TRUE,TRUE,4,1,1,4/17/2026 0:33:00,Deposit change,1,5,FALSE,FALSE,FALSE,TRUE,0,2,642.6,Email,Poprad,05801,,,,TRUE
a8f9bf48-2ce9-4ea3-9a65-460337e6e6d4,andrea.tothova143@azet.sk,18868320,ZX-243-445,,FALSE,3/28/2025 14:57:00,3/28/2025 14:57:00,Household,Standard household,Electricity,Firma Elektrina Plus,B2B-GAS,Zvolen,24ZSS4599656792K,ELM753797,FALSE,Annual,4/2/2026 5:25:00,30820,3735,0,12/31/2026 0:00:00,Post,Monthly,4/30/2026 0:00:00,43.71,0,Direct debit,TRUE,1,FALSE,49.04,TRUE,4/19/2026 1:35:00,mobile web,Android,FALSE,FALSE,TRUE,4,0,1,3/31/2026 5:13:00,Solar consultation,4,4,FALSE,TRUE,FALSE,FALSE,4,3,2010.66,Email,Zvolen,96001,,,,TRUE
0e1ab416-a072-4554-9d3e-0ee5f5e20198,miroslav.kovac144@azet.sk,10760140,LM-244-195,,FALSE,9/6/2023 18:47:00,9/6/2023 18:47:00,Household,Solar interest,Electricity + Gas,Firma Energia Plus,VS-ELE,Liptovsky Mikulas,24ZSS2916413420Q,ELM556770,FALSE,Annual,4/14/2026 5:03:00,30478,5600,161,12/31/2026 0:00:00,Email,Monthly,4/30/2026 0:00:00,30.92,0,Direct debit,TRUE,0,FALSE,27.64,TRUE,10/18/2025 15:21:00,mobile web,Android,FALSE,FALSE,TRUE,2,3,1,,Complaint,7,9,FALSE,FALSE,FALSE,TRUE,0,6,1762.44,SMS,Liptovsky Mikulas,03101,,,,TRUE
b8514d7c-c1e0-4004-8608-d0ccddcaf3f2,robert.horvath145@municipal.sk,22725534,BB-245-725,,FALSE,2/14/2021 10:40:00,2/14/2021 10:40:00,Business,Small business,Electricity + Gas,Online Domov Duo,DD5-SOLAR,Banska Bystrica,24ZSS2752591864Q,ELM773018,TRUE,Monthly,3/16/2026 14:49:00,153688,36017,2722,12/31/2026 0:00:00,Email,Annual,4/30/2026 0:00:00,385.55,965.45,Direct debit,TRUE,1,TRUE,439.95,TRUE,10/15/2025 12:41:00,"eZona web, API",,TRUE,FALSE,FALSE,4,3,1,12/10/2025 18:44:00,Contact support,3,7,FALSE,FALSE,FALSE,TRUE,0,6,7711,Email,Banska Bystrica,97401,49,471100,obec,TRUE
1ca6e9a2-64f6-45b3-be17-718e4bfa8e74,katarina.mikulas146@azet.sk,17950454,RX-246-532,,FALSE,5/29/2025 22:10:00,5/29/2025 22:10:00,Household,Senior assisted,Gas,Firma Plyn Plus,B2B-DUO,Ruzomberok,24ZSS9761855951K,GAS164304,FALSE,Annual,4/29/2026 15:39:00,40664,0,1176,12/31/2026 0:00:00,Email,Quarterly,4/30/2026 0:00:00,112.68,96.92,Direct debit,TRUE,1,FALSE,116.49,TRUE,1/17/2025 22:34:00,"eZona web, mobile web",iOS,TRUE,TRUE,TRUE,3,1,1,,Invoice copy,6,1,FALSE,FALSE,FALSE,FALSE,1,4,7098.84,Email,Ruzomberok,03401,,,,TRUE
3d93aeaf-e80e-4aee-9acf-f3241e6d5934,jana.bartosova147@firma.sk,23087484,CX-247-810,,FALSE,10/21/2025 14:49:00,10/21/2025 14:49:00,Business,Retail services,Gas,Firma Plyn Plus,B2B-DUO,Cadca,24ZSS7564635750M,GAS120837,TRUE,Monthly,4/8/2026 3:11:00,26517,0,2047,12/31/2026 0:00:00,Email,Quarterly,4/30/2026 0:00:00,195.58,14.09,Direct debit,TRUE,0,FALSE,207.19,FALSE,,,,TRUE,TRUE,TRUE,2,0,0,12/31/2025 12:06:00,Complaint,6,5,TRUE,FALSE,FALSE,FALSE,0,4,8409.94,Email,Cadca,02201,23,256200,s.r.o.,FALSE
2dcf5c86-abdc-48c2-83b6-52937e925a73,robert.varga148@post.sk,17696651,PX-248-601,,FALSE,4/12/2022 23:34:00,4/12/2022 23:34:00,Household,Digital household,Gas,Firma Plyn Plus,DD5-SOLAR,Poprad,24ZSS3922712793Q,GAS752820,TRUE,Monthly,3/19/2026 18:55:00,46693,0,1153,12/31/2026 0:00:00,Email,Quarterly,4/30/2026 0:00:00,132.42,59.85,Direct debit,TRUE,0,FALSE,131.52,TRUE,8/2/2025 15:10:00,eZona web,,TRUE,FALSE,FALSE,3,0,1,,Deposit change,0,2,FALSE,FALSE,FALSE,FALSE,1,1,4634.7,SMS,Poprad,05801,,,,TRUE
a1df0b39-d5e8-4b68-889c-b87de167003e,peter.novakova149@post.sk,12108017,PX-249-891,,FALSE,1/3/2023 11:03:00,1/3/2023 11:03:00,Household,Price sensitive,Electricity,Firma Elektrina Plus,B2B-DUO,Poprad,24ZSS9582178686P,ELM954822,FALSE,Quarterly,3/9/2026 13:23:00,10062,7674,0,12/31/2026 0:00:00,Email,Quarterly,4/30/2026 0:00:00,43.46,0,Direct debit,TRUE,3,FALSE,42.06,TRUE,5/9/2026 11:49:00,"eZona web, mobile web",Android,FALSE,FALSE,FALSE,5,0,0,5/2/2025 23:10:00,Invoice copy,2,10,FALSE,FALSE,TRUE,TRUE,1,7,2737.98,Email,Poprad,05801,,,,TRUE
8ea25a94-8adf-49ed-8eab-aa24ae243fa6,peter.simon150@azet.sk,12698934,CX-250-726,,FALSE,1/23/2025 13:23:00,1/23/2025 13:23:00,Household,Solar interest,Electricity + Gas,Online Domov Duo,B2B-ELE,Cadca,24ZSS2636300694P,ELM694047,TRUE,Monthly,3/19/2026 6:24:00,17563,7321,1652,12/31/2026 0:00:00,Email,Quarterly,4/30/2026 0:00:00,126.25,0,Direct debit,TRUE,1,FALSE,134.24,TRUE,1/4/2026 15:59:00,"eZona web, mobile web",,FALSE,TRUE,FALSE,0,3,1,8/26/2025 13:18:00,Complaint,10,9,FALSE,FALSE,FALSE,FALSE,0,2,7322.5,eZona message,Cadca,02201,,,,TRUE
7c3c678d-f34c-42c3-9e0b-fdf42fa5d296,lenka.mikulas151@post.sk,15442717,ZX-251-976,,FALSE,10/14/2021 3:15:00,10/14/2021 3:15:00,Household,Green energy,Gas,Firma Plyn Plus,DMP1-PLYN,Zilina,24ZSS1176611647K,GAS660268,TRUE,Monthly,3/4/2026 12:42:00,19509,0,939,12/31/2026 0:00:00,Email,Monthly,4/30/2026 0:00:00,74.65,0,Direct debit,TRUE,1,FALSE,75.04,TRUE,2/13/2026 18:27:00,"eZona web, API",,TRUE,FALSE,FALSE,3,1,0,8/1/2025 1:44:00,Deposit change,2,6,FALSE,FALSE,FALSE,TRUE,5,2,1567.65,eZona message,Zilina,01001,,,,TRUE
5ace3967-b3b8-402e-8050-d6af5ec276b3,peter.simekova152@municipal.sk,23949169,ZX-252-929,ADM-534-181,TRUE,3/14/2021 12:02:00,3/14/2021 12:02:00,Business,SME multi-site,Electricity + Gas,Online Domov Duo,DD2-DOM,Zilina,24ZSS6462702640P,ELM943396,TRUE,Monthly,3/29/2026 21:49:00,97690,96895,11338,12/31/2026 0:00:00,Post,Annual,4/30/2026 0:00:00,877,207.13,Postal order,FALSE,0,FALSE,738.94,FALSE,,,,TRUE,FALSE,TRUE,2,0,0,4/14/2025 16:01:00,Invoice copy,2,9,FALSE,FALSE,FALSE,FALSE,1,2,52620,Phone,Zilina,01001,60,861000,zivnostnik,FALSE
10c77b77-16ed-4cca-a49e-9cb63e8bdc55,pavol.halas153@post.sk,17648991,CX-253-278,,FALSE,12/14/2019 0:40:00,12/14/2019 0:40:00,Household,Senior assisted,Electricity,Elektrina Domov,DD2-DOM,Cadca,24ZSS5832724272K,ELM796969,FALSE,Annual,3/20/2026 20:24:00,36948,7372,0,12/31/2026 0:00:00,Email,Quarterly,4/30/2026 0:00:00,60.4,15.01,Direct debit,TRUE,0,FALSE,50.13,TRUE,10/26/2025 6:33:00,"eZona web, API",iOS,FALSE,TRUE,FALSE,5,0,1,6/27/2025 19:06:00,Solar consultation,5,8,FALSE,FALSE,FALSE,FALSE,0,3,3563.6,eZona message,Cadca,02201,,,,TRUE
be943e14-700a-40ea-b700-5cd9000fd092,veronika.tothova154@example.sk,12141172,RX-254-994,,FALSE,8/27/2023 8:35:00,8/27/2023 8:35:00,Household,Senior assisted,Gas,Plyn Komfort,B2B-GAS,Ruzomberok,24ZSS6399425598M,GAS916903,FALSE,Quarterly,5/5/2026 14:40:00,42362,0,1147,12/31/2026 0:00:00,Email,Quarterly,4/30/2026 0:00:00,125.09,105.8,Direct debit,TRUE,0,FALSE,139.84,FALSE,,,,FALSE,TRUE,TRUE,0,0,0,1/4/2025 19:04:00,Move contract,4,2,FALSE,FALSE,FALSE,FALSE,1,7,3752.7,Email,Ruzomberok,03401,,,,FALSE
d72d2e9e-fe60-4d82-851e-cbb6a2abe038,marek.balaz155@azet.sk,12393117,TX-255-791,,FALSE,2/3/2020 4:27:00,2/3/2020 4:27:00,Household,Senior assisted,Electricity + Gas,Online Domov Duo,DD2-DOM,Trencin,24ZSS8361104635P,ELM432230,TRUE,Monthly,3/5/2026 16:09:00,13841,3027,706,12/31/2026 0:00:00,Email,Monthly,4/30/2026 0:00:00,107.41,0.36,Direct debit,TRUE,0,FALSE,99.01,FALSE,,,,TRUE,FALSE,TRUE,3,2,0,2/1/2025 22:51:00,Move contract,1,6,FALSE,FALSE,TRUE,FALSE,1,7,4188.99,Phone,Trencin,91101,,,,FALSE
604dcbc7-7e4b-48b4-8c09-19f675acec00,ivana.tothova156@municipal.sk,27001116,ZX-256-472,,TRUE,2/14/2018 23:21:00,2/14/2018 23:21:00,Business,Retail services,Electricity,Verejna Sprava Elektrina,DMP1-PLYN,Zilina,24ZSS3178549553K,ELM440034,FALSE,Quarterly,5/5/2026 6:15:00,72818,32582,0,12/31/2026 0:00:00,Email,Quarterly,4/30/2026 0:00:00,249.19,0,Direct debit,TRUE,1,FALSE,221.39,TRUE,10/8/2025 11:14:00,eZona web,Android,TRUE,FALSE,TRUE,0,0,1,6/25/2025 7:57:00,Deposit change,1,7,FALSE,TRUE,FALSE,TRUE,1,2,9967.6,Phone,Zilina,01001,37,551000,obec,FALSE
782731b3-ee87-4ada-8938-1023ac835468,pavol.danko157@municipal.sk,25968849,ZX-257-360,,FALSE,6/13/2025 13:53:00,6/13/2025 13:53:00,Business,SME multi-site,Electricity,Verejna Sprava Elektrina,B2B-ELE,Zvolen,24ZSS6240093086P,ELM525708,TRUE,Monthly,5/3/2026 16:58:00,71132,107603,0,12/31/2026 0:00:00,Email,Quarterly,4/30/2026 0:00:00,169.44,0,Direct debit,TRUE,1,FALSE,181.34,FALSE,,,,TRUE,TRUE,TRUE,2,2,0,,Contact support,5,10,FALSE,FALSE,TRUE,FALSE,1,2,6099.84,eZona message,Zvolen,96001,59,852000,neziskova organizacia,FALSE
897e8cda-b93c-4951-bdba-3508bcc81501,daniel.polak158@gmail.com,19684843,ZX-258-703,,FALSE,7/18/2024 11:25:00,7/18/2024 11:25:00,Household,High consumption,Gas,Plyn Domov,DD1-DOM,Zilina,24ZSS3184325338K,GAS585403,TRUE,Monthly,4/15/2026 9:14:00,44725,0,2027,12/31/2026 0:00:00,Email,Annual,4/30/2026 0:00:00,132.49,0,Bank transfer,FALSE,1,FALSE,151.95,TRUE,2/18/2026 10:40:00,mobile web,,TRUE,FALSE,FALSE,4,2,1,,Tariff consultation,6,5,FALSE,FALSE,FALSE,TRUE,0,4,6094.54,Email,Zilina,01001,,,,FALSE
d913b699-35d9-4e38-aa65-eb731114b75e,jana.balaz159@azet.sk,10883937,TX-259-161,,FALSE,6/30/2025 4:29:00,6/30/2025 4:29:00,Household,Standard household,Electricity,Elektrina Domov,B2B-ELE,Trencin,24ZSS1221006203K,ELM763416,TRUE,Monthly,3/6/2026 3:36:00,20597,3771,0,12/31/2026 0:00:00,Email,Monthly,4/30/2026 0:00:00,61.72,0,Direct debit,TRUE,1,FALSE,58.54,TRUE,4/7/2025 11:42:00,eZona web,,TRUE,TRUE,FALSE,0,3,1,2/17/2026 0:21:00,Complaint,5,7,FALSE,FALSE,FALSE,TRUE,1,4,4135.24,Phone,Trencin,91101,,,,TRUE
5955263c-c3db-4de9-853b-62dcce17245a,zuzana.fedorova160@post.sk,10119097,LM-260-949,,FALSE,2/8/2019 23:07:00,2/8/2019 23:07:00,Household,High consumption,Electricity,Firma Elektrina Plus,DD2-DOM,Liptovsky Mikulas,24ZSS3517918752P,ELM574532,FALSE,Annual,3/14/2026 5:51:00,17750,5554,0,12/31/2026 0:00:00,Email,Annual,4/30/2026 0:00:00,62.06,0,Direct debit,TRUE,1,FALSE,58.32,TRUE,10/31/2025 2:31:00,"eZona web, mobile web",,FALSE,FALSE,TRUE,5,0,1,,Deposit change,4,10,FALSE,FALSE,FALSE,TRUE,1,6,3599.48,eZona message,Liptovsky Mikulas,03101,,,,TRUE
cc20b6a4-9bff-40fc-90eb-be954e5fb4b0,natalia.simon161@post.sk,19406527,PX-261-573,,FALSE,10/29/2023 3:29:00,10/29/2023 3:29:00,Household,Price sensitive,Gas,Plyn Komfort,DD1-DOM,Poprad,24ZSS8115632555P,GAS154004,TRUE,Monthly,4/19/2026 4:17:00,27513,0,1864,12/31/2026 0:00:00,Email,Annual,4/30/2026 0:00:00,124.52,0,Direct debit,TRUE,5,FALSE,134.91,TRUE,7/10/2025 6:42:00,mobile web,,TRUE,TRUE,TRUE,1,2,0,1/26/2025 13:57:00,Contact support,3,1,FALSE,TRUE,FALSE,TRUE,0,10,6475.04,eZona message,Poprad,05801,,,,TRUE
9547d082-795e-4905-bd37-e4e0e1e952bd,miroslav.danko162@gmail.com,16799380,LM-262-270,,FALSE,10/28/2019 9:25:00,10/28/2019 9:25:00,Household,Standard household,Electricity,Firma Elektrina Plus,VS-ELE,Liptovsky Mikulas,24ZSS8371510316M,ELM270746,TRUE,Monthly,4/27/2026 9:40:00,37701,7886,0,12/31/2026 0:00:00,Email,Quarterly,4/30/2026 0:00:00,30.5,0,Direct debit,TRUE,0,FALSE,35,TRUE,6/5/2025 20:31:00,mobile web,,TRUE,FALSE,FALSE,2,2,4,,Tariff consultation,4,9,FALSE,FALSE,FALSE,TRUE,5,3,1342,Email,Liptovsky Mikulas,03101,,,,TRUE
442d8c85-d747-4623-b42b-45df8883b72b,katarina.simon163@firma.sk,20741964,CX-263-463,ADM-156-384,FALSE,10/13/2021 22:26:00,10/13/2021 22:26:00,Business,Small business,Gas,Plyn Domov,B2B-DUO,Cadca,24ZSS7562815994M,GAS307012,TRUE,Monthly,5/5/2026 5:52:00,146526,0,2428,12/31/2026 0:00:00,Email,Monthly,4/30/2026 0:00:00,176.54,0,Direct debit,FALSE,1,FALSE,176.12,TRUE,2/3/2025 7:06:00,"eZona web, API",,TRUE,FALSE,TRUE,5,0,0,,Solar consultation,2,5,FALSE,FALSE,FALSE,TRUE,1,2,8473.92,Email,Cadca,02201,4,256200,neziskova organizacia,FALSE
24c812b4-6c3d-470b-a040-32d284584c53,miroslav.novakova164@example.sk,12904536,CX-264-142,,FALSE,1/16/2025 4:02:00,1/16/2025 4:02:00,Household,Solar interest,Gas,Firma Plyn Plus,B2B-GAS,Cadca,24ZSS7884936941P,GAS202520,TRUE,Monthly,4/23/2026 6:13:00,26289,0,1668,12/31/2026 0:00:00,Email,Monthly,4/30/2026 0:00:00,113.74,0,Postal order,FALSE,4,FALSE,110.11,TRUE,12/29/2025 10:34:00,"eZona web, API",,FALSE,FALSE,TRUE,5,1,0,2/20/2025 10:57:00,Contact support,7,2,FALSE,FALSE,FALSE,TRUE,0,7,2729.76,SMS,Cadca,02201,,,,FALSE
aa7b0718-34e5-4721-a0f3-c17595245bc3,tomas.fedorova165@post.sk,16889720,CX-265-279,,FALSE,8/6/2018 13:20:00,8/6/2018 13:20:00,Household,Solar interest,Electricity,Verejna Sprava Elektrina,DD2-DOM,Cadca,24ZSS1530514592M,ELM965804,TRUE,Monthly,3/16/2026 20:39:00,45973,2600,0,12/31/2026 0:00:00,Post,Annual,4/30/2026 0:00:00,58.49,0,Direct debit,TRUE,0,FALSE,66.66,FALSE,,,,TRUE,TRUE,TRUE,5,0,1,6/27/2025 17:50:00,Tariff consultation,10,4,FALSE,FALSE,FALSE,FALSE,0,6,1169.8,SMS,Cadca,02201,,,,FALSE
ca386896-e872-4e8a-b2fe-b7b0b4f749ce,robert.gregorova166@example.sk,19178954,PX-266-769,,FALSE,11/26/2021 16:44:00,11/26/2021 16:44:00,Household,Senior assisted,Electricity + Gas,Firma Energia Plus,DMP1-PLYN,Poprad,24ZSS5257677330M,ELM810316,FALSE,Quarterly,3/30/2026 10:52:00,3651,7599,1084,12/31/2026 0:00:00,Email,Monthly,4/30/2026 0:00:00,114.06,0,Direct debit,TRUE,1,FALSE,122.13,TRUE,1/28/2025 22:25:00,mobile web,,TRUE,FALSE,TRUE,5,0,1,11/13/2025 10:24:00,Contact support,7,7,FALSE,FALSE,FALSE,TRUE,0,5,3763.98,Phone,Poprad,05801,,,,TRUE
630a90e0-afe1-46c3-81b2-7be5364b5e41,robert.danko167@firma.sk,22395967,PX-267-655,ADM-959-853,TRUE,9/19/2025 17:54:00,9/19/2025 17:54:00,Business,Industrial,Gas,Firma Plyn Plus,VS-ELE,Poprad,24ZSS7549888048K,GAS445342,TRUE,Monthly,4/15/2026 0:09:00,14815,0,5624,12/31/2026 0:00:00,Email,Annual,4/30/2026 0:00:00,387.32,0,Direct debit,TRUE,0,FALSE,432.24,FALSE,,,,FALSE,FALSE,TRUE,3,0,1,,Tariff consultation,7,2,FALSE,FALSE,FALSE,FALSE,0,2,12394.24,SMS,Poprad,05801,2,861000,zivnostnik,FALSE
048e6cb8-5fc7-4c5b-878e-53e97d7006e0,lenka.kovac168@gmail.com,18637883,MX-268-554,,FALSE,8/5/2021 15:44:00,8/5/2021 15:44:00,Household,Price sensitive,Electricity,Firma Elektrina Plus,DD2-DOM,Martin,24ZSS7925972485P,ELM264051,FALSE,Quarterly,4/19/2026 19:56:00,23967,8666,0,12/31/2026 0:00:00,Email,Monthly,4/30/2026 0:00:00,58.65,16.48,Direct debit,TRUE,0,FALSE,56.57,TRUE,8/12/2025 17:58:00,mobile web,Android,TRUE,FALSE,FALSE,3,3,1,1/24/2025 3:36:00,Meter reading,1,10,TRUE,FALSE,FALSE,TRUE,1,5,4046.85,eZona message,Martin,03601,,,,FALSE
28a3e543-3c18-4652-be9b-c525dd548cae,pavol.varga169@municipal.sk,20671743,TX-269-473,ADM-909-495,TRUE,7/3/2022 6:20:00,7/3/2022 6:20:00,Business,Hospitality,Electricity + Gas,Online Domov Duo,VS-ELE,Trencin,24ZSS4081676722Q,ELM391650,TRUE,Monthly,4/17/2026 8:31:00,70467,80579,8892,12/31/2026 0:00:00,Email,Monthly,4/30/2026 0:00:00,543.37,0,Postal order,FALSE,0,FALSE,592.87,TRUE,9/30/2025 2:55:00,mobile web,iOS,TRUE,TRUE,TRUE,4,2,1,3/23/2026 9:17:00,Contact support,0,10,FALSE,FALSE,FALSE,TRUE,0,1,11410.77,Phone,Trencin,91101,4,620100,obec,TRUE
004b1ebf-1872-4ee3-b9b2-afdc5e4526fb,ivana.mikulas170@gmail.com,13504677,LM-270-964,,FALSE,4/8/2022 3:15:00,4/8/2022 3:15:00,Household,Standard household,Electricity + Gas,Online Domov Duo,B2B-ELE,Liptovsky Mikulas,24ZSS6163408327P,ELM403312,FALSE,Quarterly,4/8/2026 4:18:00,11592,2588,1607,12/31/2026 0:00:00,Email,Annual,4/30/2026 0:00:00,113.88,0,Card,FALSE,1,FALSE,123.73,TRUE,10/5/2025 22:10:00,"eZona web, API",,TRUE,FALSE,FALSE,0,0,1,12/9/2025 18:23:00,Move contract,3,5,FALSE,FALSE,FALSE,TRUE,0,3,6718.92,SMS,Liptovsky Mikulas,03101,,,,TRUE
0083cf84-d208-46f6-a32a-f5e8fac8e32c,lenka.kral171@example.sk,14788065,PX-271-681,,FALSE,10/24/2025 13:57:00,10/24/2025 13:57:00,Household,Solar interest,Electricity,Firma Elektrina Plus,DD2-DOM,Prievidza,24ZSS1983395802P,ELM732199,FALSE,Quarterly,4/1/2026 2:27:00,9426,4756,0,12/31/2026 0:00:00,Post,Monthly,4/30/2026 0:00:00,65.9,0,Direct debit,TRUE,1,FALSE,74.47,FALSE,,,,FALSE,TRUE,TRUE,5,0,0,,Invoice copy,10,5,FALSE,TRUE,TRUE,FALSE,0,7,2306.5,Email,Prievidza,97101,,,,FALSE
a3c86311-fb5c-4ce7-9379-e620360c6fee,robert.kollarova172@azet.sk,15090172,TX-272-834,,FALSE,5/28/2024 1:01:00,5/28/2024 1:01:00,Household,Standard household,Gas,Plyn Domov,B2B-DUO,Trencin,24ZSS1665608510M,GAS525725,TRUE,Monthly,4/1/2026 12:25:00,18375,0,1916,12/31/2026 0:00:00,Email,Annual,4/30/2026 0:00:00,137.38,281.19,Card,FALSE,2,TRUE,137.02,TRUE,1/26/2025 1:13:00,"eZona web, mobile web",,FALSE,FALSE,FALSE,5,0,1,5/29/2025 15:05:00,Tariff consultation,6,1,TRUE,FALSE,FALSE,TRUE,1,3,2884.98,Phone,Trencin,91101,,,,TRUE
90ad4ea7-1743-4ab9-a66f-5e587d77f161,zuzana.kovac173@post.sk,15074865,MX-273-248,,FALSE,10/27/2023 6:19:00,10/27/2023 6:19:00,Household,Solar interest,Electricity,Firma Elektrina Plus,B2B-DUO,Martin,24ZSS2975650998K,ELM398364,TRUE,Monthly,3/31/2026 8:31:00,35757,5918,0,12/31/2026 0:00:00,Email,Monthly,4/30/2026 0:00:00,65.12,0,Direct debit,TRUE,0,FALSE,59.82,TRUE,1/21/2025 6:30:00,"eZona web, API",,TRUE,TRUE,TRUE,3,2,0,1/7/2026 7:51:00,Deposit change,10,10,FALSE,FALSE,FALSE,TRUE,1,6,4558.4,SMS,Martin,03601,,,,FALSE
47b3b5f4-c48f-4f7b-8b91-9dcdf5d9656c,robert.lackova174@azet.sk,18960746,CX-274-459,,FALSE,8/27/2024 10:06:00,8/27/2024 10:06:00,Household,Standard household,Electricity,Elektrina Domov,DD2-DOM,Cadca,24ZSS1480105606M,ELM241350,TRUE,Monthly,4/21/2026 21:55:00,40959,5716,0,12/31/2026 0:00:00,Email,Annual,4/30/2026 0:00:00,55.09,0,Bank transfer,FALSE,0,FALSE,64.55,TRUE,7/7/2025 13:47:00,eZona web,,TRUE,FALSE,TRUE,2,3,1,3/24/2025 1:22:00,Contact support,0,9,FALSE,FALSE,TRUE,TRUE,0,1,2864.68,Email,Cadca,02201,,,,TRUE
078a8c9e-0737-404e-b494-c1901a704b0b,daniel.marekova175@post.sk,19368996,ZX-275-666,,FALSE,7/18/2023 0:22:00,7/18/2023 0:22:00,Household,Green energy,Gas,Plyn Komfort,B2B-DUO,Zvolen,24ZSS7331297382Q,GAS768657,TRUE,Monthly,4/12/2026 8:23:00,43071,0,1809,12/31/2026 0:00:00,Email,Monthly,4/30/2026 0:00:00,129.5,80.01,Direct debit,FALSE,0,FALSE,120.29,TRUE,4/17/2025 15:38:00,"eZona web, mobile web",iOS,FALSE,FALSE,TRUE,1,0,1,3/8/2025 21:17:00,Meter reading,3,2,FALSE,FALSE,TRUE,TRUE,1,5,8935.5,eZona message,Zvolen,96001,,,,TRUE
91c15820-4593-4e8b-874a-fbf931b54e88,andrea.kollarova176@example.sk,15082869,MX-276-334,,FALSE,1/27/2022 23:22:00,1/27/2022 23:22:00,Household,Senior assisted,Electricity,Firma Elektrina Plus,B2B-DUO,Martin,24ZSS6545952703Q,ELM347702,FALSE,Annual,3/13/2026 17:28:00,12633,8536,0,12/31/2026 0:00:00,Email,Annual,4/30/2026 0:00:00,27.62,0,Direct debit,TRUE,1,FALSE,24.52,TRUE,8/31/2025 8:26:00,eZona web,Android,FALSE,FALSE,TRUE,5,2,0,8/11/2025 8:50:00,Deposit change,5,10,FALSE,FALSE,FALSE,TRUE,1,4,911.46,eZona message,Martin,03601,,,,TRUE
e95fcf19-da1d-4803-bd15-b02e40d25885,pavol.danko177@example.sk,13090149,ZX-277-783,,FALSE,8/17/2019 13:13:00,8/17/2019 13:13:00,Household,Senior assisted,Gas,Firma Plyn Plus,B2B-ELE,Zvolen,24ZSS1486782187M,GAS856814,FALSE,Annual,3/7/2026 18:20:00,16457,0,1316,12/31/2026 0:00:00,Email,Quarterly,4/30/2026 0:00:00,117.38,54.62,Direct debit,TRUE,0,FALSE,134.05,TRUE,6/24/2025 8:06:00,"eZona web, API",iOS,TRUE,TRUE,TRUE,2,1,0,,Deposit change,1,1,FALSE,FALSE,FALSE,TRUE,0,6,5869,SMS,Zvolen,96001,,,,TRUE
641d1813-07ef-4fad-ad98-40aa96c1e6e7,simona.novakova178@post.sk,13808725,ZX-278-878,,FALSE,3/1/2023 13:34:00,3/1/2023 13:34:00,Household,Standard household,Electricity,Elektrina Online,B2B-DUO,Zilina,24ZSS2633722571P,ELM513310,TRUE,Monthly,3/13/2026 16:37:00,41322,4891,0,12/31/2026 0:00:00,Email,Monthly,4/30/2026 0:00:00,36.93,0,Postal order,FALSE,2,FALSE,30.9,TRUE,2/14/2026 1:01:00,"eZona web, mobile web",Android,TRUE,FALSE,TRUE,5,2,1,3/25/2026 14:27:00,Solar consultation,2,9,FALSE,FALSE,FALSE,TRUE,1,7,2585.1,SMS,Zilina,01001,,,,TRUE
5b576243-fd33-4cfc-8df1-6eb10cbde0d5,simona.horvath179@gmail.com,11061380,ZX-279-243,,FALSE,10/28/2023 19:44:00,10/28/2023 19:44:00,Household,Digital household,Gas,Plyn Komfort,B2B-DUO,Zvolen,24ZSS2264968045P,GAS305044,FALSE,Annual,4/21/2026 8:40:00,1744,0,1387,12/31/2026 0:00:00,Email,Monthly,4/30/2026 0:00:00,140.29,0,Direct debit,TRUE,1,FALSE,122.59,TRUE,4/7/2025 19:50:00,mobile web,,FALSE,FALSE,TRUE,2,3,1,5/21/2025 5:57:00,Solar consultation,3,5,FALSE,FALSE,FALSE,TRUE,1,3,7435.37,SMS,Zvolen,96001,,,,TRUE
bb71a925-fb1f-4e59-82e6-608ea22436d9,jana.tothova180@post.sk,12057969,ZX-280-153,,FALSE,8/16/2025 21:12:00,8/16/2025 21:12:00,Household,High consumption,Electricity + Gas,Firma Energia Plus,VS-ELE,Zvolen,24ZSS1658040143M,ELM313868,FALSE,Annual,3/16/2026 9:10:00,29119,1527,1687,12/31/2026 0:00:00,Email,Monthly,4/30/2026 0:00:00,126.08,153.78,Direct debit,FALSE,1,TRUE,132.52,TRUE,5/13/2025 23:20:00,mobile web,,FALSE,FALSE,FALSE,2,1,0,5/20/2025 20:58:00,Complaint,2,3,FALSE,FALSE,FALSE,TRUE,0,7,3152,eZona message,Zvolen,96001,,,,TRUE
4880a368-09ad-416a-afba-09c95b64aa4d,peter.simon181@municipal.sk,22561896,TX-281-808,ADM-527-685,TRUE,12/20/2020 12:50:00,12/20/2020 12:50:00,Business,Public sector,Electricity + Gas,Online Domov Duo,DD2-DOM,Trencin,24ZSS1036516031K,ELM479548,TRUE,Monthly,4/11/2026 3:07:00,31507,119201,12914,12/31/2026 0:00:00,Email,Quarterly,4/30/2026 0:00:00,889.92,0,Card,FALSE,0,FALSE,945.85,TRUE,2/1/2026 10:12:00,mobile web,iOS,TRUE,FALSE,TRUE,5,1,1,,Tariff consultation,4,10,FALSE,TRUE,FALSE,TRUE,0,1,47165.76,Phone,Trencin,91101,1,852000,s.r.o.,FALSE
326b17fb-90ff-45c2-8a10-445295d25dee,jana.horvath182@example.sk,11414969,PX-282-290,,FALSE,10/16/2022 8:21:00,10/16/2022 8:21:00,Household,High consumption,Electricity,Verejna Sprava Elektrina,DD2-DOM,Prievidza,24ZSS4291395918K,ELM980534,FALSE,Annual,4/2/2026 19:06:00,21971,3681,0,12/31/2026 0:00:00,Email,Annual,4/30/2026 0:00:00,21.7,0,Direct debit,TRUE,1,FALSE,23.56,TRUE,11/21/2025 12:49:00,"eZona web, API",,TRUE,TRUE,TRUE,5,2,1,2/7/2026 19:08:00,Meter reading,6,9,FALSE,FALSE,FALSE,TRUE,1,7,564.2,Phone,Prievidza,97101,,,,TRUE
7f98dec0-b9a1-4475-98d8-f5192494d4d9,daniel.kovac183@azet.sk,16305777,TX-283-675,,FALSE,9/25/2024 0:29:00,9/25/2024 0:29:00,Household,Solar interest,Electricity,Firma Elektrina Plus,DD5-SOLAR,Trencin,24ZSS4091301311P,ELM574872,TRUE,Monthly,3/30/2026 4:00:00,16768,4957,0,12/31/2026 0:00:00,Email,Annual,4/30/2026 0:00:00,70.94,0,Direct debit,TRUE,0,FALSE,70.26,TRUE,4/16/2025 22:58:00,"eZona web, API",iOS,FALSE,FALSE,TRUE,0,3,1,7/22/2025 13:09:00,Move contract,7,10,FALSE,FALSE,FALSE,TRUE,4,3,2057.26,Phone,Trencin,91101,,,,TRUE
a4ced440-55d0-480e-a4ef-1f0c8395bcba,michal.marekova184@gmail.com,16158606,RX-284-320,,FALSE,8/7/2023 17:26:00,8/7/2023 17:26:00,Household,Green energy,Electricity,Verejna Sprava Elektrina,DD2-DOM,Ruzomberok,24ZSS5595586628K,ELM692522,FALSE,Annual,4/8/2026 15:53:00,36190,5434,0,12/31/2026 0:00:00,Email,Monthly,4/30/2026 0:00:00,50.03,0,Card,FALSE,1,FALSE,55.73,TRUE,3/20/2026 16:50:00,"eZona web, API",,FALSE,FALSE,FALSE,5,3,0,1/7/2026 13:41:00,Move contract,6,10,TRUE,TRUE,TRUE,TRUE,1,6,2151.29,SMS,Ruzomberok,03401,,,,TRUE
2694d083-b15c-486a-b5ff-c62435aecfbd,miroslav.simekova185@gmail.com,14362248,MX-285-101,,FALSE,11/19/2019 12:43:00,11/19/2019 12:43:00,Household,Price sensitive,Electricity,Verejna Sprava Elektrina,DMP1-PLYN,Martin,24ZSS7398919914K,ELM313612,TRUE,Monthly,3/11/2026 5:53:00,14368,7190,0,12/31/2026 0:00:00,Post,Quarterly,4/30/2026 0:00:00,72.37,157.6,Direct debit,TRUE,5,FALSE,70.19,FALSE,,,,TRUE,FALSE,FALSE,4,1,1,,Solar consultation,4,9,FALSE,FALSE,FALSE,FALSE,0,9,3618.5,eZona message,Martin,03601,,,,FALSE
835c1a65-8762-4a38-b6db-4d0ba7d5240e,marek.fedorova186@municipal.sk,24754922,PX-286-774,,TRUE,4/22/2022 9:17:00,4/22/2022 9:17:00,Business,SME multi-site,Gas,Firma Plyn Plus,VS-ELE,Prievidza,24ZSS7223770305M,GAS887460,TRUE,Monthly,5/1/2026 14:12:00,147933,0,13547,12/31/2026 0:00:00,Email,Annual,4/30/2026 0:00:00,904.09,718.21,Card,FALSE,1,FALSE,811.85,TRUE,4/23/2025 13:07:00,"eZona web, API",,TRUE,TRUE,FALSE,3,2,0,2/8/2025 4:20:00,Deposit change,4,5,FALSE,FALSE,TRUE,FALSE,0,4,25314.52,Email,Prievidza,97101,51,861000,obec,TRUE
377390ca-cc88-4915-8a07-9fc8d2fbd443,pavol.simon187@azet.sk,13924281,PX-287-865,,FALSE,6/22/2019 3:19:00,6/22/2019 3:19:00,Household,Price sensitive,Gas,Plyn Domov,DD5-SOLAR,Poprad,24ZSS1117536725K,GAS711049,TRUE,Monthly,3/2/2026 12:53:00,6017,0,2190,12/31/2026 0:00:00,Email,Monthly,4/30/2026 0:00:00,139.45,0,Bank transfer,FALSE,0,FALSE,158.66,FALSE,,,,TRUE,FALSE,FALSE,1,0,0,1/18/2025 0:25:00,Invoice copy,7,4,FALSE,FALSE,FALSE,FALSE,1,4,7530.3,SMS,Poprad,05801,,,,FALSE
8a638270-3156-4942-b1ad-92ae6c4f403d,andrea.lackova188@post.sk,17011716,ZX-288-798,,FALSE,4/19/2020 22:10:00,4/19/2020 22:10:00,Household,Solar interest,Gas,Plyn Komfort,DD2-DOM,Zvolen,24ZSS3862207572Q,GAS803877,TRUE,Monthly,4/18/2026 19:54:00,42574,0,238,12/31/2026 0:00:00,Email,Quarterly,4/30/2026 0:00:00,71.09,0,Direct debit,TRUE,0,FALSE,68.86,TRUE,3/9/2025 9:13:00,mobile web,,FALSE,FALSE,TRUE,3,0,1,,Meter reading,8,4,FALSE,FALSE,FALSE,TRUE,1,2,4407.58,Phone,Zvolen,96001,,,,FALSE
a668e16b-4518-44b9-a63c-78baed405530,ivana.balaz189@azet.sk,10453889,RX-289-988,,FALSE,6/12/2023 0:47:00,6/12/2023 0:47:00,Household,High consumption,Electricity + Gas,Firma Energia Plus,DD1-DOM,Ruzomberok,24ZSS8529479795K,ELM443704,FALSE,Annual,3/4/2026 8:38:00,12443,2727,1405,12/31/2026 0:00:00,Email,Quarterly,4/30/2026 0:00:00,148.79,0,Direct debit,TRUE,0,FALSE,154.49,TRUE,7/29/2025 5:02:00,"eZona web, mobile web",Android,FALSE,TRUE,FALSE,5,1,0,3/25/2025 16:23:00,Tariff consultation,5,6,FALSE,TRUE,FALSE,TRUE,0,2,8927.4,eZona message,Ruzomberok,03401,,,,TRUE
5c949a42-fb2f-437b-945d-80577113d9e8,peter.varga190@example.sk,10398458,ZX-290-652,,FALSE,3/14/2026 3:55:00,3/14/2026 3:55:00,Household,Digital household,Electricity + Gas,Duo Komfort,B2B-GAS,Zvolen,24ZSS1804106691Q,ELM603304,TRUE,Monthly,3/15/2026 9:19:00,35471,7754,124,12/31/2026 0:00:00,Email,Monthly,4/30/2026 0:00:00,59.29,0,Direct debit,TRUE,0,FALSE,65.29,TRUE,12/28/2025 3:34:00,eZona web,,FALSE,TRUE,TRUE,5,2,1,1/27/2025 14:39:00,Invoice copy,1,7,FALSE,FALSE,FALSE,TRUE,3,1,1422.96,Email,Zvolen,96001,,,,TRUE
7fe824f3-202b-4278-8178-d5dba5af3b79,pavol.lackova191@azet.sk,14773775,PX-291-201,,FALSE,11/24/2024 1:50:00,11/24/2024 1:50:00,Household,High consumption,Gas,Plyn Komfort,DD2-DOM,Poprad,24ZSS7376286650P,GAS111049,FALSE,Annual,4/3/2026 0:38:00,10439,0,323,12/31/2026 0:00:00,Email,Monthly,4/30/2026 0:00:00,91.77,0,Postal order,FALSE,0,FALSE,105.94,FALSE,,,,TRUE,TRUE,FALSE,2,0,0,,Contact support,6,6,FALSE,FALSE,TRUE,FALSE,1,3,4955.58,SMS,Poprad,05801,,,,FALSE
402de498-6e78-4d69-8996-1571fd558101,tomas.marekova192@example.sk,19862941,TX-292-506,,FALSE,10/5/2024 0:18:00,10/5/2024 0:18:00,Household,Senior assisted,Electricity,Elektrina Domov,B2B-ELE,Trencin,24ZSS7114485897Q,ELM735607,TRUE,Monthly,4/22/2026 7:26:00,18944,7457,0,12/31/2026 0:00:00,Email,Monthly,4/30/2026 0:00:00,39.42,0,Direct debit,FALSE,0,FALSE,36.54,TRUE,4/21/2026 11:05:00,"eZona web, mobile web",iOS,TRUE,FALSE,FALSE,1,2,1,,Solar consultation,4,10,FALSE,FALSE,TRUE,TRUE,1,5,1261.44,Email,Trencin,91101,,,,TRUE
bb89c596-8b25-4ba5-9554-881f9a495b5b,katarina.kollarova193@post.sk,19474695,CX-293-465,,FALSE,8/6/2025 18:49:00,8/6/2025 18:49:00,Household,High consumption,Electricity,Elektrina Online,B2B-DUO,Cadca,24ZSS5662565365M,ELM848091,TRUE,Monthly,3/22/2026 23:45:00,42665,8714,0,12/31/2026 0:00:00,Email,Annual,4/30/2026 0:00:00,57.66,0,Direct debit,TRUE,4,FALSE,62.82,TRUE,3/16/2025 23:57:00,"eZona web, mobile web",iOS,FALSE,FALSE,TRUE,5,0,2,11/4/2025 19:57:00,Invoice copy,5,10,TRUE,FALSE,FALSE,TRUE,1,6,1383.84,SMS,Cadca,02201,,,,TRUE
b98a5f0a-6f05-4c7b-9cc2-f4030aa971da,monika.horvath194@example.sk,16233365,CX-294-316,,FALSE,8/3/2020 20:30:00,8/3/2020 20:30:00,Household,Price sensitive,Electricity,Elektrina Online,VS-ELE,Cadca,24ZSS6084227971M,ELM512520,FALSE,Quarterly,4/27/2026 2:46:00,36025,5512,0,12/31/2026 0:00:00,Email,Monthly,4/30/2026 0:00:00,34.05,30.48,Bank transfer,FALSE,0,FALSE,36.64,TRUE,5/4/2025 23:23:00,eZona web,iOS,TRUE,FALSE,FALSE,1,0,0,4/26/2025 0:26:00,Complaint,0,6,FALSE,FALSE,FALSE,TRUE,0,3,885.3,SMS,Cadca,02201,,,,TRUE
9d2d5b8e-4246-4726-b484-99fc88002caa,ivana.marekova195@azet.sk,12441547,MX-295-487,,FALSE,1/2/2024 20:13:00,1/2/2024 20:13:00,Household,Senior assisted,Gas,Firma Plyn Plus,DMP1-PLYN,Martin,24ZSS9300961338P,GAS434372,FALSE,Annual,3/20/2026 4:08:00,11240,0,735,12/31/2026 0:00:00,Email,Monthly,4/30/2026 0:00:00,74.43,19.59,Direct debit,FALSE,0,FALSE,79.5,FALSE,,,,FALSE,FALSE,FALSE,5,0,0,,Contact support,2,4,FALSE,FALSE,TRUE,FALSE,0,1,1786.32,Phone,Martin,03601,,,,FALSE
c323567b-0efb-48af-beae-e03b2c2bee4c,michal.kral196@post.sk,10033695,LM-296-485,,FALSE,8/14/2021 18:52:00,8/14/2021 18:52:00,Household,Green energy,Electricity,Verejna Sprava Elektrina,B2B-DUO,Liptovsky Mikulas,24ZSS6976922107K,ELM787026,TRUE,Monthly,4/20/2026 20:37:00,12316,8309,0,12/31/2026 0:00:00,Email,Annual,4/30/2026 0:00:00,38.58,36.29,Bank transfer,FALSE,0,FALSE,44.52,TRUE,4/4/2026 2:47:00,mobile web,,TRUE,TRUE,TRUE,5,2,1,,Deposit change,3,10,FALSE,FALSE,TRUE,TRUE,0,2,1774.68,eZona message,Liptovsky Mikulas,03101,,,,FALSE
9416c19a-1ecc-42d3-8a63-8178607797d0,miroslav.mikulas197@example-business.sk,28945190,ZX-297-909,ADM-819-584,FALSE,5/17/2025 22:59:00,5/17/2025 22:59:00,Business,Hospitality,Electricity,Verejna Sprava Elektrina,B2B-DUO,Zvolen,24ZSS6856037513K,ELM569472,TRUE,Monthly,5/4/2026 8:30:00,197043,21761,0,12/31/2026 0:00:00,Email,Monthly,4/30/2026 0:00:00,222.13,0,Direct debit,TRUE,1,FALSE,195.21,TRUE,3/23/2025 2:21:00,mobile web,,TRUE,FALSE,TRUE,5,3,0,6/17/2025 16:04:00,Invoice copy,7,7,FALSE,FALSE,TRUE,FALSE,4,4,5997.51,SMS,Zvolen,96001,59,551000,s.r.o.,TRUE
dcb32659-dea5-47a0-a42b-6c1a48b95263,andrea.danko198@example.sk,16423159,CX-298-360,,FALSE,11/29/2018 2:02:00,11/29/2018 2:02:00,Household,Digital household,Electricity + Gas,Firma Energia Plus,B2B-GAS,Cadca,24ZSS7649558565M,ELM149900,TRUE,Monthly,3/20/2026 7:31:00,12429,6299,555,12/31/2026 0:00:00,Email,Annual,4/30/2026 0:00:00,87.72,0,Direct debit,TRUE,0,FALSE,74.8,TRUE,10/8/2025 1:05:00,"eZona web, mobile web",,TRUE,TRUE,TRUE,1,3,0,4/19/2026 9:28:00,Contact support,6,10,FALSE,TRUE,FALSE,TRUE,1,1,3947.4,eZona message,Cadca,02201,,,,TRUE
8466255a-8e87-4e22-81fb-fa753ba18d49,tomas.halas199@azet.sk,11940898,RX-299-121,,FALSE,6/11/2021 6:52:00,6/11/2021 6:52:00,Household,Digital household,Electricity + Gas,Firma Energia Plus,B2B-GAS,Ruzomberok,24ZSS3191256205Q,ELM297489,TRUE,Monthly,4/8/2026 16:18:00,21403,3799,2016,12/31/2026 0:00:00,Email,Monthly,4/30/2026 0:00:00,161.6,0,Postal order,FALSE,1,FALSE,136.23,TRUE,8/22/2025 3:52:00,mobile web,,TRUE,TRUE,TRUE,5,3,3,5/9/2025 7:53:00,Move contract,4,4,FALSE,FALSE,FALSE,TRUE,1,4,11473.6,Phone,Ruzomberok,03401,,,,TRUE
17a7cd74-2990-4378-b16d-4af6d01a2d28,michal.fedorova200@azet.sk,13212331,PX-300-585,,FALSE,6/11/2025 17:24:00,6/11/2025 17:24:00,Household,Senior assisted,Gas,Plyn Komfort,B2B-GAS,Poprad,24ZSS6999952611M,GAS802314,FALSE,Quarterly,3/28/2026 1:01:00,45533,0,1249,12/31/2026 0:00:00,Email,Annual,4/30/2026 0:00:00,92.7,160.33,Postal order,FALSE,1,FALSE,80.25,TRUE,5/26/2025 13:59:00,"eZona web, mobile web",,TRUE,FALSE,FALSE,0,3,1,12/14/2025 10:05:00,Tariff consultation,3,5,FALSE,FALSE,FALSE,TRUE,0,4,5932.8,Phone,Poprad,05801,,,,TRUE
6fa57de5-6729-441e-956a-38ef771b9052,andrea.simon201@post.sk,17817325,LM-301-750,,FALSE,4/9/2025 3:48:00,4/9/2025 3:48:00,Household,Green energy,Gas,Plyn Komfort,DD1-DOM,Liptovsky Mikulas,24ZSS7304441570P,GAS981119,TRUE,Monthly,3/14/2026 0:55:00,31802,0,301,12/31/2026 0:00:00,Post,Annual,4/30/2026 0:00:00,84.56,0,Direct debit,TRUE,1,FALSE,91.31,TRUE,4/11/2026 20:33:00,mobile web,,TRUE,FALSE,TRUE,2,3,0,4/20/2025 3:27:00,Complaint,1,2,FALSE,TRUE,TRUE,FALSE,0,6,4481.68,Email,Liptovsky Mikulas,03101,,,,TRUE
0ba8bd8b-cf6b-400d-982e-ccef0ac6eaa7,ivana.varga202@example.sk,15787618,CX-302-836,,FALSE,12/9/2023 22:39:00,12/9/2023 22:39:00,Household,Green energy,Electricity,Firma Elektrina Plus,DD1-DOM,Cadca,24ZSS7053815629P,ELM753424,TRUE,Monthly,3/29/2026 19:14:00,34163,1747,0,12/31/2026 0:00:00,Email,Annual,4/30/2026 0:00:00,62.33,0,Card,FALSE,0,FALSE,68.86,TRUE,1/2/2025 22:52:00,"eZona web, API",Android,TRUE,FALSE,TRUE,4,0,4,,Deposit change,1,2,FALSE,FALSE,TRUE,TRUE,0,6,3365.82,SMS,Cadca,02201,,,,FALSE
547277f8-4e01-47b5-ad34-7b5c814d16a7,ivana.mikulas203@post.sk,19820832,CX-303-943,,FALSE,1/30/2024 21:14:00,1/30/2024 21:14:00,Household,Digital household,Electricity + Gas,Online Domov Duo,DD5-SOLAR,Cadca,24ZSS9574318321M,ELM337718,TRUE,Monthly,3/25/2026 16:08:00,32355,4966,1598,12/31/2026 0:00:00,Email,Quarterly,4/30/2026 0:00:00,136.83,33.6,Bank transfer,FALSE,0,FALSE,120.65,TRUE,3/30/2026 1:12:00,eZona web,,TRUE,TRUE,TRUE,5,0,0,3/17/2026 10:21:00,Meter reading,7,8,FALSE,TRUE,FALSE,TRUE,1,7,3694.41,Email,Cadca,02201,,,,TRUE
e5ea8abf-834c-4d8b-acdf-8087b841a9a6,pavol.balaz204@post.sk,12249595,PX-304-279,,FALSE,2/16/2023 14:04:00,2/16/2023 14:04:00,Household,Price sensitive,Electricity,Verejna Sprava Elektrina,VS-ELE,Prievidza,24ZSS1084878833M,ELM239630,FALSE,Annual,3/30/2026 22:33:00,37286,6266,0,12/31/2026 0:00:00,Post,Quarterly,4/30/2026 0:00:00,40.19,0.16,Bank transfer,FALSE,0,FALSE,40.81,FALSE,,,,FALSE,TRUE,TRUE,0,3,3,,Invoice copy,2,7,FALSE,TRUE,FALSE,FALSE,5,3,2893.68,SMS,Prievidza,97101,,,,FALSE
50784bf3-8c27-40ff-89e2-03a65913d96c,zuzana.kovac205@post.sk,11587069,ZX-305-621,,FALSE,3/2/2019 10:52:00,3/2/2019 10:52:00,Household,Standard household,Electricity + Gas,Online Domov Duo,B2B-ELE,Zvolen,24ZSS6214604868Q,ELM360966,FALSE,Quarterly,3/16/2026 18:46:00,32347,1956,1955,12/31/2026 0:00:00,Email,Annual,4/30/2026 0:00:00,153.9,56.59,Direct debit,FALSE,0,FALSE,165.75,TRUE,3/19/2026 7:14:00,"eZona web, API",Android,FALSE,FALSE,FALSE,1,2,0,4/19/2026 14:53:00,Move contract,6,6,FALSE,TRUE,FALSE,TRUE,0,7,5540.4,Phone,Zvolen,96001,,,,FALSE
38126e30-aa16-4399-9510-bc9ba1478ebb,jana.varga206@municipal.sk,23360591,TX-306-596,ADM-554-109,FALSE,2/21/2023 18:46:00,2/21/2023 18:46:00,Business,Public sector,Electricity,Firma Elektrina Plus,B2B-GAS,Trencin,24ZSS6502468661P,ELM949006,TRUE,Monthly,4/24/2026 23:14:00,101638,17259,0,12/31/2026 0:00:00,Email,Annual,4/30/2026 0:00:00,65.28,0,Direct debit,TRUE,0,FALSE,63.75,TRUE,7/7/2025 7:00:00,"eZona web, API",Android,TRUE,TRUE,FALSE,3,0,1,6/13/2025 9:51:00,Move contract,1,7,FALSE,FALSE,FALSE,TRUE,1,0,3002.88,Email,Trencin,91101,31,256200,zivnostnik,TRUE
77bdf0e1-92e6-4d67-b0b0-6d90d68f3047,ivana.danko207@azet.sk,13755804,LM-307-893,,FALSE,7/6/2018 2:57:00,7/6/2018 2:57:00,Household,Digital household,Gas,Firma Plyn Plus,DD1-DOM,Liptovsky Mikulas,24ZSS2611869501M,GAS537572,TRUE,Monthly,3/30/2026 14:40:00,27761,0,1028,12/31/2026 0:00:00,Post,Annual,4/30/2026 0:00:00,75.54,142.86,Direct debit,TRUE,1,FALSE,83.85,FALSE,,,,TRUE,FALSE,TRUE,5,3,1,2/26/2026 21:29:00,Meter reading,2,4,FALSE,FALSE,FALSE,FALSE,1,3,3323.76,Phone,Liptovsky Mikulas,03101,,,,FALSE
e93fe9f6-1b3c-4eeb-90f0-8b6b1d01de3e,pavol.simekova208@gmail.com,12405064,CX-308-492,,FALSE,1/15/2018 12:28:00,1/15/2018 12:28:00,Household,Standard household,Gas,Firma Plyn Plus,VS-ELE,Cadca,24ZSS3607204363Q,GAS157562,TRUE,Monthly,4/23/2026 5:16:00,24634,0,120,12/31/2026 0:00:00,Email,Monthly,4/30/2026 0:00:00,49.6,26.14,Direct debit,TRUE,0,FALSE,44.85,FALSE,,,,TRUE,FALSE,FALSE,3,3,0,,Deposit change,4,3,FALSE,FALSE,FALSE,FALSE,3,5,2083.2,Phone,Cadca,02201,,,,FALSE
8c99ab9c-2b52-4c15-9b57-f47cc699fc13,daniel.simekova209@firma.sk,21963112,PX-309-171,ADM-722-899,TRUE,3/6/2024 18:06:00,3/6/2024 18:06:00,Business,Industrial,Gas,Plyn Domov,VS-ELE,Poprad,24ZSS7075831337P,GAS345676,TRUE,Monthly,4/22/2026 4:35:00,180443,0,13720,12/31/2026 0:00:00,Email,Quarterly,4/30/2026 0:00:00,838.6,0,Direct debit,TRUE,1,FALSE,928.2,TRUE,2/17/2026 10:25:00,eZona web,,TRUE,TRUE,FALSE,3,3,0,10/25/2025 6:19:00,Complaint,4,1,FALSE,TRUE,TRUE,TRUE,0,6,51154.6,Email,Poprad,05801,5,471100,a.s.,FALSE
6632c62b-4557-4cb1-ad26-30abfc538fc9,andrea.gregorova210@gmail.com,17986421,TX-310-384,,FALSE,7/16/2018 20:57:00,7/16/2018 20:57:00,Household,Digital household,Electricity,Elektrina Online,DD1-DOM,Trencin,24ZSS7678365101Q,ELM118511,TRUE,Monthly,4/6/2026 23:27:00,13349,8756,0,12/31/2026 0:00:00,Email,Monthly,4/30/2026 0:00:00,34.66,0,Bank transfer,FALSE,0,FALSE,37.35,TRUE,12/2/2025 13:26:00,eZona web,,TRUE,TRUE,TRUE,3,3,1,,Tariff consultation,6,8,TRUE,TRUE,TRUE,TRUE,0,2,831.84,SMS,Trencin,91101,,,,TRUE
d144c70b-d787-4ff0-aaca-6bc197150573,monika.bartosova211@post.sk,11286953,MX-311-845,,FALSE,6/5/2020 3:47:00,6/5/2020 3:47:00,Household,High consumption,Gas,Plyn Domov,DD5-SOLAR,Martin,24ZSS8272532626K,GAS577577,TRUE,Monthly,4/24/2026 2:28:00,18352,0,715,12/31/2026 0:00:00,Post,Quarterly,4/30/2026 0:00:00,85.33,0,Direct debit,FALSE,1,FALSE,79.94,FALSE,,,,TRUE,TRUE,TRUE,5,1,0,1/10/2025 7:04:00,Invoice copy,4,3,FALSE,TRUE,FALSE,FALSE,2,2,3925.18,Phone,Martin,03601,,,,FALSE
e6a1d6a0-85d6-40c1-b0a9-7756007efd2e,lenka.urban212@post.sk,11838996,ZX-312-129,,FALSE,3/31/2024 9:44:00,3/31/2024 9:44:00,Household,Green energy,Gas,Plyn Komfort,B2B-DUO,Zvolen,24ZSS4780840544Q,GAS283201,FALSE,Quarterly,3/28/2026 2:48:00,39880,0,1784,12/31/2026 0:00:00,Email,Monthly,4/30/2026 0:00:00,144.12,0,Card,FALSE,0,FALSE,134.43,FALSE,,,,TRUE,TRUE,TRUE,4,0,1,9/23/2025 18:22:00,Contact support,0,1,TRUE,TRUE,TRUE,FALSE,1,6,7782.48,SMS,Zvolen,96001,,,,FALSE
65bbad54-3497-4395-bae7-34c512aa5517,veronika.urban213@example.sk,10088781,CX-313-781,,FALSE,11/14/2025 19:39:00,11/14/2025 19:39:00,Household,Price sensitive,Electricity + Gas,Duo Komfort,DD5-SOLAR,Cadca,24ZSS2009998008Q,ELM195872,FALSE,Quarterly,3/8/2026 0:19:00,34158,2310,1589,12/31/2026 0:00:00,Email,Annual,4/30/2026 0:00:00,128.83,0,Direct debit,TRUE,1,FALSE,144.75,TRUE,12/15/2025 2:09:00,eZona web,Android,FALSE,FALSE,FALSE,4,1,1,11/20/2025 1:36:00,Complaint,6,4,TRUE,FALSE,FALSE,TRUE,0,7,7343.31,SMS,Cadca,02201,,,,FALSE
89090f43-26a8-4767-b13c-57bd7c824881,ivana.marekova214@azet.sk,12365099,ZX-314-296,,FALSE,5/29/2021 10:14:00,5/29/2021 10:14:00,Household,Digital household,Electricity + Gas,Online Domov Duo,DD2-DOM,Zilina,24ZSS6388943727Q,ELM945386,TRUE,Monthly,3/8/2026 22:02:00,32550,4090,1881,12/31/2026 0:00:00,Email,Annual,4/30/2026 0:00:00,138.23,0,Direct debit,TRUE,3,FALSE,145.09,TRUE,2/10/2026 11:40:00,"eZona web, mobile web",iOS,TRUE,FALSE,FALSE,2,0,1,3/30/2026 8:31:00,Invoice copy,2,9,FALSE,FALSE,FALSE,TRUE,0,3,4008.67,Email,Zilina,01001,,,,TRUE
51b9aab9-59da-4ee9-a7cb-67cb60bae978,daniel.varga215@example-business.sk,24107567,RX-315-971,ADM-445-319,FALSE,5/20/2024 3:19:00,5/20/2024 3:19:00,Business,Hospitality,Electricity,Firma Elektrina Plus,DD1-DOM,Ruzomberok,24ZSS5954672187K,ELM555869,FALSE,Annual,3/12/2026 5:44:00,168005,84094,0,12/31/2026 0:00:00,Post,Annual,4/30/2026 0:00:00,47.98,0,Direct debit,TRUE,0,FALSE,46.96,TRUE,2/6/2026 17:39:00,"eZona web, API",Android,TRUE,TRUE,TRUE,4,1,1,,Meter reading,7,10,FALSE,FALSE,FALSE,FALSE,0,1,3358.6,SMS,Ruzomberok,03401,60,861000,zivnostnik,TRUE
b375838e-83dc-486f-b4c2-e1f9a54f8d18,juraj.bartosova216@azet.sk,18403051,ZX-316-909,,FALSE,6/10/2025 18:21:00,6/10/2025 18:21:00,Household,Green energy,Gas,Plyn Komfort,B2B-DUO,Zilina,24ZSS3071510128P,GAS376662,TRUE,Monthly,4/17/2026 19:30:00,42004,0,1919,12/31/2026 0:00:00,Email,Monthly,4/30/2026 0:00:00,148.55,0,Direct debit,TRUE,1,FALSE,164.73,TRUE,10/12/2025 1:35:00,mobile web,,FALSE,FALSE,TRUE,2,3,0,12/5/2025 14:19:00,Move contract,1,1,FALSE,FALSE,TRUE,TRUE,1,1,7278.95,Email,Zilina,01001,,,,TRUE
e15d6eec-5080-4887-8b15-6fa1dab925d7,ivana.halas217@post.sk,19143920,RX-317-641,,FALSE,7/4/2021 9:19:00,7/4/2021 9:19:00,Household,Solar interest,Electricity,Elektrina Domov,DD1-DOM,Ruzomberok,24ZSS7114325335P,ELM827411,TRUE,Monthly,3/18/2026 0:08:00,42270,7677,0,12/31/2026 0:00:00,Post,Annual,4/30/2026 0:00:00,43.46,0,Direct debit,TRUE,1,FALSE,36.09,FALSE,,,,FALSE,FALSE,TRUE,4,1,0,3/16/2025 0:01:00,Complaint,10,10,FALSE,FALSE,FALSE,FALSE,0,1,999.58,Email,Ruzomberok,03401,,,,FALSE
ca818487-6a54-4704-906f-ddeb8c21b73d,zuzana.kollarova218@post.sk,14808874,PX-318-826,,FALSE,9/11/2020 19:54:00,9/11/2020 19:54:00,Household,Solar interest,Electricity + Gas,Firma Energia Plus,B2B-DUO,Poprad,24ZSS8148009940Q,ELM969127,TRUE,Monthly,5/2/2026 2:11:00,42329,8952,1223,12/31/2026 0:00:00,Email,Monthly,4/30/2026 0:00:00,112.97,0,Direct debit,TRUE,1,FALSE,100.2,TRUE,10/11/2025 19:58:00,"eZona web, mobile web",Android,TRUE,TRUE,FALSE,5,3,1,,Solar consultation,8,9,FALSE,FALSE,FALSE,TRUE,1,4,2485.34,Phone,Poprad,05801,,,,TRUE
862dc7f1-2fe5-4647-8711-7c01ff8afff8,veronika.marekova219@gmail.com,10517741,CX-319-558,,FALSE,10/14/2018 18:37:00,10/14/2018 18:37:00,Household,Green energy,Electricity,Elektrina Online,DD1-DOM,Cadca,24ZSS9546771032P,ELM551065,TRUE,Monthly,5/8/2026 20:01:00,26878,4738,0,12/31/2026 0:00:00,Email,Monthly,4/30/2026 0:00:00,69.9,0,Direct debit,TRUE,0,FALSE,57.89,TRUE,7/30/2025 8:22:00,"eZona web, mobile web",,FALSE,FALSE,TRUE,1,0,1,,Contact support,7,7,FALSE,FALSE,FALSE,TRUE,1,5,3005.7,Phone,Cadca,02201,,,,TRUE
b5db36de-ced4-41a8-b74a-d38d4fd1535a,juraj.mikulas220@firma.sk,25466825,PX-320-403,ADM-613-905,TRUE,11/11/2023 5:50:00,11/11/2023 5:50:00,Business,SME multi-site,Gas,Plyn Komfort,DMP1-PLYN,Prievidza,24ZSS1739478801M,GAS597861,FALSE,Annual,5/5/2026 3:35:00,4055,0,4151,12/31/2026 0:00:00,Email,Quarterly,4/30/2026 0:00:00,385.31,0,Direct debit,TRUE,0,FALSE,436.15,TRUE,9/24/2025 13:58:00,"eZona web, mobile web",Android,FALSE,TRUE,FALSE,5,2,0,4/13/2026 0:07:00,Meter reading,7,6,FALSE,FALSE,TRUE,TRUE,1,4,23503.91,Email,Prievidza,97101,7,561000,obec,TRUE
7f893e53-3870-427a-9f3f-9ecd833a77dc,natalia.polak221@post.sk,17329947,ZX-321-446,,FALSE,8/11/2018 7:16:00,8/11/2018 7:16:00,Household,Green energy,Electricity,Verejna Sprava Elektrina,B2B-ELE,Zilina,24ZSS4118221676Q,ELM746532,FALSE,Quarterly,3/20/2026 21:47:00,34180,8254,0,12/31/2026 0:00:00,Email,Annual,4/30/2026 0:00:00,28.57,65.33,Direct debit,TRUE,1,TRUE,23.53,TRUE,7/25/2025 20:37:00,eZona web,,FALSE,TRUE,FALSE,2,1,0,2/18/2025 23:16:00,Contact support,7,10,TRUE,FALSE,TRUE,TRUE,0,3,1342.79,Email,Zilina,01001,,,,TRUE
f7ba81b1-4824-409b-8899-3eaa3b592628,juraj.bartosova222@gmail.com,13782985,PX-322-922,,FALSE,1/11/2026 7:17:00,1/11/2026 7:17:00,Household,Standard household,Gas,Plyn Komfort,VS-ELE,Prievidza,24ZSS2620346757M,GAS954279,FALSE,Annual,3/7/2026 19:53:00,21877,0,2069,12/31/2026 0:00:00,Email,Annual,4/30/2026 0:00:00,167.8,120.98,Postal order,FALSE,1,FALSE,163.18,FALSE,,,,TRUE,FALSE,FALSE,1,0,0,1/1/2025 9:29:00,Deposit change,1,3,FALSE,FALSE,FALSE,FALSE,1,8,8557.8,SMS,Prievidza,97101,,,,FALSE
720a7d63-0a9a-47dd-bbba-6e3610030f4d,daniel.kovac223@azet.sk,10938194,CX-323-865,,FALSE,8/22/2021 20:41:00,8/22/2021 20:41:00,Household,Digital household,Electricity,Firma Elektrina Plus,B2B-GAS,Cadca,24ZSS6371584100K,ELM480333,FALSE,Quarterly,3/27/2026 17:08:00,5876,3983,0,12/31/2026 0:00:00,Email,Annual,4/30/2026 0:00:00,29.76,17.29,Postal order,FALSE,0,FALSE,32.85,TRUE,11/10/2025 19:05:00,mobile web,iOS,TRUE,FALSE,TRUE,4,2,1,4/10/2025 5:58:00,Meter reading,6,6,FALSE,TRUE,FALSE,FALSE,0,2,1666.56,SMS,Cadca,02201,,,,TRUE
1d21708d-46c0-41b1-9494-375f1996d3a5,peter.simekova224@energia-client.sk,29601092,TX-324-323,,TRUE,1/13/2026 13:45:00,1/13/2026 13:45:00,Business,Retail services,Gas,Firma Plyn Plus,VS-ELE,Trencin,24ZSS1195820438K,GAS782512,TRUE,Monthly,3/7/2026 16:17:00,238014,0,4472,12/31/2026 0:00:00,Email,Monthly,4/30/2026 0:00:00,300.96,167.2,Direct debit,TRUE,1,FALSE,277.6,TRUE,4/4/2025 20:19:00,mobile web,,FALSE,TRUE,FALSE,0,0,1,3/9/2025 8:50:00,Invoice copy,5,5,FALSE,FALSE,FALSE,TRUE,1,5,12038.4,Email,Trencin,91101,56,256200,s.r.o.,TRUE
a440a8b5-7aee-4274-9b70-f4379ee6da4f,veronika.varga225@post.sk,12021559,RX-325-416,,FALSE,3/16/2022 8:11:00,3/16/2022 8:11:00,Household,Senior assisted,Gas,Plyn Komfort,DD2-DOM,Ruzomberok,24ZSS5368778213Q,GAS459138,FALSE,Quarterly,3/14/2026 19:22:00,8888,0,763,12/31/2026 0:00:00,Email,Monthly,4/30/2026 0:00:00,101.97,0,Direct debit,TRUE,1,FALSE,119.81,TRUE,4/1/2026 14:00:00,"eZona web, mobile web",,TRUE,TRUE,TRUE,1,2,1,1/31/2025 11:46:00,Complaint,3,2,FALSE,FALSE,FALSE,TRUE,0,7,4384.71,Phone,Ruzomberok,03401,,,,TRUE
487cf86a-f384-4281-9298-99dfd364223b,katarina.kral226@firma.sk,21633727,BB-326-635,,FALSE,1/4/2025 13:03:00,1/4/2025 13:03:00,Business,Small business,Electricity,Elektrina Online,DMP1-PLYN,Banska Bystrica,24ZSS1596031863P,ELM141249,TRUE,Monthly,4/18/2026 21:07:00,93017,17226,0,12/31/2026 0:00:00,Post,Monthly,4/30/2026 0:00:00,236.27,545.29,Direct debit,TRUE,1,FALSE,214.54,FALSE,,,,TRUE,TRUE,TRUE,3,0,1,,Deposit change,3,6,FALSE,TRUE,FALSE,FALSE,0,2,17011.44,Phone,Banska Bystrica,97401,35,493200,a.s.,FALSE
57ce8cbb-1634-457d-8cc1-81be54a1514e,andrea.urban227@example-business.sk,23001124,PX-327-375,,FALSE,4/30/2023 17:32:00,4/30/2023 17:32:00,Business,SME multi-site,Electricity + Gas,Firma Energia Plus,DMP1-PLYN,Prievidza,24ZSS6675744646P,ELM512320,TRUE,Monthly,3/22/2026 7:49:00,163103,25103,10796,12/31/2026 0:00:00,Email,Quarterly,4/30/2026 0:00:00,812.55,584.68,Postal order,FALSE,1,FALSE,865.4,TRUE,4/17/2026 19:39:00,eZona web,iOS,TRUE,FALSE,FALSE,2,1,0,3/10/2026 1:28:00,Deposit change,6,5,FALSE,FALSE,FALSE,TRUE,1,5,35752.2,Email,Prievidza,97101,23,493200,zivnostnik,FALSE
8f4c7b3d-ba6e-4827-ae37-47a95decd9b8,peter.marekova228@post.sk,14212211,TX-328-686,,FALSE,10/2/2018 12:52:00,10/2/2018 12:52:00,Household,Price sensitive,Gas,Firma Plyn Plus,DMP1-PLYN,Trencin,24ZSS2559334567Q,GAS646888,TRUE,Monthly,4/30/2026 9:56:00,15635,0,954,12/31/2026 0:00:00,Email,Annual,4/30/2026 0:00:00,107.47,200.26,Direct debit,TRUE,1,TRUE,97.56,TRUE,12/8/2025 21:39:00,eZona web,,TRUE,TRUE,FALSE,3,1,1,,Tariff consultation,3,6,FALSE,FALSE,FALSE,TRUE,1,5,6340.73,Phone,Trencin,91101,,,,TRUE
fc831565-a1fb-483c-b852-871e1bce40c3,jana.simekova229@example.sk,15629121,TX-329-756,,FALSE,12/12/2018 8:03:00,12/12/2018 8:03:00,Household,Solar interest,Electricity + Gas,Firma Energia Plus,VS-ELE,Trencin,24ZSS9984179817K,ELM502191,FALSE,Quarterly,4/11/2026 11:22:00,46662,7984,1829,12/31/2026 0:00:00,Email,Monthly,4/30/2026 0:00:00,137.11,0,Bank transfer,FALSE,0,FALSE,121.47,TRUE,1/31/2025 21:40:00,eZona web,Android,FALSE,TRUE,FALSE,3,1,1,4/12/2026 18:42:00,Contact support,7,8,FALSE,FALSE,FALSE,TRUE,1,4,6307.06,Phone,Trencin,91101,,,,TRUE
248f480a-4d69-4d59-bc98-e7de9f5a5a3e,michal.tothova230@azet.sk,16295263,CX-330-236,,FALSE,10/14/2023 22:10:00,10/14/2023 22:10:00,Household,Standard household,Electricity + Gas,Online Domov Duo,DD5-SOLAR,Cadca,24ZSS3853243457P,ELM140219,FALSE,Annual,3/31/2026 10:55:00,40870,2498,1579,12/31/2026 0:00:00,Post,Quarterly,4/30/2026 0:00:00,149.32,127.06,Direct debit,TRUE,1,FALSE,160.9,TRUE,2/14/2025 9:14:00,"eZona web, mobile web",,TRUE,TRUE,FALSE,0,1,1,,Contact support,3,5,FALSE,TRUE,TRUE,FALSE,1,3,2986.4,Phone,Cadca,02201,,,,TRUE
c535c389-2051-46e2-a74e-c06fce91c8c9,marek.fedorova231@municipal.sk,27534311,LM-331-203,ADM-987-546,TRUE,12/14/2022 20:45:00,12/14/2022 20:45:00,Business,Retail services,Gas,Plyn Domov,B2B-ELE,Liptovsky Mikulas,24ZSS1131477497Q,GAS294664,FALSE,Annual,4/19/2026 9:24:00,106254,0,10458,12/31/2026 0:00:00,Post,Quarterly,4/30/2026 0:00:00,679.19,450.83,Card,FALSE,1,FALSE,658.51,FALSE,,,,TRUE,FALSE,TRUE,5,3,1,1/12/2026 23:04:00,Invoice copy,0,3,FALSE,FALSE,FALSE,FALSE,1,8,12225.42,eZona message,Liptovsky Mikulas,03101,26,620100,zivnostnik,FALSE
a78be578-0d5c-46af-9cfc-901be9df223b,monika.lackova232@azet.sk,16733594,ZX-332-554,,FALSE,2/7/2023 23:39:00,2/7/2023 23:39:00,Household,Price sensitive,Electricity,Verejna Sprava Elektrina,DD1-DOM,Zvolen,24ZSS5886477572K,ELM371373,FALSE,Annual,4/3/2026 3:48:00,34979,7054,0,12/31/2026 0:00:00,Post,Annual,4/30/2026 0:00:00,40.34,0,Postal order,FALSE,1,FALSE,36.23,FALSE,,,,FALSE,FALSE,TRUE,1,2,1,10/16/2025 21:18:00,Tariff consultation,0,10,FALSE,FALSE,FALSE,FALSE,0,5,2057.34,Email,Zvolen,96001,,,,FALSE
616e3f5f-5d99-41e9-aa91-5f57c4d4072b,andrea.fedorova233@municipal.sk,27407181,ZX-333-251,ADM-524-458,FALSE,11/6/2019 1:21:00,11/6/2019 1:21:00,Business,SME multi-site,Gas,Firma Plyn Plus,B2B-GAS,Zilina,24ZSS7598730743Q,GAS723250,TRUE,Monthly,3/28/2026 12:20:00,77566,0,12466,12/31/2026 0:00:00,Email,Monthly,4/30/2026 0:00:00,915.63,0,Direct debit,TRUE,0,FALSE,1074.87,TRUE,1/1/2025 10:52:00,eZona web,,FALSE,FALSE,FALSE,5,0,1,4/14/2025 7:48:00,Solar consultation,3,1,FALSE,FALSE,FALSE,TRUE,1,4,23806.38,eZona message,Zilina,01001,29,682000,zivnostnik,TRUE
cee7eadd-bf10-46f8-ab86-e1ac20299ce6,samuel.lackova234@azet.sk,10749179,BB-334-572,,FALSE,2/2/2022 6:08:00,2/2/2022 6:08:00,Household,High consumption,Gas,Plyn Domov,DMP1-PLYN,Banska Bystrica,24ZSS3304712989K,GAS601453,TRUE,Monthly,4/23/2026 15:41:00,41406,0,260,12/31/2026 0:00:00,Email,Quarterly,4/30/2026 0:00:00,83.3,0,Bank transfer,FALSE,1,FALSE,71.58,TRUE,1/17/2026 13:48:00,eZona web,,FALSE,TRUE,TRUE,5,0,1,2/18/2025 17:56:00,Meter reading,3,3,TRUE,TRUE,FALSE,TRUE,3,2,2665.6,Phone,Banska Bystrica,97401,,,,FALSE
fbe8c442-b427-4d83-b237-4a9a5d04ff80,jana.danko235@azet.sk,14637464,CX-335-783,,FALSE,2/25/2021 21:38:00,2/25/2021 21:38:00,Household,Digital household,Electricity + Gas,Firma Energia Plus,VS-ELE,Cadca,24ZSS4215851422M,ELM536983,FALSE,Quarterly,3/20/2026 8:02:00,10159,8145,2035,12/31/2026 0:00:00,Post,Quarterly,4/30/2026 0:00:00,159.47,0,Bank transfer,FALSE,0,FALSE,166.28,TRUE,3/2/2026 23:35:00,"eZona web, mobile web",,FALSE,FALSE,FALSE,3,3,1,,Move contract,3,10,FALSE,FALSE,FALSE,FALSE,2,5,7335.62,Email,Cadca,02201,,,,TRUE
f2789a54-2e62-48fe-80e1-7fd2d5822247,daniel.gregorova236@gmail.com,13522531,TX-336-404,,FALSE,4/28/2025 18:51:00,4/28/2025 18:51:00,Household,Solar interest,Electricity + Gas,Duo Komfort,B2B-GAS,Trencin,24ZSS9560516286Q,ELM697628,TRUE,Monthly,4/8/2026 6:40:00,11336,2853,718,12/31/2026 0:00:00,Post,Annual,4/30/2026 0:00:00,89.03,0,Postal order,FALSE,5,FALSE,103.82,FALSE,,,,FALSE,TRUE,TRUE,2,1,1,4/26/2025 8:50:00,Complaint,8,6,FALSE,FALSE,FALSE,FALSE,2,10,4718.59,SMS,Trencin,91101,,,,FALSE
c37b4da9-d8ab-4fcc-8645-9b28ec77c3b5,natalia.horvath237@post.sk,10345311,ZX-337-464,,FALSE,2/10/2024 0:13:00,2/10/2024 0:13:00,Household,Green energy,Electricity + Gas,Online Domov Duo,B2B-GAS,Zvolen,24ZSS4322261922Q,ELM403813,FALSE,Quarterly,4/15/2026 0:36:00,44301,5938,1286,12/31/2026 0:00:00,Email,Quarterly,4/30/2026 0:00:00,138.86,0,Direct debit,FALSE,1,FALSE,123.6,TRUE,10/22/2025 3:06:00,mobile web,iOS,TRUE,TRUE,TRUE,1,0,1,,Tariff consultation,7,10,FALSE,FALSE,TRUE,TRUE,1,4,4443.52,Email,Zvolen,96001,,,,TRUE
654f1136-08d8-4954-92aa-369fb918aa56,katarina.bartosova238@azet.sk,15903949,TX-338-406,,FALSE,4/19/2018 6:26:00,4/19/2018 6:26:00,Household,Price sensitive,Electricity,Elektrina Online,B2B-DUO,Trencin,24ZSS6718371593M,ELM937272,FALSE,Quarterly,3/3/2026 0:59:00,36469,1501,0,12/31/2026 0:00:00,Email,Annual,4/30/2026 0:00:00,45.29,0,Direct debit,TRUE,1,FALSE,51.07,TRUE,9/23/2025 19:47:00,"eZona web, mobile web",,FALSE,TRUE,FALSE,2,3,4,,Contact support,4,2,FALSE,FALSE,FALSE,TRUE,0,6,1811.6,SMS,Trencin,91101,,,,TRUE
3d1ad766-6fd1-4699-8bfd-8b1e19a30756,zuzana.fedorova239@example.sk,18259514,LM-339-620,,FALSE,5/7/2022 15:11:00,5/7/2022 15:11:00,Household,Green energy,Gas,Plyn Domov,VS-ELE,Liptovsky Mikulas,24ZSS9488985283Q,GAS307351,TRUE,Monthly,3/10/2026 10:38:00,26934,0,971,12/31/2026 0:00:00,Post,Quarterly,4/30/2026 0:00:00,88.41,0,Postal order,FALSE,1,FALSE,86.31,FALSE,,,,FALSE,FALSE,FALSE,2,3,1,4/26/2025 7:55:00,Meter reading,4,3,FALSE,FALSE,TRUE,FALSE,1,3,1679.79,SMS,Liptovsky Mikulas,03101,,,,FALSE
86e5c6f7-7cde-48fa-b170-1681b65a16d4,monika.gregorova240@municipal.sk,20231525,PX-340-330,,TRUE,2/21/2021 18:41:00,2/21/2021 18:41:00,Business,Retail services,Gas,Plyn Domov,B2B-ELE,Poprad,24ZSS8151065443P,GAS328414,TRUE,Monthly,4/10/2026 3:03:00,104036,0,10138,12/31/2026 0:00:00,Post,Annual,4/30/2026 0:00:00,737.59,511.88,Direct debit,TRUE,1,FALSE,606.78,TRUE,4/9/2026 1:00:00,mobile web,iOS,FALSE,FALSE,TRUE,3,2,1,4/22/2026 5:38:00,Contact support,6,2,FALSE,FALSE,FALSE,FALSE,1,2,47205.76,Phone,Poprad,05801,27,861000,neziskova organizacia,FALSE
c0da07a4-7c45-47f8-ad52-9607cdf40f7e,zuzana.lackova241@azet.sk,10941542,ZX-341-187,,FALSE,3/18/2022 9:14:00,3/18/2022 9:14:00,Household,Standard household,Gas,Plyn Komfort,DD5-SOLAR,Zvolen,24ZSS8276041823K,GAS770774,TRUE,Monthly,3/14/2026 12:25:00,30425,0,775,12/31/2026 0:00:00,Post,Annual,4/30/2026 0:00:00,82.63,0,Direct debit,TRUE,0,FALSE,70.26,FALSE,,,,TRUE,FALSE,FALSE,0,2,1,1/4/2026 6:45:00,Solar consultation,1,1,FALSE,FALSE,FALSE,FALSE,1,1,5536.21,Email,Zvolen,96001,,,,FALSE
c2e930f3-2c49-4bf9-8cde-f3e4c0c5fe4d,marek.halas242@example.sk,12929908,TX-342-974,,FALSE,11/30/2025 4:44:00,11/30/2025 4:44:00,Household,Digital household,Gas,Firma Plyn Plus,B2B-GAS,Trencin,24ZSS5591786379M,GAS384374,TRUE,Monthly,3/8/2026 5:06:00,35850,0,981,12/31/2026 0:00:00,Email,Quarterly,4/30/2026 0:00:00,95.96,84.23,Card,FALSE,0,FALSE,99.09,TRUE,5/8/2025 23:45:00,"eZona web, API",,FALSE,FALSE,TRUE,3,1,1,,Meter reading,7,5,FALSE,FALSE,FALSE,TRUE,1,3,2494.96,Email,Trencin,91101,,,,TRUE
6745a78a-d776-4531-a4b0-b28d11e93e53,andrea.danko243@gmail.com,17829015,RX-343-425,,FALSE,4/15/2024 18:16:00,4/15/2024 18:16:00,Household,High consumption,Gas,Firma Plyn Plus,B2B-DUO,Ruzomberok,24ZSS2901479652K,GAS741560,TRUE,Monthly,4/26/2026 21:30:00,34859,0,216,12/31/2026 0:00:00,Email,Annual,4/30/2026 0:00:00,48.88,0,Direct debit,TRUE,1,FALSE,44.41,TRUE,5/20/2025 12:27:00,eZona web,,FALSE,TRUE,TRUE,4,2,3,7/18/2025 4:23:00,Invoice copy,6,5,FALSE,FALSE,TRUE,TRUE,0,3,1710.8,SMS,Ruzomberok,03401,,,,TRUE
bb514724-b8d3-42d6-b033-2e5d77824c38,robert.polak244@municipal.sk,24984930,BB-344-770,,FALSE,10/5/2024 10:12:00,10/5/2024 10:12:00,Business,Public sector,Electricity,Verejna Sprava Elektrina,DD2-DOM,Banska Bystrica,24ZSS8515018045K,ELM141787,TRUE,Monthly,4/7/2026 5:57:00,46887,33861,0,12/31/2026 0:00:00,Email,Monthly,4/30/2026 0:00:00,60.43,0,Direct debit,TRUE,1,FALSE,60.11,TRUE,5/9/2026 19:09:00,mobile web,iOS,TRUE,FALSE,FALSE,4,0,3,7/12/2025 10:51:00,Contact support,4,5,FALSE,FALSE,FALSE,TRUE,1,1,3504.94,eZona message,Banska Bystrica,97401,15,682000,a.s.,FALSE
5af6c1dd-ab50-451d-93e2-701569128f5b,miroslav.fedorova245@azet.sk,15835010,ZX-345-842,,FALSE,4/13/2018 15:08:00,4/13/2018 15:08:00,Household,Senior assisted,Electricity + Gas,Firma Energia Plus,DD1-DOM,Zilina,24ZSS6748403328K,ELM660636,FALSE,Quarterly,3/20/2026 1:17:00,47754,1748,940,12/31/2026 0:00:00,Email,Annual,4/30/2026 0:00:00,123.03,133.72,Bank transfer,FALSE,1,FALSE,103.62,FALSE,,,,TRUE,FALSE,TRUE,2,0,1,,Deposit change,7,2,FALSE,FALSE,FALSE,FALSE,0,8,2337.57,Phone,Zilina,01001,,,,FALSE
fb0599cc-80ea-41a3-8cd2-f1dacee23fa1,natalia.gregorova246@azet.sk,19079250,MX-346-349,,FALSE,6/14/2025 23:00:00,6/14/2025 23:00:00,Household,Solar interest,Electricity,Elektrina Domov,DD2-DOM,Martin,24ZSS4828543030Q,ELM274621,TRUE,Monthly,4/21/2026 8:23:00,41929,2505,0,12/31/2026 0:00:00,Email,Quarterly,4/30/2026 0:00:00,22.48,23.48,Direct debit,TRUE,1,TRUE,18.9,FALSE,,,,FALSE,TRUE,FALSE,4,2,1,,Tariff consultation,9,4,TRUE,FALSE,FALSE,FALSE,1,5,494.56,Phone,Martin,03601,,,,FALSE
e50d092d-5fab-49c8-8e50-b629a9a9abe4,michal.simekova247@gmail.com,17129611,ZX-347-543,,FALSE,12/25/2018 7:51:00,12/25/2018 7:51:00,Household,Digital household,Gas,Plyn Komfort,DD2-DOM,Zilina,24ZSS7877333184K,GAS791694,FALSE,Annual,3/22/2026 1:22:00,25829,0,1008,12/31/2026 0:00:00,Post,Annual,4/30/2026 0:00:00,127.44,100.28,Direct debit,FALSE,1,FALSE,132.16,FALSE,,,,FALSE,FALSE,FALSE,4,1,0,,Deposit change,5,3,FALSE,TRUE,FALSE,FALSE,1,2,3695.76,Phone,Zilina,01001,,,,FALSE
9a89063a-b7f8-4c39-b298-bf51f130a4b6,katarina.gregorova248@post.sk,11050773,CX-348-968,,FALSE,1/22/2018 9:28:00,1/22/2018 9:28:00,Household,Senior assisted,Electricity + Gas,Online Domov Duo,B2B-GAS,Cadca,24ZSS7856593212P,ELM129054,FALSE,Quarterly,4/24/2026 12:49:00,8792,6723,1573,12/31/2026 0:00:00,Email,Annual,4/30/2026 0:00:00,161.79,100.67,Direct debit,TRUE,1,FALSE,179.44,TRUE,4/13/2026 9:51:00,"eZona web, API",Android,FALSE,TRUE,TRUE,2,0,3,,Contact support,1,9,FALSE,FALSE,FALSE,TRUE,1,5,9869.19,SMS,Cadca,02201,,,,TRUE
71e271ec-83b8-4fa5-a6b6-faaeb92d1809,natalia.simekova249@example-business.sk,22489602,PX-349-900,ADM-502-740,TRUE,12/9/2020 6:43:00,12/9/2020 6:43:00,Business,SME multi-site,Electricity + Gas,Firma Energia Plus,DD1-DOM,Prievidza,24ZSS6016048273P,ELM180706,TRUE,Monthly,3/6/2026 15:48:00,214993,116104,13246,12/31/2026 0:00:00,Post,Quarterly,4/30/2026 0:00:00,959.59,0,Bank transfer,FALSE,5,FALSE,1094.54,TRUE,3/4/2026 8:52:00,"eZona web, API",,TRUE,FALSE,TRUE,4,3,1,,Move contract,2,10,FALSE,TRUE,FALSE,FALSE,0,10,38383.6,Phone,Prievidza,97101,45,551000,zivnostnik,FALSE
4349be56-28a9-48c3-a945-0eacae476499,pavol.simon250@azet.sk,19314244,ZX-350-616,,FALSE,6/24/2018 5:34:00,6/24/2018 5:34:00,Household,Price sensitive,Gas,Plyn Komfort,B2B-GAS,Zilina,24ZSS7147461603Q,GAS553326,FALSE,Quarterly,3/30/2026 17:37:00,5655,0,185,12/31/2026 0:00:00,Post,Annual,4/30/2026 0:00:00,49.18,0,Direct debit,FALSE,0,FALSE,42.79,FALSE,,,,FALSE,TRUE,TRUE,1,1,0,4/24/2025 14:59:00,Complaint,3,5,FALSE,FALSE,TRUE,FALSE,0,5,1573.76,SMS,Zilina,01001,,,,FALSE
84032351-367e-46c2-ac0b-31019f68cd63,robert.polak251@gmail.com,10437514,LM-351-534,,FALSE,8/13/2024 9:04:00,8/13/2024 9:04:00,Household,Senior assisted,Gas,Plyn Komfort,DD1-DOM,Liptovsky Mikulas,24ZSS7595524782P,GAS331239,FALSE,Quarterly,3/22/2026 16:17:00,14156,0,1563,12/31/2026 0:00:00,Email,Quarterly,4/30/2026 0:00:00,103.97,0,Direct debit,TRUE,0,FALSE,115.13,TRUE,1/12/2026 5:19:00,eZona web,,FALSE,TRUE,FALSE,0,3,0,1/1/2026 0:28:00,Solar consultation,0,1,FALSE,FALSE,FALSE,TRUE,0,1,4678.65,SMS,Liptovsky Mikulas,03101,,,,TRUE
307478bb-deee-4a8b-9c29-697c7f1c6047,katarina.novakova252@gmail.com,12487377,PX-352-556,,FALSE,5/1/2024 0:12:00,5/1/2024 0:12:00,Household,Senior assisted,Electricity + Gas,Firma Energia Plus,B2B-ELE,Prievidza,24ZSS8619648693Q,ELM666961,TRUE,Monthly,3/11/2026 20:05:00,26744,4821,313,12/31/2026 0:00:00,Email,Monthly,4/30/2026 0:00:00,52.13,0,Direct debit,TRUE,1,FALSE,45.74,TRUE,8/16/2025 21:34:00,"eZona web, mobile web",iOS,TRUE,FALSE,TRUE,2,1,1,1/28/2025 4:56:00,Move contract,3,8,FALSE,TRUE,FALSE,TRUE,0,5,3127.8,SMS,Prievidza,97101,,,,TRUE
0ddaffc7-ba70-4cd3-9245-a34c14af9cab,marek.mikulas253@azet.sk,10368581,ZX-353-607,,FALSE,3/10/2020 23:27:00,3/10/2020 23:27:00,Household,Solar interest,Gas,Plyn Domov,DD1-DOM,Zvolen,24ZSS9121743790M,GAS585920,TRUE,Monthly,3/8/2026 17:18:00,1664,0,809,12/31/2026 0:00:00,Email,Quarterly,4/30/2026 0:00:00,67.5,0,Direct debit,TRUE,0,FALSE,58.43,FALSE,,,,TRUE,FALSE,FALSE,0,1,1,5/25/2025 16:37:00,Complaint,7,1,FALSE,FALSE,FALSE,FALSE,1,2,2565,eZona message,Zvolen,96001,,,,FALSE
992b381d-fbf3-4843-945e-3b305fa01a41,samuel.polak254@example.sk,17191860,RX-354-433,,FALSE,4/17/2019 17:17:00,4/17/2019 17:17:00,Household,Green energy,Gas,Plyn Komfort,DD1-DOM,Ruzomberok,24ZSS4222055034P,GAS184188,TRUE,Monthly,3/5/2026 23:26:00,46900,0,2103,12/31/2026 0:00:00,Email,Quarterly,4/30/2026 0:00:00,162.67,0,Card,FALSE,1,FALSE,169.97,TRUE,9/6/2025 4:40:00,"eZona web, mobile web",,TRUE,TRUE,TRUE,2,1,0,4/21/2025 7:44:00,Move contract,6,2,FALSE,FALSE,TRUE,TRUE,0,6,3904.08,eZona message,Ruzomberok,03401,,,,TRUE
5239c05f-14b2-4081-8ee9-f2d94722e050,robert.polak255@post.sk,11067683,PX-355-525,,FALSE,3/7/2023 3:06:00,3/7/2023 3:06:00,Household,Solar interest,Electricity + Gas,Online Domov Duo,DD2-DOM,Prievidza,24ZSS9546170094K,ELM180222,TRUE,Monthly,4/29/2026 3:01:00,42145,2167,2199,12/31/2026 0:00:00,Email,Monthly,4/30/2026 0:00:00,167.36,0,Direct debit,TRUE,1,FALSE,144.7,TRUE,2/15/2026 7:30:00,eZona web,iOS,FALSE,TRUE,TRUE,5,3,1,11/7/2025 21:37:00,Deposit change,8,5,FALSE,FALSE,FALSE,TRUE,0,6,10878.4,eZona message,Prievidza,97101,,,,FALSE
8da1a2f5-03b8-46a0-b138-dfca06250313,marek.fedorova256@gmail.com,16248452,RX-356-531,,FALSE,6/27/2020 14:10:00,6/27/2020 14:10:00,Household,Solar interest,Gas,Firma Plyn Plus,DD2-DOM,Ruzomberok,24ZSS2108129612M,GAS577200,TRUE,Monthly,3/6/2026 0:27:00,24324,0,1153,12/31/2026 0:00:00,Post,Annual,4/30/2026 0:00:00,101.42,280.83,Direct debit,TRUE,4,FALSE,106.83,FALSE,,,,FALSE,TRUE,TRUE,4,1,0,8/24/2025 11:22:00,Solar consultation,7,2,FALSE,FALSE,FALSE,FALSE,0,8,2941.18,Phone,Ruzomberok,03401,,,,FALSE
8dfc38b9-b4fc-4716-a1fc-f1567c97690b,michal.marekova257@azet.sk,10587541,ZX-357-725,,FALSE,12/5/2023 12:07:00,12/5/2023 12:07:00,Household,Digital household,Gas,Firma Plyn Plus,B2B-ELE,Zilina,24ZSS6514142369M,GAS886394,FALSE,Annual,3/25/2026 6:44:00,9217,0,2100,12/31/2026 0:00:00,Email,Quarterly,4/30/2026 0:00:00,145.5,0,Direct debit,FALSE,1,FALSE,135.71,TRUE,10/7/2025 12:30:00,mobile web,,TRUE,TRUE,TRUE,0,1,1,6/16/2025 8:44:00,Tariff consultation,0,4,FALSE,FALSE,FALSE,TRUE,1,4,10039.5,eZona message,Zilina,01001,,,,TRUE
9c094609-f4d4-497b-b815-ef52e94f982b,simona.simon258@azet.sk,11069003,ZX-358-494,,FALSE,7/28/2021 3:11:00,7/28/2021 3:11:00,Household,Standard household,Electricity,Elektrina Domov,B2B-GAS,Zvolen,24ZSS1267118867P,ELM337933,TRUE,Monthly,3/18/2026 16:31:00,26121,3558,0,12/31/2026 0:00:00,Post,Quarterly,4/30/2026 0:00:00,27.68,0,Direct debit,FALSE,1,FALSE,31.77,FALSE,,,,FALSE,FALSE,TRUE,3,1,1,,Complaint,3,8,FALSE,FALSE,FALSE,FALSE,0,5,885.76,Email,Zvolen,96001,,,,FALSE
9f09c74b-386e-4f0f-b993-0a62c2b96434,tomas.kovac259@example.sk,18882735,MX-359-325,,FALSE,1/20/2024 7:24:00,1/20/2024 7:24:00,Household,Solar interest,Gas,Plyn Komfort,B2B-ELE,Martin,24ZSS6728317593Q,GAS879181,TRUE,Monthly,3/28/2026 19:47:00,20726,0,951,12/31/2026 0:00:00,Email,Monthly,4/30/2026 0:00:00,104.31,0,Bank transfer,FALSE,0,FALSE,87.34,TRUE,9/12/2025 7:35:00,mobile web,,TRUE,TRUE,TRUE,3,0,0,,Meter reading,8,1,FALSE,FALSE,FALSE,FALSE,1,5,5111.19,SMS,Martin,03601,,,,TRUE
518f5a6c-7880-4122-bee5-e27a3cc85fe3,miroslav.danko260@gmail.com,13790375,BB-360-693,,FALSE,3/11/2022 5:45:00,3/11/2022 5:45:00,Household,Green energy,Gas,Plyn Komfort,DD5-SOLAR,Banska Bystrica,24ZSS2695075662K,GAS876853,FALSE,Quarterly,4/16/2026 11:19:00,32216,0,2073,12/31/2026 0:00:00,Email,Quarterly,4/30/2026 0:00:00,133.01,36.2,Postal order,FALSE,0,FALSE,115.24,TRUE,7/22/2025 10:06:00,"eZona web, mobile web",Android,TRUE,FALSE,FALSE,0,2,0,1/25/2025 6:48:00,Tariff consultation,4,5,FALSE,FALSE,FALSE,TRUE,3,1,2527.19,eZona message,Banska Bystrica,97401,,,,FALSE
c4895071-821c-4a56-85ec-26fc30dd8880,zuzana.tothova261@gmail.com,19988011,ZX-361-250,,FALSE,1/26/2021 7:44:00,1/26/2021 7:44:00,Household,Senior assisted,Gas,Firma Plyn Plus,B2B-GAS,Zvolen,24ZSS2956748812Q,GAS254560,TRUE,Monthly,3/22/2026 20:28:00,33467,0,1849,12/31/2026 0:00:00,Email,Quarterly,4/30/2026 0:00:00,122.7,284.12,Card,FALSE,1,TRUE,111.03,TRUE,2/19/2025 1:18:00,"eZona web, API",Android,TRUE,FALSE,FALSE,4,3,1,,Tariff consultation,0,4,FALSE,FALSE,FALSE,TRUE,1,4,8834.4,eZona message,Zvolen,96001,,,,TRUE
b85ecdae-fefd-4b2a-af45-edf3efbe5065,juraj.halas262@azet.sk,12681602,TX-362-442,,FALSE,5/21/2023 6:05:00,5/21/2023 6:05:00,Household,Price sensitive,Gas,Plyn Komfort,DD2-DOM,Trencin,24ZSS8579164836P,GAS455163,FALSE,Quarterly,4/16/2026 16:01:00,18219,0,2170,12/31/2026 0:00:00,Email,Annual,4/30/2026 0:00:00,173.35,0,Direct debit,TRUE,0,FALSE,169.31,TRUE,4/30/2025 8:50:00,eZona web,iOS,FALSE,FALSE,FALSE,1,2,0,,Contact support,4,3,FALSE,FALSE,FALSE,TRUE,1,5,4680.45,eZona message,Trencin,91101,,,,TRUE
152d45d4-c0d0-41ec-8e06-00a56d383580,katarina.varga263@post.sk,15590121,ZX-363-666,,FALSE,3/2/2021 10:07:00,3/2/2021 10:07:00,Household,Standard household,Electricity + Gas,Online Domov Duo,DMP1-PLYN,Zvolen,24ZSS2757880926K,ELM276562,FALSE,Annual,3/10/2026 17:12:00,42255,8620,1203,12/31/2026 0:00:00,Post,Monthly,4/30/2026 0:00:00,121.8,0,Direct debit,TRUE,0,FALSE,126.03,TRUE,4/12/2025 23:11:00,eZona web,,FALSE,TRUE,TRUE,1,2,1,11/6/2025 2:34:00,Invoice copy,6,8,FALSE,FALSE,FALSE,FALSE,1,6,8404.2,SMS,Zvolen,96001,,,,FALSE
92714a25-2e10-4b98-acd7-a568e4c9efaa,samuel.varga264@azet.sk,15312266,BB-364-638,,FALSE,7/24/2024 17:40:00,7/24/2024 17:40:00,Household,Digital household,Electricity + Gas,Firma Energia Plus,B2B-ELE,Banska Bystrica,24ZSS3128026116M,ELM429992,TRUE,Monthly,5/1/2026 2:36:00,29302,2381,483,12/31/2026 0:00:00,Email,Quarterly,4/30/2026 0:00:00,97.02,65.64,Direct debit,FALSE,0,FALSE,114.43,TRUE,6/20/2025 6:48:00,"eZona web, mobile web",iOS,TRUE,FALSE,FALSE,2,2,1,12/30/2025 23:09:00,Solar consultation,2,5,FALSE,FALSE,FALSE,TRUE,1,5,3298.68,eZona message,Banska Bystrica,97401,,,,TRUE
ff4545db-ad3d-4cd5-87d3-2f184e972f2c,lenka.tothova265@example.sk,15048137,TX-365-958,,FALSE,11/23/2019 17:01:00,11/23/2019 17:01:00,Household,Price sensitive,Gas,Plyn Domov,B2B-DUO,Trencin,24ZSS3412529920K,GAS285792,TRUE,Monthly,4/25/2026 18:21:00,40048,0,1291,12/31/2026 0:00:00,Email,Quarterly,4/30/2026 0:00:00,103.01,0,Direct debit,TRUE,0,FALSE,110.5,TRUE,4/6/2025 19:06:00,"eZona web, API",,TRUE,FALSE,TRUE,3,2,0,,Contact support,7,3,FALSE,FALSE,FALSE,FALSE,1,5,6489.63,Email,Trencin,91101,,,,TRUE
80a3f8db-b014-46e0-a0c0-f8821c345b05,daniel.kollarova266@azet.sk,19561506,CX-366-145,,FALSE,11/30/2023 9:47:00,11/30/2023 9:47:00,Household,Senior assisted,Electricity,Firma Elektrina Plus,DD5-SOLAR,Cadca,24ZSS1088306518M,ELM678590,TRUE,Monthly,4/19/2026 18:35:00,33627,2261,0,12/31/2026 0:00:00,Post,Monthly,4/30/2026 0:00:00,65.43,46.78,Direct debit,TRUE,1,FALSE,66.78,FALSE,,,,TRUE,FALSE,TRUE,2,3,4,4/7/2026 22:15:00,Deposit change,1,3,FALSE,FALSE,FALSE,FALSE,0,5,2290.05,SMS,Cadca,02201,,,,FALSE
62d3918d-2c8a-454f-baef-dcc6b9c3817e,michal.simekova267@gmail.com,16910244,MX-367-859,,FALSE,1/11/2024 15:41:00,1/11/2024 15:41:00,Household,Standard household,Electricity,Elektrina Domov,DD2-DOM,Martin,24ZSS9383117083Q,ELM570191,TRUE,Monthly,3/5/2026 19:05:00,28178,2189,0,12/31/2026 0:00:00,Email,Monthly,4/30/2026 0:00:00,44.42,0,Direct debit,TRUE,0,FALSE,50.38,TRUE,12/20/2025 10:31:00,mobile web,,FALSE,FALSE,TRUE,1,0,1,8/22/2025 18:34:00,Invoice copy,3,7,TRUE,FALSE,FALSE,TRUE,0,2,3109.4,Email,Martin,03601,,,,TRUE
3795d4da-a5cc-4f5f-a61e-1c3f12bf4640,juraj.danko268@example.sk,15838217,LM-368-136,,FALSE,3/22/2021 3:44:00,3/22/2021 3:44:00,Household,High consumption,Gas,Plyn Komfort,DD5-SOLAR,Liptovsky Mikulas,24ZSS7354240525M,GAS866033,FALSE,Quarterly,4/27/2026 4:50:00,34190,0,2048,12/31/2026 0:00:00,Post,Monthly,4/30/2026 0:00:00,186.64,0,Direct debit,FALSE,1,FALSE,158.36,FALSE,,,,TRUE,TRUE,TRUE,1,1,0,,Complaint,1,1,FALSE,FALSE,FALSE,FALSE,1,5,13064.8,Phone,Liptovsky Mikulas,03101,,,,FALSE
5cee52ee-2c30-4d79-b3f1-70ed9546ebd8,marek.bartosova269@example.sk,11337270,BB-369-116,,FALSE,11/13/2021 13:55:00,11/13/2021 13:55:00,Household,Standard household,Gas,Plyn Komfort,DD1-DOM,Banska Bystrica,24ZSS7536492482K,GAS545785,FALSE,Annual,4/7/2026 15:03:00,9289,0,934,12/31/2026 0:00:00,Post,Monthly,4/30/2026 0:00:00,87.37,42.2,Direct debit,TRUE,1,FALSE,72.94,TRUE,3/27/2025 9:24:00,eZona web,,TRUE,FALSE,TRUE,0,2,0,6/23/2025 1:42:00,Solar consultation,3,3,FALSE,TRUE,FALSE,FALSE,1,6,2271.62,eZona message,Banska Bystrica,97401,,,,TRUE
aee23b42-c7e6-4a41-9ca3-6a57677dad98,juraj.polak270@post.sk,15517176,PX-370-901,,FALSE,6/4/2021 20:30:00,6/4/2021 20:30:00,Household,High consumption,Gas,Plyn Domov,B2B-DUO,Poprad,24ZSS6684598236P,GAS261519,FALSE,Quarterly,4/20/2026 20:03:00,22249,0,873,12/31/2026 0:00:00,Email,Quarterly,4/30/2026 0:00:00,115.02,59.13,Bank transfer,FALSE,0,FALSE,115.12,FALSE,,,,FALSE,FALSE,FALSE,1,0,0,,Meter reading,1,4,FALSE,FALSE,TRUE,FALSE,1,3,6901.2,Phone,Poprad,05801,,,,FALSE
171add0e-ebe3-4399-bea6-b0e0e0e6a99b,daniel.fedorova271@firma.sk,22146908,MX-371-297,,TRUE,10/28/2025 19:25:00,10/28/2025 19:25:00,Business,SME multi-site,Electricity + Gas,Duo Komfort,DMP1-PLYN,Martin,24ZSS2104602660P,ELM673983,TRUE,Monthly,4/14/2026 21:13:00,15112,88838,10978,12/31/2026 0:00:00,Email,Annual,4/30/2026 0:00:00,826.67,0,Direct debit,TRUE,2,FALSE,971.07,TRUE,1/28/2026 19:45:00,mobile web,Android,FALSE,FALSE,TRUE,4,1,0,,Tariff consultation,2,10,FALSE,FALSE,FALSE,TRUE,4,8,48773.53,Email,Martin,03601,19,682000,s.r.o.,TRUE
d4d7a7d4-8671-4b43-b1c8-b84316a7282a,ivana.marekova272@firma.sk,25544675,ZX-372-498,,TRUE,7/16/2021 1:11:00,7/16/2021 1:11:00,Business,Retail services,Gas,Firma Plyn Plus,B2B-GAS,Zilina,24ZSS5749227747K,GAS596899,TRUE,Monthly,3/5/2026 22:56:00,79931,0,8116,12/31/2026 0:00:00,Email,Monthly,4/30/2026 0:00:00,706.38,0,Bank transfer,FALSE,0,FALSE,821.05,TRUE,12/1/2025 14:24:00,eZona web,Android,FALSE,TRUE,TRUE,5,3,1,2/26/2025 19:45:00,Solar consultation,2,3,FALSE,FALSE,TRUE,TRUE,1,0,36025.38,SMS,Zilina,01001,25,551000,neziskova organizacia,FALSE
77072779-41e5-41b9-9063-84fdbf78ce28,natalia.kovac273@gmail.com,19539678,CX-373-460,,FALSE,2/27/2024 8:00:00,2/27/2024 8:00:00,Household,Standard household,Gas,Firma Plyn Plus,DMP1-PLYN,Cadca,24ZSS7980139189K,GAS259113,FALSE,Quarterly,3/22/2026 19:07:00,6680,0,874,12/31/2026 0:00:00,Email,Annual,4/30/2026 0:00:00,69.07,0,Card,FALSE,0,FALSE,61.32,FALSE,,,,FALSE,FALSE,TRUE,5,2,0,1/25/2026 6:52:00,Move contract,6,5,FALSE,FALSE,FALSE,FALSE,1,3,2762.8,eZona message,Cadca,02201,,,,FALSE
a00ec802-2369-43b2-ab82-8917a7d3599e,jana.fedorova274@energia-client.sk,28100351,LM-374-184,,TRUE,7/22/2022 2:06:00,7/22/2022 2:06:00,Business,Hospitality,Electricity,Elektrina Domov,B2B-ELE,Liptovsky Mikulas,24ZSS1451583947Q,ELM508114,FALSE,Quarterly,3/27/2026 14:14:00,163286,94829,0,12/31/2026 0:00:00,Email,Quarterly,4/30/2026 0:00:00,222.02,207.55,Direct debit,FALSE,0,FALSE,191.71,TRUE,7/28/2025 21:58:00,mobile web,,TRUE,FALSE,FALSE,0,0,0,11/7/2025 4:30:00,Meter reading,5,9,FALSE,TRUE,FALSE,TRUE,0,4,15541.4,eZona message,Liptovsky Mikulas,03101,27,861000,zivnostnik,TRUE
62cb3acd-1267-4c29-adf5-19b0571a9e40,ivana.polak275@gmail.com,15339328,LM-375-562,,FALSE,6/3/2021 0:16:00,6/3/2021 0:16:00,Household,Green energy,Electricity,Firma Elektrina Plus,DMP1-PLYN,Liptovsky Mikulas,24ZSS9564618527Q,ELM617311,TRUE,Monthly,4/27/2026 12:43:00,10811,3110,0,12/31/2026 0:00:00,Post,Annual,4/30/2026 0:00:00,65.59,140.09,Direct debit,TRUE,4,TRUE,64.67,TRUE,3/28/2025 18:19:00,"eZona web, mobile web",,FALSE,FALSE,TRUE,0,1,1,,Invoice copy,4,6,FALSE,TRUE,FALSE,FALSE,0,8,2492.42,Email,Liptovsky Mikulas,03101,,,,TRUE
5f481818-74df-48e9-8918-46f0ca1a4c24,monika.bartosova276@municipal.sk,26277498,PX-376-998,,TRUE,8/29/2023 18:29:00,8/29/2023 18:29:00,Business,Small business,Gas,Plyn Domov,DD2-DOM,Prievidza,24ZSS4338050155Q,GAS838395,TRUE,Monthly,5/9/2026 15:43:00,67093,0,13592,12/31/2026 0:00:00,Email,Quarterly,4/30/2026 0:00:00,975.56,1270.39,Direct debit,TRUE,1,FALSE,1040.08,TRUE,12/22/2025 21:12:00,"eZona web, mobile web",Android,FALSE,FALSE,TRUE,1,1,1,,Complaint,5,6,FALSE,FALSE,FALSE,TRUE,1,7,46826.88,Email,Prievidza,97101,34,682000,neziskova organizacia,FALSE
b5e67092-6aee-441e-814c-88cdad685997,andrea.varga277@azet.sk,13618022,TX-377-101,,FALSE,10/28/2023 1:53:00,10/28/2023 1:53:00,Household,Senior assisted,Gas,Plyn Domov,DD1-DOM,Trencin,24ZSS3044723438Q,GAS936259,TRUE,Monthly,5/5/2026 0:10:00,5285,0,2059,12/31/2026 0:00:00,Email,Annual,4/30/2026 0:00:00,174.25,0,Direct debit,TRUE,1,FALSE,203.62,TRUE,12/31/2025 7:23:00,"eZona web, API",,TRUE,TRUE,FALSE,4,3,1,12/16/2025 6:52:00,Contact support,5,1,FALSE,FALSE,TRUE,TRUE,1,5,4879,SMS,Trencin,91101,,,,TRUE
78087119-1579-4b98-9f09-2ca7270d41fe,pavol.polak278@energia-client.sk,22895938,LM-378-822,,FALSE,3/7/2025 3:31:00,3/7/2025 3:31:00,Business,Industrial,Gas,Firma Plyn Plus,DD1-DOM,Liptovsky Mikulas,24ZSS1089690501P,GAS613826,TRUE,Monthly,3/28/2026 8:02:00,76575,0,11507,12/31/2026 0:00:00,Email,Monthly,4/30/2026 0:00:00,701.89,559.21,Direct debit,TRUE,0,FALSE,802.84,TRUE,5/27/2025 12:14:00,eZona web,,FALSE,FALSE,TRUE,1,0,1,1/31/2025 18:13:00,Complaint,4,4,TRUE,FALSE,FALSE,TRUE,0,5,34392.61,SMS,Liptovsky Mikulas,03101,182,561000,obec,TRUE
25387527-82cd-44eb-b560-9145aee91688,daniel.urban279@post.sk,13013919,ZX-379-725,,FALSE,11/9/2019 16:38:00,11/9/2019 16:38:00,Household,Standard household,Electricity + Gas,Online Domov Duo,B2B-GAS,Zilina,24ZSS6736110185P,ELM440985,FALSE,Annual,3/3/2026 16:32:00,6486,7181,1964,12/31/2026 0:00:00,Email,Monthly,4/30/2026 0:00:00,156.38,0,Direct debit,TRUE,0,FALSE,145.13,TRUE,4/16/2025 8:50:00,eZona web,iOS,TRUE,FALSE,TRUE,4,2,0,10/15/2025 12:46:00,Meter reading,2,10,FALSE,FALSE,FALSE,TRUE,0,3,7819,eZona message,Zilina,01001,,,,TRUE
d9d16d51-5ece-465b-95f5-dca743858540,tomas.tothova280@firma.sk,24897981,ZX-380-625,,TRUE,5/28/2019 3:29:00,5/28/2019 3:29:00,Business,Retail services,Gas,Firma Plyn Plus,DMP1-PLYN,Zilina,24ZSS5365849285P,GAS809902,FALSE,Annual,3/8/2026 13:21:00,215261,0,5567,12/31/2026 0:00:00,Email,Monthly,4/30/2026 0:00:00,440.19,0,Postal order,FALSE,0,FALSE,381.53,TRUE,3/22/2026 15:10:00,"eZona web, API",,FALSE,FALSE,TRUE,2,3,0,7/5/2025 0:37:00,Move contract,2,6,TRUE,TRUE,FALSE,TRUE,0,0,19808.55,SMS,Zilina,01001,51,551000,neziskova organizacia,FALSE
2e99967a-8981-4894-be5c-bd7cb313ad6e,peter.kovac281@firma.sk,26421818,PX-381-767,,TRUE,6/20/2021 11:16:00,6/20/2021 11:16:00,Business,Industrial,Gas,Plyn Komfort,B2B-ELE,Prievidza,24ZSS3852876614Q,GAS591284,FALSE,Quarterly,3/9/2026 12:24:00,197065,0,3902,12/31/2026 0:00:00,Email,Quarterly,4/30/2026 0:00:00,282.61,0,Direct debit,TRUE,1,FALSE,254.11,FALSE,,,,FALSE,TRUE,TRUE,1,2,0,11/2/2025 7:25:00,Move contract,3,1,FALSE,FALSE,FALSE,FALSE,0,3,5086.98,eZona message,Prievidza,97101,60,471100,zivnostnik,FALSE
91705ec7-3eba-4a52-8102-51bcb5f372cf,zuzana.kral282@post.sk,11987955,ZX-382-479,,FALSE,8/9/2022 11:28:00,8/9/2022 11:28:00,Household,High consumption,Gas,Plyn Domov,B2B-GAS,Zvolen,24ZSS2706627135P,GAS753504,TRUE,Monthly,5/3/2026 14:21:00,23716,0,994,12/31/2026 0:00:00,Email,Monthly,4/30/2026 0:00:00,100.67,0,Postal order,FALSE,1,FALSE,106.27,TRUE,8/1/2025 7:35:00,"eZona web, API",,TRUE,FALSE,TRUE,2,0,0,4/29/2025 23:17:00,Move contract,6,1,FALSE,FALSE,TRUE,TRUE,1,5,4530.15,Email,Zvolen,96001,,,,FALSE
cfa5ddd9-f77f-466a-b2d7-cb8f34f75492,miroslav.kollarova283@azet.sk,16748465,MX-383-654,,FALSE,11/27/2025 6:52:00,11/27/2025 6:52:00,Household,Standard household,Electricity + Gas,Duo Komfort,B2B-ELE,Martin,24ZSS5690845192M,ELM913394,TRUE,Monthly,4/30/2026 1:07:00,42571,1946,856,12/31/2026 0:00:00,Email,Annual,4/30/2026 0:00:00,101.45,0,Card,FALSE,3,FALSE,112.66,TRUE,3/20/2025 14:18:00,"eZona web, API",iOS,TRUE,FALSE,FALSE,5,3,0,6/11/2025 10:45:00,Deposit change,3,5,FALSE,FALSE,FALSE,TRUE,0,3,2333.35,eZona message,Martin,03601,,,,TRUE
50bb3cbc-e6c6-42d5-941d-647f399c5f0a,simona.simekova284@azet.sk,19542228,ZX-384-971,,FALSE,3/23/2023 1:45:00,3/23/2023 1:45:00,Household,Solar interest,Electricity + Gas,Firma Energia Plus,DD1-DOM,Zvolen,24ZSS6982240471M,ELM824971,TRUE,Monthly,4/2/2026 0:43:00,11890,2975,1893,12/31/2026 0:00:00,Email,Quarterly,4/30/2026 0:00:00,153.68,0,Card,FALSE,1,FALSE,163.52,TRUE,3/5/2025 1:17:00,"eZona web, mobile web",,FALSE,FALSE,TRUE,1,0,0,,Meter reading,8,4,TRUE,FALSE,FALSE,TRUE,0,3,10603.92,eZona message,Zvolen,96001,,,,FALSE
e3872268-9f86-4118-8de8-60e804ba9d0d,katarina.halas285@energia-client.sk,25373265,ZX-385-545,,TRUE,11/24/2023 20:45:00,11/24/2023 20:45:00,Business,Public sector,Electricity,Elektrina Domov,DD2-DOM,Zilina,24ZSS8966367386M,ELM368658,TRUE,Monthly,3/30/2026 20:06:00,235969,64358,0,12/31/2026 0:00:00,Post,Monthly,4/30/2026 0:00:00,224.23,59.6,Direct debit,FALSE,0,FALSE,217.06,FALSE,,,,FALSE,FALSE,TRUE,4,0,0,2/12/2025 11:33:00,Complaint,0,8,FALSE,FALSE,TRUE,FALSE,1,1,6502.67,SMS,Zilina,01001,52,256200,zivnostnik,FALSE
188ac40a-4aa9-47b5-9909-9345f6c9cb4a,ivana.gregorova286@gmail.com,14104064,TX-386-329,,FALSE,8/1/2021 17:46:00,8/1/2021 17:46:00,Household,Digital household,Gas,Plyn Komfort,B2B-ELE,Trencin,24ZSS6818168846P,GAS185734,TRUE,Monthly,3/12/2026 12:08:00,8649,0,1836,12/31/2026 0:00:00,Email,Monthly,4/30/2026 0:00:00,130.98,0,Postal order,FALSE,0,FALSE,128.8,TRUE,1/20/2025 16:46:00,"eZona web, mobile web",iOS,TRUE,FALSE,FALSE,2,3,0,,Complaint,7,6,FALSE,TRUE,FALSE,TRUE,1,0,2488.62,Phone,Trencin,91101,,,,TRUE
9fceff79-0a78-451f-83ff-a7d1de7c99f5,robert.lackova287@example-business.sk,20288498,PX-387-708,,TRUE,7/8/2025 1:30:00,7/8/2025 1:30:00,Business,Retail services,Electricity,Elektrina Online,DD5-SOLAR,Prievidza,24ZSS7940935418P,ELM529418,TRUE,Monthly,3/30/2026 20:15:00,102893,79296,0,12/31/2026 0:00:00,Email,Monthly,4/30/2026 0:00:00,194.07,110.32,Direct debit,TRUE,0,FALSE,210.78,FALSE,,,,TRUE,FALSE,TRUE,5,0,0,4/16/2026 1:46:00,Move contract,3,8,FALSE,FALSE,FALSE,FALSE,1,4,12808.62,Phone,Prievidza,97101,43,861000,s.r.o.,FALSE
a111aa36-4a16-4376-be14-a0b13afc30ef,tomas.gregorova288@example.sk,16639375,LM-388-441,,FALSE,1/30/2020 1:33:00,1/30/2020 1:33:00,Household,Solar interest,Electricity + Gas,Firma Energia Plus,B2B-GAS,Liptovsky Mikulas,24ZSS8634207052Q,ELM883500,TRUE,Monthly,5/6/2026 10:50:00,40845,1651,1190,12/31/2026 0:00:00,Post,Monthly,4/30/2026 0:00:00,110.76,0,Bank transfer,FALSE,1,FALSE,104.18,TRUE,6/7/2025 1:04:00,"eZona web, mobile web",,TRUE,FALSE,FALSE,1,3,1,5/10/2025 16:58:00,Contact support,9,2,FALSE,FALSE,FALSE,FALSE,1,2,7642.44,Email,Liptovsky Mikulas,03101,,,,FALSE
bdffc4b8-0757-438c-b99b-41fb19c1f5a4,zuzana.balaz289@gmail.com,10236089,LM-389-212,,FALSE,3/3/2024 0:08:00,3/3/2024 0:08:00,Household,Digital household,Electricity,Elektrina Online,DD2-DOM,Liptovsky Mikulas,24ZSS2642878877K,ELM397878,TRUE,Monthly,3/24/2026 18:34:00,21642,4520,0,12/31/2026 0:00:00,Post,Quarterly,4/30/2026 0:00:00,58.86,34.89,Bank transfer,FALSE,0,FALSE,67.84,FALSE,,,,FALSE,FALSE,FALSE,4,1,4,4/23/2026 14:47:00,Contact support,7,6,TRUE,FALSE,FALSE,FALSE,3,6,3355.02,Phone,Liptovsky Mikulas,03101,,,,FALSE
4bfe632f-9d01-493d-85ec-aaf9377c5a4f,simona.kral290@energia-client.sk,20538018,BB-390-736,,FALSE,7/29/2025 4:06:00,7/29/2025 4:06:00,Business,Industrial,Electricity + Gas,Duo Komfort,VS-ELE,Banska Bystrica,24ZSS8326557646P,ELM962980,TRUE,Monthly,5/7/2026 13:22:00,102960,14591,5967,12/31/2026 0:00:00,Email,Monthly,4/30/2026 0:00:00,367.96,0,Card,FALSE,0,FALSE,390.37,TRUE,2/8/2026 2:07:00,eZona web,,FALSE,FALSE,FALSE,1,0,1,2/3/2026 8:37:00,Move contract,2,2,FALSE,FALSE,FALSE,TRUE,0,4,26493.12,eZona message,Banska Bystrica,97401,71,682000,obec,FALSE
9766eb66-315c-44ef-b529-48849d6385e3,monika.balaz291@example.sk,12236864,LM-391-899,,FALSE,10/29/2024 5:08:00,10/29/2024 5:08:00,Household,Green energy,Electricity,Verejna Sprava Elektrina,DMP1-PLYN,Liptovsky Mikulas,24ZSS2489034137P,ELM729211,FALSE,Annual,4/9/2026 21:43:00,6167,7227,0,12/31/2026 0:00:00,Post,Quarterly,4/30/2026 0:00:00,62.37,37.58,Direct debit,TRUE,1,FALSE,71.46,TRUE,11/19/2025 8:12:00,mobile web,Android,TRUE,FALSE,TRUE,4,1,1,,Meter reading,4,10,FALSE,TRUE,TRUE,FALSE,0,3,1683.99,SMS,Liptovsky Mikulas,03101,,,,TRUE
bee142dc-28f5-4092-9223-892635a16566,veronika.balaz292@energia-client.sk,29891326,RX-392-784,,TRUE,5/17/2019 17:29:00,5/17/2019 17:29:00,Business,SME multi-site,Electricity + Gas,Firma Energia Plus,DMP1-PLYN,Ruzomberok,24ZSS9579516200P,ELM763071,TRUE,Monthly,4/24/2026 21:11:00,123718,70745,1470,12/31/2026 0:00:00,Email,Monthly,4/30/2026 0:00:00,184.29,0,Card,FALSE,1,FALSE,167.89,TRUE,3/28/2026 3:13:00,"eZona web, API",,FALSE,TRUE,TRUE,0,3,1,11/18/2025 5:31:00,Deposit change,2,10,TRUE,FALSE,TRUE,TRUE,1,5,7003.02,SMS,Ruzomberok,03401,43,551000,a.s.,FALSE
b7a05dda-5285-426c-9f97-a2f5e977ba25,monika.simekova293@gmail.com,15867254,CX-393-786,,FALSE,12/9/2025 13:28:00,12/9/2025 13:28:00,Household,Green energy,Electricity,Elektrina Domov,DD1-DOM,Cadca,24ZSS7839308251K,ELM651220,TRUE,Monthly,4/14/2026 20:43:00,29715,1483,0,12/31/2026 0:00:00,Post,Quarterly,4/30/2026 0:00:00,45.28,24.82,Card,FALSE,3,FALSE,48.83,FALSE,,,,FALSE,TRUE,TRUE,4,1,0,4/30/2026 6:16:00,Invoice copy,7,6,FALSE,FALSE,TRUE,FALSE,0,9,1901.76,eZona message,Cadca,02201,,,,FALSE
1f6a7afa-c5ff-4897-a2c2-42450d199c17,peter.halas294@gmail.com,14420442,ZX-394-228,,FALSE,5/20/2019 14:58:00,5/20/2019 14:58:00,Household,High consumption,Electricity + Gas,Duo Komfort,DD5-SOLAR,Zilina,24ZSS3339452079P,ELM715620,FALSE,Quarterly,4/14/2026 0:37:00,28868,5155,219,12/31/2026 0:00:00,Email,Annual,4/30/2026 0:00:00,44.02,3.49,Direct debit,TRUE,0,FALSE,36.61,TRUE,5/12/2025 11:36:00,"eZona web, mobile web",iOS,FALSE,FALSE,TRUE,4,2,0,4/8/2025 22:38:00,Meter reading,5,5,FALSE,FALSE,FALSE,TRUE,0,1,880.4,eZona message,Zilina,01001,,,,TRUE
35ee7f8a-a80d-433f-b645-8848cef4fbff,andrea.novakova295@azet.sk,13251396,LM-395-814,,FALSE,1/26/2022 16:19:00,1/26/2022 16:19:00,Household,High consumption,Electricity + Gas,Duo Komfort,B2B-DUO,Liptovsky Mikulas,24ZSS1279107215K,ELM624458,TRUE,Monthly,4/4/2026 4:26:00,12336,2682,1621,12/31/2026 0:00:00,Email,Monthly,4/30/2026 0:00:00,111.66,0,Direct debit,TRUE,0,FALSE,110.57,TRUE,2/13/2026 0:17:00,"eZona web, mobile web",iOS,TRUE,FALSE,TRUE,4,3,4,1/13/2025 12:24:00,Tariff consultation,3,7,FALSE,FALSE,FALSE,TRUE,1,2,4913.04,Phone,Liptovsky Mikulas,03101,,,,TRUE
b99cc426-f6db-4125-abdf-9951f51fd8ac,veronika.balaz296@example.sk,11818166,ZX-396-482,,FALSE,8/29/2019 6:54:00,8/29/2019 6:54:00,Household,Senior assisted,Gas,Firma Plyn Plus,B2B-ELE,Zvolen,24ZSS7855940060Q,GAS777349,TRUE,Monthly,4/14/2026 21:42:00,35991,0,711,12/31/2026 0:00:00,Email,Annual,4/30/2026 0:00:00,92.1,0,Direct debit,TRUE,1,FALSE,107.65,FALSE,,,,FALSE,TRUE,TRUE,0,3,1,2/12/2025 19:32:00,Complaint,7,1,FALSE,FALSE,FALSE,FALSE,0,2,6447,eZona message,Zvolen,96001,,,,FALSE
6eb7f6b8-a8e9-4b12-96fd-e00dfdbefc9c,jana.bartosova297@gmail.com,11078177,PX-397-720,,FALSE,12/27/2019 21:28:00,12/27/2019 21:28:00,Household,Solar interest,Electricity,Elektrina Domov,B2B-DUO,Poprad,24ZSS6366070280M,ELM891511,TRUE,Monthly,4/4/2026 13:17:00,2558,6331,0,12/31/2026 0:00:00,Email,Annual,4/30/2026 0:00:00,76.2,0,Direct debit,FALSE,4,FALSE,70.01,TRUE,9/15/2025 12:48:00,"eZona web, mobile web",,FALSE,FALSE,TRUE,0,1,0,,Invoice copy,10,10,FALSE,FALSE,FALSE,TRUE,1,7,2286,Phone,Poprad,05801,,,,TRUE
52567702-4664-4b07-a378-a7ff85cbc535,lenka.fedorova298@azet.sk,19317424,LM-398-617,,FALSE,12/18/2025 20:38:00,12/18/2025 20:38:00,Household,Senior assisted,Gas,Plyn Komfort,DD5-SOLAR,Liptovsky Mikulas,24ZSS1450581754M,GAS636515,TRUE,Monthly,3/28/2026 4:30:00,40885,0,461,12/31/2026 0:00:00,Email,Quarterly,4/30/2026 0:00:00,66.36,0,Direct debit,TRUE,1,FALSE,55.71,TRUE,4/19/2025 3:03:00,"eZona web, API",Android,FALSE,FALSE,FALSE,3,3,0,6/2/2025 0:48:00,Solar consultation,3,4,FALSE,FALSE,FALSE,TRUE,0,3,4645.2,Phone,Liptovsky Mikulas,03101,,,,FALSE
c1043886-2802-45ad-8298-6b9cdb6f16bd,veronika.halas299@azet.sk,15771170,PX-399-664,,FALSE,1/8/2018 15:46:00,1/8/2018 15:46:00,Household,Standard household,Gas,Plyn Komfort,DD1-DOM,Prievidza,24ZSS1596221390M,GAS733751,TRUE,Monthly,3/25/2026 5:18:00,11476,0,1926,12/31/2026 0:00:00,Email,Monthly,4/30/2026 0:00:00,148.93,0,Direct debit,FALSE,1,FALSE,137.67,TRUE,7/25/2025 17:04:00,mobile web,,TRUE,TRUE,TRUE,5,0,1,4/19/2025 19:11:00,Solar consultation,3,2,FALSE,FALSE,FALSE,TRUE,1,4,4914.69,Email,Prievidza,97101,,,,TRUE
8aab9b31-a99c-42e8-a35e-69fc8b740ead,lenka.lackova300@municipal.sk,28315829,MX-400-431,,TRUE,11/5/2023 22:55:00,11/5/2023 22:55:00,Business,Industrial,Gas,Firma Plyn Plus,B2B-GAS,Martin,24ZSS7324470988K,GAS984689,TRUE,Monthly,3/29/2026 14:10:00,63387,0,7626,12/31/2026 0:00:00,Email,Monthly,4/30/2026 0:00:00,594.43,771.99,Bank transfer,FALSE,2,TRUE,630.22,TRUE,5/31/2025 23:47:00,"eZona web, API",Android,TRUE,TRUE,TRUE,1,0,0,5/1/2025 22:57:00,Move contract,5,3,FALSE,FALSE,FALSE,TRUE,0,5,41015.67,SMS,Martin,03601,47,852000,s.r.o.,TRUE
cd654931-4cd9-4cce-af39-66e0935c6265,robert.tothova301@municipal.sk,21139660,BB-401-525,,TRUE,7/5/2019 12:49:00,7/5/2019 12:49:00,Business,SME multi-site,Electricity,Elektrina Domov,DD2-DOM,Banska Bystrica,24ZSS2436246042Q,ELM410056,FALSE,Annual,3/31/2026 2:40:00,57593,49130,0,12/31/2026 0:00:00,Email,Quarterly,4/30/2026 0:00:00,184.33,0,Direct debit,TRUE,0,FALSE,163.49,FALSE,,,,TRUE,TRUE,TRUE,4,2,1,2/9/2026 19:03:00,Meter reading,3,8,FALSE,TRUE,FALSE,FALSE,1,6,7741.86,SMS,Banska Bystrica,97401,35,861000,obec,FALSE
13b68b32-79ba-4b9a-b925-211c432f7a11,veronika.halas302@municipal.sk,29953807,CX-402-375,ADM-314-280,TRUE,6/3/2025 18:25:00,6/3/2025 18:25:00,Business,Hospitality,Electricity + Gas,Online Domov Duo,DD5-SOLAR,Cadca,24ZSS4485275401K,ELM846006,TRUE,Monthly,4/25/2026 6:16:00,53858,78117,7930,12/31/2026 0:00:00,Email,Quarterly,4/30/2026 0:00:00,641.99,0,Direct debit,TRUE,0,FALSE,665.04,TRUE,2/7/2026 11:31:00,eZona web,iOS,FALSE,TRUE,TRUE,2,1,1,,Move contract,3,10,FALSE,FALSE,FALSE,TRUE,0,4,44297.31,eZona message,Cadca,02201,4,493200,neziskova organizacia,TRUE
9c2d9e0d-934c-4680-a2df-532922d429c7,michal.halas303@example.sk,18088745,BB-403-410,,FALSE,11/8/2021 12:16:00,11/8/2021 12:16:00,Household,Solar interest,Electricity + Gas,Online Domov Duo,VS-ELE,Banska Bystrica,24ZSS6391815965K,ELM880614,TRUE,Monthly,3/5/2026 11:43:00,5762,2967,633,12/31/2026 0:00:00,Email,Annual,4/30/2026 0:00:00,60.38,0,Direct debit,TRUE,1,FALSE,70.63,TRUE,10/29/2025 21:16:00,"eZona web, API",Android,TRUE,FALSE,TRUE,4,2,0,11/14/2025 12:10:00,Contact support,8,8,FALSE,FALSE,FALSE,TRUE,0,4,1811.4,SMS,Banska Bystrica,97401,,,,TRUE
3a2fa51d-f78c-4c54-a397-367b2c3736ce,marek.balaz304@energia-client.sk,23218674,TX-404-284,,FALSE,9/5/2019 12:54:00,9/5/2019 12:54:00,Business,Retail services,Gas,Plyn Komfort,B2B-ELE,Trencin,24ZSS3573060664Q,GAS586977,TRUE,Monthly,4/24/2026 13:26:00,195238,0,2724,12/31/2026 0:00:00,Email,Quarterly,4/30/2026 0:00:00,231.82,0,Direct debit,TRUE,4,FALSE,194.39,TRUE,12/19/2025 6:41:00,mobile web,,TRUE,FALSE,TRUE,3,2,0,9/27/2025 8:09:00,Meter reading,6,1,TRUE,FALSE,TRUE,TRUE,3,9,7650.06,Email,Trencin,91101,18,561000,a.s.,FALSE
678fe0a7-4fd7-4ef8-8331-57702ed59476,jana.polak305@azet.sk,10306190,TX-405-217,,FALSE,12/17/2018 14:46:00,12/17/2018 14:46:00,Household,Solar interest,Gas,Plyn Domov,B2B-ELE,Trencin,24ZSS2022910438M,GAS572377,FALSE,Quarterly,5/3/2026 2:15:00,19452,0,1620,12/31/2026 0:00:00,Email,Monthly,4/30/2026 0:00:00,118.1,0,Direct debit,TRUE,0,FALSE,124.23,TRUE,3/2/2026 3:55:00,"eZona web, mobile web",Android,TRUE,TRUE,FALSE,4,1,1,11/22/2025 16:51:00,Deposit change,7,5,FALSE,FALSE,TRUE,TRUE,1,6,6967.9,eZona message,Trencin,91101,,,,TRUE
969ef01b-02f2-414c-a822-8a24ea79d3c9,natalia.gregorova306@gmail.com,11371990,BB-406-233,,FALSE,10/15/2023 0:02:00,10/15/2023 0:02:00,Household,High consumption,Electricity,Elektrina Domov,DD5-SOLAR,Banska Bystrica,24ZSS4815305074P,ELM542074,TRUE,Monthly,3/11/2026 19:43:00,41083,2789,0,12/31/2026 0:00:00,Email,Monthly,4/30/2026 0:00:00,35.53,0,Direct debit,TRUE,0,FALSE,37.26,TRUE,10/25/2025 14:59:00,"eZona web, mobile web",Android,TRUE,TRUE,TRUE,0,1,0,7/24/2025 11:39:00,Contact support,7,8,FALSE,FALSE,FALSE,TRUE,0,2,2060.74,SMS,Banska Bystrica,97401,,,,TRUE
daf3b1c2-9204-45c0-b17a-3d38ab37372f,ivana.simekova307@gmail.com,11544240,RX-407-976,,FALSE,7/9/2021 14:41:00,7/9/2021 14:41:00,Household,Solar interest,Gas,Plyn Komfort,B2B-ELE,Ruzomberok,24ZSS7901598729K,GAS576610,TRUE,Monthly,5/10/2026 5:55:00,36559,0,367,12/31/2026 0:00:00,Post,Quarterly,4/30/2026 0:00:00,85.19,0,Direct debit,TRUE,1,FALSE,70.45,FALSE,,,,FALSE,TRUE,TRUE,0,3,0,3/5/2025 16:18:00,Deposit change,7,5,FALSE,FALSE,FALSE,FALSE,1,2,5026.21,Phone,Ruzomberok,03401,,,,FALSE
46c4c6a6-cfe9-4e44-8d83-73bf706a5ae9,natalia.fedorova308@energia-client.sk,27460782,CX-408-637,,FALSE,11/23/2024 14:51:00,11/23/2024 14:51:00,Business,Industrial,Electricity + Gas,Online Domov Duo,DD5-SOLAR,Cadca,24ZSS8526902780P,ELM588426,FALSE,Quarterly,3/30/2026 16:17:00,224940,106683,3313,12/31/2026 0:00:00,Email,Monthly,4/30/2026 0:00:00,356.48,517.73,Card,FALSE,1,FALSE,404.36,TRUE,9/30/2025 17:16:00,"eZona web, API",,FALSE,FALSE,FALSE,4,2,0,3/27/2026 0:19:00,Deposit change,0,10,FALSE,TRUE,FALSE,FALSE,0,2,15328.64,Phone,Cadca,02201,32,256200,zivnostnik,TRUE
e1c96ec8-a655-4817-b324-b44aab367eba,michal.horvath309@municipal.sk,29108922,PX-409-354,ADM-501-445,TRUE,11/21/2021 7:30:00,11/21/2021 7:30:00,Business,Hospitality,Electricity,Elektrina Online,DD1-DOM,Poprad,24ZSS2859946089K,ELM951202,FALSE,Annual,3/26/2026 5:14:00,88590,74499,0,12/31/2026 0:00:00,Email,Quarterly,4/30/2026 0:00:00,227.15,0,Direct debit,TRUE,1,FALSE,255.68,TRUE,5/10/2025 13:32:00,mobile web,,TRUE,FALSE,TRUE,2,3,3,5/15/2025 15:33:00,Invoice copy,5,10,FALSE,FALSE,FALSE,TRUE,0,3,14310.45,Phone,Poprad,05801,60,620100,s.r.o.,FALSE
e94c581e-25ff-4feb-9af0-89615f04139d,monika.kollarova310@post.sk,15515570,CX-410-821,,FALSE,4/26/2024 10:55:00,4/26/2024 10:55:00,Household,Digital household,Electricity,Firma Elektrina Plus,B2B-ELE,Cadca,24ZSS1216081154M,ELM687456,TRUE,Monthly,4/27/2026 10:44:00,14864,1750,0,12/31/2026 0:00:00,Email,Quarterly,4/30/2026 0:00:00,34.33,0,Bank transfer,FALSE,4,FALSE,30.8,TRUE,11/27/2025 3:11:00,eZona web,,FALSE,FALSE,FALSE,5,2,0,,Tariff consultation,7,7,FALSE,FALSE,FALSE,TRUE,1,9,617.94,Phone,Cadca,02201,,,,TRUE
7297b600-43d7-4595-8ab0-ef53a6cdf64a,samuel.urban311@example.sk,15302787,MX-411-660,,FALSE,7/18/2018 13:32:00,7/18/2018 13:32:00,Household,Price sensitive,Electricity,Verejna Sprava Elektrina,DMP1-PLYN,Martin,24ZSS9737565220Q,ELM672041,TRUE,Monthly,5/8/2026 14:43:00,41651,4356,0,12/31/2026 0:00:00,Email,Monthly,4/30/2026 0:00:00,30.83,0,Direct debit,TRUE,1,FALSE,32.26,FALSE,,,,FALSE,TRUE,FALSE,2,3,0,8/5/2025 6:42:00,Deposit change,0,5,TRUE,FALSE,FALSE,FALSE,0,2,1325.69,Phone,Martin,03601,,,,FALSE
c07e2b18-6ae1-4285-adc4-fc1df2c42b6a,daniel.marekova312@azet.sk,15961162,TX-412-139,,FALSE,5/13/2024 6:56:00,5/13/2024 6:56:00,Household,High consumption,Gas,Plyn Komfort,B2B-ELE,Trencin,24ZSS3605037023P,GAS533822,TRUE,Monthly,3/6/2026 4:18:00,12455,0,1031,12/31/2026 0:00:00,Email,Annual,4/30/2026 0:00:00,105.71,0,Card,FALSE,0,FALSE,101.12,FALSE,,,,FALSE,FALSE,TRUE,2,2,1,4/14/2026 15:10:00,Meter reading,5,4,FALSE,FALSE,FALSE,FALSE,0,2,3277.01,eZona message,Trencin,91101,,,,FALSE
34a41b61-c9ec-40e4-a928-64ec74177fa5,miroslav.tothova313@post.sk,18305667,ZX-413-279,,FALSE,6/28/2025 18:35:00,6/28/2025 18:35:00,Household,Price sensitive,Electricity,Elektrina Domov,DD2-DOM,Zvolen,24ZSS5207793242K,ELM315376,TRUE,Monthly,3/16/2026 12:24:00,24857,6317,0,12/31/2026 0:00:00,Email,Annual,4/30/2026 0:00:00,42.2,0,Direct debit,TRUE,1,FALSE,35.5,TRUE,5/19/2025 17:17:00,"eZona web, mobile web",,TRUE,TRUE,FALSE,1,3,1,2/2/2025 22:26:00,Meter reading,4,7,FALSE,FALSE,FALSE,TRUE,1,2,2574.2,eZona message,Zvolen,96001,,,,FALSE
44d47a99-62fc-40e7-a59e-d0bc0e2fde0d,ivana.horvath314@post.sk,11061421,RX-414-102,,FALSE,4/7/2018 8:10:00,4/7/2018 8:10:00,Household,Senior assisted,Electricity + Gas,Online Domov Duo,DD2-DOM,Ruzomberok,24ZSS3039075493M,ELM474809,TRUE,Monthly,3/6/2026 9:27:00,35282,7186,2195,12/31/2026 0:00:00,Post,Quarterly,4/30/2026 0:00:00,167.09,76.67,Bank transfer,FALSE,1,FALSE,183.17,FALSE,,,,FALSE,FALSE,TRUE,3,2,1,8/18/2025 17:34:00,Complaint,3,10,FALSE,FALSE,FALSE,FALSE,1,4,6516.51,Email,Ruzomberok,03401,,,,FALSE
832aa593-cc27-4e2c-90c4-bda6708801d9,michal.simekova315@municipal.sk,27284956,LM-415-535,,FALSE,9/17/2020 14:30:00,9/17/2020 14:30:00,Business,Hospitality,Electricity,Firma Elektrina Plus,DD2-DOM,Liptovsky Mikulas,24ZSS1571648141K,ELM715263,TRUE,Monthly,3/15/2026 3:52:00,24347,80016,0,12/31/2026 0:00:00,Email,Annual,4/30/2026 0:00:00,110.2,0,Direct debit,TRUE,0,FALSE,114.56,TRUE,3/5/2026 8:54:00,eZona web,,TRUE,FALSE,FALSE,5,2,1,,Complaint,6,8,FALSE,FALSE,FALSE,FALSE,1,4,2865.2,Email,Liptovsky Mikulas,03101,18,551000,neziskova organizacia,TRUE
b1c46c09-bd01-4eaf-a4be-2c5a0b8c62ba,juraj.balaz316@example.sk,12087292,RX-416-153,,FALSE,12/22/2021 8:13:00,12/22/2021 8:13:00,Household,Digital household,Electricity + Gas,Online Domov Duo,DMP1-PLYN,Ruzomberok,24ZSS2714248469M,ELM465856,FALSE,Annual,3/18/2026 0:24:00,25018,7628,1349,12/31/2026 0:00:00,Email,Annual,4/30/2026 0:00:00,127.64,204.17,Direct debit,TRUE,1,TRUE,146.05,FALSE,,,,TRUE,FALSE,FALSE,4,2,4,,Tariff consultation,2,10,TRUE,FALSE,TRUE,FALSE,1,7,8041.32,Email,Ruzomberok,03401,,,,FALSE
8433d8ed-740c-4f7f-b812-002995a2e1f4,katarina.tothova317@azet.sk,16181288,PX-417-406,,FALSE,11/16/2022 17:12:00,11/16/2022 17:12:00,Household,Green energy,Gas,Plyn Domov,DD1-DOM,Poprad,24ZSS7292078157M,GAS661949,TRUE,Monthly,5/2/2026 1:46:00,35566,0,1341,12/31/2026 0:00:00,Email,Annual,4/30/2026 0:00:00,134.76,0,Direct debit,TRUE,0,FALSE,128.63,TRUE,3/7/2026 7:05:00,"eZona web, API",iOS,FALSE,FALSE,TRUE,2,3,3,,Meter reading,4,3,TRUE,FALSE,TRUE,TRUE,1,4,3369,SMS,Poprad,05801,,,,TRUE
9b4797cf-636a-4fc7-aea6-0c00a05a5618,lenka.gregorova318@energia-client.sk,25001773,RX-418-280,ADM-350-882,FALSE,7/1/2022 1:43:00,7/1/2022 1:43:00,Business,Industrial,Gas,Plyn Komfort,DD1-DOM,Ruzomberok,24ZSS8722609028Q,GAS778887,FALSE,Annual,3/26/2026 18:09:00,39611,0,8457,12/31/2026 0:00:00,Email,Annual,4/30/2026 0:00:00,682.14,0,Direct debit,TRUE,0,FALSE,673.63,TRUE,10/29/2025 12:49:00,eZona web,,FALSE,FALSE,FALSE,3,3,1,,Meter reading,1,1,FALSE,FALSE,FALSE,TRUE,0,6,26603.46,Phone,Ruzomberok,03401,165,620100,a.s.,FALSE
213095e5-c591-492f-ae59-2e3de6d6b206,simona.marekova319@gmail.com,12883764,ZX-419-173,,FALSE,12/17/2020 21:51:00,12/17/2020 21:51:00,Household,Senior assisted,Electricity,Firma Elektrina Plus,DD1-DOM,Zvolen,24ZSS4735937541M,ELM216680,TRUE,Monthly,3/14/2026 8:57:00,20591,3798,0,12/31/2026 0:00:00,Email,Annual,4/30/2026 0:00:00,24.72,13.41,Direct debit,TRUE,0,FALSE,28.5,TRUE,9/29/2025 6:13:00,"eZona web, mobile web",,FALSE,FALSE,FALSE,1,3,1,8/29/2025 16:53:00,Solar consultation,3,8,TRUE,FALSE,FALSE,TRUE,1,1,444.96,Email,Zvolen,96001,,,,TRUE
00f30043-c3c3-4086-aeca-924437b62bee,zuzana.lackova320@example-business.sk,20512164,PX-420-985,,FALSE,8/30/2022 22:57:00,8/30/2022 22:57:00,Business,SME multi-site,Gas,Firma Plyn Plus,DD1-DOM,Poprad,24ZSS1959914271P,GAS540246,TRUE,Monthly,3/27/2026 19:16:00,45775,0,13545,12/31/2026 0:00:00,Email,Annual,4/30/2026 0:00:00,933.98,0,Postal order,FALSE,1,FALSE,1070.3,TRUE,5/29/2025 4:02:00,mobile web,,TRUE,FALSE,TRUE,5,0,1,,Contact support,0,4,FALSE,FALSE,TRUE,TRUE,0,1,60708.7,Email,Poprad,05801,4,471100,s.r.o.,FALSE
1fcf1d55-4af9-4792-8dc0-2e39c8ac2cf7,pavol.tothova321@energia-client.sk,24820659,RX-421-913,,FALSE,1/2/2019 11:59:00,1/2/2019 11:59:00,Business,Retail services,Gas,Plyn Komfort,B2B-ELE,Ruzomberok,24ZSS8642073294M,GAS868458,TRUE,Monthly,4/24/2026 23:24:00,92610,0,8763,12/31/2026 0:00:00,Email,Quarterly,4/30/2026 0:00:00,537.96,404.97,Direct debit,TRUE,0,FALSE,570.55,FALSE,,,,TRUE,TRUE,TRUE,2,0,1,6/9/2025 1:12:00,Complaint,6,6,TRUE,FALSE,TRUE,FALSE,1,7,24208.2,Email,Ruzomberok,03401,43,682000,a.s.,FALSE
d8cf2392-65eb-4955-857d-126523db7627,zuzana.mikulas322@energia-client.sk,29547482,ZX-422-265,ADM-912-914,FALSE,8/25/2024 6:38:00,8/25/2024 6:38:00,Business,Hospitality,Electricity,Verejna Sprava Elektrina,B2B-GAS,Zilina,24ZSS3316463517P,ELM926615,FALSE,Annual,3/22/2026 7:44:00,178440,88794,0,12/31/2026 0:00:00,Email,Annual,4/30/2026 0:00:00,160.87,0,Direct debit,TRUE,0,FALSE,133.28,TRUE,4/5/2025 0:31:00,"eZona web, API",Android,TRUE,FALSE,TRUE,1,0,0,10/27/2025 10:22:00,Solar consultation,0,10,FALSE,FALSE,FALSE,TRUE,1,5,6273.93,SMS,Zilina,01001,59,852000,a.s.,FALSE
ae237cdc-2542-4f78-84a3-77f15f3f87b8,andrea.novakova323@gmail.com,14276416,PX-423-639,,FALSE,7/18/2023 3:56:00,7/18/2023 3:56:00,Household,Senior assisted,Electricity,Elektrina Domov,DD2-DOM,Poprad,24ZSS2783491410K,ELM701724,TRUE,Monthly,3/10/2026 12:41:00,42989,4672,0,12/31/2026 0:00:00,Email,Annual,4/30/2026 0:00:00,40.89,0,Card,FALSE,1,FALSE,44.32,TRUE,1/5/2025 18:17:00,"eZona web, API",,FALSE,TRUE,TRUE,5,0,0,7/7/2025 19:17:00,Contact support,7,5,FALSE,FALSE,FALSE,TRUE,1,5,2739.63,SMS,Poprad,05801,,,,TRUE
76872d38-bbde-4642-85b5-5cff38c00974,zuzana.simekova324@example-business.sk,26508045,BB-424-986,ADM-520-869,FALSE,2/19/2025 8:28:00,2/19/2025 8:28:00,Business,Small business,Electricity + Gas,Firma Energia Plus,DMP1-PLYN,Banska Bystrica,24ZSS5735696929M,ELM996160,FALSE,Quarterly,5/9/2026 10:50:00,168194,34915,1310,12/31/2026 0:00:00,Email,Annual,4/30/2026 0:00:00,117.68,0,Postal order,FALSE,0,FALSE,122.81,TRUE,6/22/2025 5:55:00,"eZona web, API",,TRUE,TRUE,TRUE,5,2,0,,Move contract,3,6,FALSE,FALSE,FALSE,TRUE,0,6,7296.16,SMS,Banska Bystrica,97401,15,471100,s.r.o.,TRUE
3c7582f1-0d38-40f8-9ea3-4227fae793de,jana.novakova325@gmail.com,11900369,TX-425-929,,FALSE,6/27/2019 15:19:00,6/27/2019 15:19:00,Household,Green energy,Electricity,Verejna Sprava Elektrina,VS-ELE,Trencin,24ZSS8847300337M,ELM776568,FALSE,Quarterly,4/11/2026 6:24:00,25354,4466,0,12/31/2026 0:00:00,Email,Annual,4/30/2026 0:00:00,73.85,0,Bank transfer,FALSE,0,FALSE,73.23,TRUE,1/17/2025 23:56:00,mobile web,,TRUE,TRUE,TRUE,0,2,0,9/8/2025 11:38:00,Contact support,7,7,TRUE,FALSE,FALSE,TRUE,1,0,1624.7,SMS,Trencin,91101,,,,TRUE
0e93cffd-8bcf-415f-bad7-16ff46c66016,robert.simekova326@gmail.com,18846841,LM-426-959,,FALSE,10/10/2021 10:51:00,10/10/2021 10:51:00,Household,Standard household,Electricity + Gas,Duo Komfort,VS-ELE,Liptovsky Mikulas,24ZSS5349465291M,ELM519010,FALSE,Quarterly,3/9/2026 20:23:00,10249,3354,1516,12/31/2026 0:00:00,Email,Annual,4/30/2026 0:00:00,121.02,216.17,Direct debit,TRUE,1,FALSE,121.68,FALSE,,,,TRUE,TRUE,TRUE,1,0,1,,Complaint,3,5,FALSE,TRUE,FALSE,FALSE,0,8,7866.3,eZona message,Liptovsky Mikulas,03101,,,,FALSE
5b9fa14e-1745-49e3-86c3-807ab896c904,andrea.novakova327@gmail.com,15574568,PX-427-124,,FALSE,8/24/2024 10:51:00,8/24/2024 10:51:00,Household,Digital household,Electricity + Gas,Duo Komfort,DD1-DOM,Poprad,24ZSS1454386064Q,ELM599366,TRUE,Monthly,3/7/2026 2:55:00,38598,6192,652,12/31/2026 0:00:00,Post,Monthly,4/30/2026 0:00:00,81.04,206.74,Bank transfer,FALSE,3,FALSE,86.73,TRUE,3/1/2025 8:31:00,"eZona web, API",Android,TRUE,FALSE,TRUE,2,3,0,6/27/2025 13:46:00,Tariff consultation,5,10,FALSE,FALSE,FALSE,FALSE,1,6,4376.16,eZona message,Poprad,05801,,,,TRUE
276dbb7f-ea4a-4153-8999-4f5fbb5e5abc,tomas.polak328@post.sk,10223719,PX-428-619,,FALSE,3/9/2020 10:59:00,3/9/2020 10:59:00,Household,High consumption,Gas,Plyn Domov,DD5-SOLAR,Poprad,24ZSS6534429076K,GAS780993,TRUE,Monthly,4/15/2026 3:36:00,10259,0,1274,12/31/2026 0:00:00,Email,Annual,4/30/2026 0:00:00,130.07,0,Direct debit,TRUE,1,FALSE,140.41,TRUE,2/19/2025 16:36:00,"eZona web, mobile web",Android,FALSE,TRUE,FALSE,1,2,0,4/6/2025 5:57:00,Solar consultation,4,6,FALSE,FALSE,FALSE,TRUE,0,5,5593.01,Email,Poprad,05801,,,,TRUE
6f0bbf2a-a0c4-42e9-974b-edc6bfde2259,marek.kollarova329@example-business.sk,21670186,ZX-429-582,ADM-492-691,FALSE,5/15/2023 1:07:00,5/15/2023 1:07:00,Business,Public sector,Gas,Plyn Komfort,B2B-GAS,Zilina,24ZSS1732334980P,GAS720839,FALSE,Annual,3/12/2026 4:06:00,75278,0,9050,12/31/2026 0:00:00,Email,Monthly,4/30/2026 0:00:00,667.75,0,Direct debit,TRUE,1,FALSE,619.62,TRUE,3/26/2026 20:43:00,"eZona web, API",iOS,FALSE,TRUE,FALSE,1,0,0,,Solar consultation,3,3,FALSE,FALSE,TRUE,TRUE,1,6,47410.25,SMS,Zilina,01001,7,551000,a.s.,TRUE
da7bbd4e-f081-442d-bc2d-34094784b6fa,andrea.lackova330@example.sk,16423886,RX-430-980,,FALSE,8/22/2021 19:33:00,8/22/2021 19:33:00,Household,Standard household,Electricity,Elektrina Domov,B2B-GAS,Ruzomberok,24ZSS5056418524Q,ELM560776,TRUE,Monthly,4/6/2026 21:46:00,25770,1766,0,12/31/2026 0:00:00,Email,Annual,4/30/2026 0:00:00,60.34,146.05,Bank transfer,FALSE,1,FALSE,68.38,FALSE,,,,TRUE,FALSE,FALSE,1,2,0,10/29/2025 3:25:00,Contact support,4,3,FALSE,FALSE,FALSE,FALSE,5,2,4163.46,eZona message,Ruzomberok,03401,,,,FALSE
bc0066f6-ee62-4adc-8f89-09e04846d0a8,andrea.kollarova331@azet.sk,18340522,TX-431-632,,FALSE,2/20/2025 22:47:00,2/20/2025 22:47:00,Household,Price sensitive,Electricity,Firma Elektrina Plus,VS-ELE,Trencin,24ZSS8239655410P,ELM510485,TRUE,Monthly,5/2/2026 14:55:00,5921,2892,0,12/31/2026 0:00:00,Email,Annual,4/30/2026 0:00:00,66.55,89.26,Bank transfer,FALSE,1,TRUE,63.85,TRUE,12/29/2025 20:13:00,"eZona web, API",iOS,FALSE,FALSE,TRUE,0,2,1,2/4/2026 5:17:00,Tariff consultation,6,6,FALSE,FALSE,FALSE,TRUE,1,6,1464.1,SMS,Trencin,91101,,,,FALSE
6ac666c6-a8b2-4264-a8bd-37ee491168e7,daniel.kovac332@gmail.com,17498921,PX-432-281,,FALSE,8/12/2018 12:52:00,8/12/2018 12:52:00,Household,Price sensitive,Electricity + Gas,Duo Komfort,DD5-SOLAR,Prievidza,24ZSS9338207912P,ELM810561,TRUE,Monthly,5/1/2026 11:30:00,5851,8677,249,12/31/2026 0:00:00,Email,Annual,4/30/2026 0:00:00,67.34,11.47,Direct debit,TRUE,0,FALSE,72.31,TRUE,3/3/2025 5:26:00,"eZona web, API",,TRUE,FALSE,TRUE,2,3,1,,Complaint,4,10,FALSE,FALSE,FALSE,FALSE,1,7,4107.74,SMS,Prievidza,97101,,,,FALSE
c57c0c75-fc6c-4c35-bb60-3b782968b336,simona.balaz333@gmail.com,15413835,PX-433-774,,FALSE,4/29/2020 12:25:00,4/29/2020 12:25:00,Household,Senior assisted,Electricity + Gas,Firma Energia Plus,B2B-ELE,Poprad,24ZSS3645405261P,ELM947998,TRUE,Monthly,4/16/2026 22:54:00,14902,2019,2093,12/31/2026 0:00:00,Post,Monthly,4/30/2026 0:00:00,152.5,0,Card,FALSE,0,FALSE,142.73,TRUE,1/24/2025 15:06:00,"eZona web, mobile web",,TRUE,FALSE,TRUE,1,2,1,,Invoice copy,5,3,FALSE,FALSE,FALSE,FALSE,0,1,8845,Email,Poprad,05801,,,,TRUE
1321f433-eca9-4e4b-9a7a-bb7065bfc99d,monika.novakova334@energia-client.sk,23252421,MX-434-565,ADM-577-989,TRUE,12/28/2019 11:48:00,12/28/2019 11:48:00,Business,Retail services,Electricity + Gas,Online Domov Duo,DD1-DOM,Martin,24ZSS2601927148M,ELM988844,TRUE,Monthly,4/13/2026 3:59:00,57970,96905,3648,12/31/2026 0:00:00,Email,Quarterly,4/30/2026 0:00:00,362.05,0,Direct debit,TRUE,0,FALSE,395.68,FALSE,,,,TRUE,FALSE,TRUE,5,1,1,9/7/2025 14:58:00,Move contract,5,10,FALSE,FALSE,FALSE,FALSE,0,5,15206.1,eZona message,Martin,03601,12,561000,s.r.o.,FALSE
ab7c600f-83df-4fc0-a7b9-26b5ed6f1a56,pavol.kovac335@gmail.com,13741770,ZX-435-593,,FALSE,11/23/2025 10:40:00,11/23/2025 10:40:00,Household,High consumption,Electricity,Elektrina Online,DD2-DOM,Zvolen,24ZSS6932670655K,ELM780025,FALSE,Quarterly,3/18/2026 19:00:00,12365,6810,0,12/31/2026 0:00:00,Email,Monthly,4/30/2026 0:00:00,61.29,56.5,Card,FALSE,4,FALSE,63.9,TRUE,11/3/2025 0:27:00,mobile web,,TRUE,TRUE,TRUE,4,2,1,3/8/2025 14:10:00,Invoice copy,5,10,FALSE,FALSE,TRUE,TRUE,1,9,3309.66,SMS,Zvolen,96001,,,,TRUE
83866183-c42e-4f65-8958-1898242a5175,tomas.kovac336@example-business.sk,26093315,ZX-436-684,ADM-682-182,TRUE,8/16/2025 13:07:00,8/16/2025 13:07:00,Business,Retail services,Electricity,Elektrina Online,DD2-DOM,Zvolen,24ZSS2755308737P,ELM973345,TRUE,Monthly,4/30/2026 13:33:00,139900,111593,0,12/31/2026 0:00:00,Email,Annual,4/30/2026 0:00:00,271.2,0,Direct debit,TRUE,0,FALSE,268.61,TRUE,8/8/2025 8:11:00,"eZona web, mobile web",,FALSE,TRUE,TRUE,1,0,1,10/10/2025 18:13:00,Deposit change,4,10,FALSE,FALSE,FALSE,TRUE,0,5,16543.2,Email,Zvolen,96001,26,852000,a.s.,TRUE
f70ef8ab-671d-4808-8f76-9ca938fba568,juraj.polak337@example-business.sk,27300062,MX-437-440,,FALSE,7/16/2022 17:35:00,7/16/2022 17:35:00,Business,Hospitality,Gas,Firma Plyn Plus,DMP1-PLYN,Martin,24ZSS9828610096P,GAS772188,TRUE,Monthly,3/18/2026 0:12:00,115246,0,9009,12/31/2026 0:00:00,Email,Annual,4/30/2026 0:00:00,564.5,0,Postal order,FALSE,1,FALSE,621.18,TRUE,2/20/2026 1:02:00,mobile web,iOS,FALSE,FALSE,TRUE,3,1,2,4/21/2025 8:38:00,Tariff consultation,4,5,FALSE,FALSE,FALSE,TRUE,0,3,25402.5,eZona message,Martin,03601,11,682000,obec,TRUE
a67ffda6-4953-42fd-9b90-9dc633a89d4f,marek.kral338@gmail.com,19837513,BB-438-821,,FALSE,8/8/2021 5:14:00,8/8/2021 5:14:00,Household,Solar interest,Electricity,Elektrina Online,DMP1-PLYN,Banska Bystrica,24ZSS6106944297Q,ELM571363,TRUE,Monthly,5/9/2026 20:34:00,14615,8835,0,12/31/2026 0:00:00,Email,Annual,4/30/2026 0:00:00,74.68,0,Direct debit,TRUE,0,FALSE,78.44,TRUE,5/17/2025 13:26:00,mobile web,iOS,TRUE,TRUE,TRUE,5,0,1,7/22/2025 2:06:00,Solar consultation,8,10,FALSE,FALSE,FALSE,TRUE,1,2,5227.6,Email,Banska Bystrica,97401,,,,TRUE
7c692830-a575-4022-9512-762e8f798cab,tomas.tothova339@azet.sk,14706539,LM-439-341,,FALSE,1/22/2019 22:53:00,1/22/2019 22:53:00,Household,Senior assisted,Gas,Firma Plyn Plus,DD5-SOLAR,Liptovsky Mikulas,24ZSS5062828207Q,GAS261626,TRUE,Monthly,3/27/2026 15:39:00,32370,0,289,12/31/2026 0:00:00,Email,Annual,4/30/2026 0:00:00,74.9,0,Bank transfer,FALSE,1,FALSE,81.74,TRUE,3/10/2025 6:26:00,mobile web,,FALSE,TRUE,TRUE,5,1,1,4/2/2026 10:03:00,Tariff consultation,3,1,FALSE,TRUE,FALSE,TRUE,1,6,2996,Email,Liptovsky Mikulas,03101,,,,FALSE
f3b55f22-2596-4c98-9947-cfd023f42862,tomas.gregorova340@azet.sk,10072142,MX-440-705,,FALSE,3/14/2019 16:45:00,3/14/2019 16:45:00,Household,Price sensitive,Electricity,Verejna Sprava Elektrina,DD2-DOM,Martin,24ZSS9931945755P,ELM191791,FALSE,Quarterly,3/3/2026 23:47:00,16792,3679,0,12/31/2026 0:00:00,Email,Monthly,4/30/2026 0:00:00,62.7,169.08,Card,FALSE,1,FALSE,71.05,TRUE,5/10/2025 14:38:00,eZona web,iOS,FALSE,TRUE,TRUE,1,1,0,1/26/2025 19:08:00,Solar consultation,6,6,TRUE,FALSE,FALSE,TRUE,0,8,1254,SMS,Martin,03601,,,,TRUE
4ebbac75-1da3-4811-9dc1-01eda91073c1,monika.gregorova341@post.sk,10551495,LM-441-164,,FALSE,2/26/2020 4:38:00,2/26/2020 4:38:00,Household,Price sensitive,Electricity,Verejna Sprava Elektrina,B2B-DUO,Liptovsky Mikulas,24ZSS7526896148K,ELM170743,FALSE,Quarterly,5/9/2026 13:12:00,22592,2005,0,12/31/2026 0:00:00,Email,Monthly,4/30/2026 0:00:00,54.38,0,Bank transfer,FALSE,0,FALSE,63.38,TRUE,5/9/2026 17:29:00,mobile web,,TRUE,TRUE,FALSE,5,2,0,4/8/2026 2:53:00,Tariff consultation,5,3,FALSE,TRUE,FALSE,TRUE,0,6,2283.96,SMS,Liptovsky Mikulas,03101,,,,TRUE
4d2009c2-a990-4af1-bf5a-93001c480b2c,tomas.horvath342@example.sk,11173340,ZX-442-621,,FALSE,5/5/2025 6:37:00,5/5/2025 6:37:00,Household,Standard household,Gas,Firma Plyn Plus,B2B-ELE,Zilina,24ZSS2834865430Q,GAS947187,TRUE,Monthly,4/27/2026 5:58:00,15675,0,1300,12/31/2026 0:00:00,Email,Annual,4/30/2026 0:00:00,134.5,0,Direct debit,TRUE,1,FALSE,141.06,TRUE,7/5/2025 11:30:00,mobile web,,TRUE,FALSE,FALSE,2,3,1,2/28/2026 0:31:00,Invoice copy,5,5,FALSE,TRUE,FALSE,FALSE,1,6,3631.5,Phone,Zilina,01001,,,,TRUE
3c43985c-dc35-4b5f-8283-ba65165f7ba0,samuel.polak343@azet.sk,12173015,TX-443-119,,FALSE,3/13/2019 8:43:00,3/13/2019 8:43:00,Household,Senior assisted,Electricity + Gas,Online Domov Duo,B2B-ELE,Trencin,24ZSS1196126885M,ELM103109,FALSE,Quarterly,4/27/2026 17:03:00,19723,6031,275,12/31/2026 0:00:00,Email,Quarterly,4/30/2026 0:00:00,44.27,0,Direct debit,TRUE,1,FALSE,48.51,TRUE,10/16/2025 14:05:00,eZona web,,TRUE,TRUE,TRUE,4,2,0,,Move contract,1,7,FALSE,TRUE,FALSE,TRUE,1,3,2124.96,Phone,Trencin,91101,,,,TRUE
c002fd28-1bb5-4ccf-ac82-36f2910add15,peter.fedorova344@gmail.com,19704951,BB-444-139,,FALSE,12/21/2020 9:28:00,12/21/2020 9:28:00,Household,Standard household,Electricity + Gas,Duo Komfort,DD2-DOM,Banska Bystrica,24ZSS4082299692K,ELM239550,FALSE,Quarterly,3/21/2026 0:10:00,40035,4799,901,12/31/2026 0:00:00,Email,Quarterly,4/30/2026 0:00:00,110.47,83.61,Direct debit,TRUE,0,FALSE,96.42,TRUE,10/6/2025 0:01:00,"eZona web, mobile web",,TRUE,TRUE,TRUE,2,1,1,,Move contract,6,10,FALSE,FALSE,FALSE,TRUE,0,1,6075.85,Phone,Banska Bystrica,97401,,,,TRUE
3e20a416-081f-44ee-bfc8-5bd812ffff71,lenka.simon345@post.sk,17552324,PX-445-141,,FALSE,11/22/2020 23:19:00,11/22/2020 23:19:00,Household,Solar interest,Electricity,Elektrina Domov,DD2-DOM,Poprad,24ZSS5405871204M,ELM440544,FALSE,Quarterly,3/26/2026 9:24:00,4271,7311,0,12/31/2026 0:00:00,Post,Quarterly,4/30/2026 0:00:00,67.39,7.91,Postal order,FALSE,0,FALSE,78.07,FALSE,,,,FALSE,TRUE,TRUE,0,1,1,,Invoice copy,10,10,FALSE,FALSE,FALSE,FALSE,0,3,2426.04,SMS,Poprad,05801,,,,FALSE
dd314312-56a7-4a55-b5bf-a5b50f966631,pavol.marekova346@example.sk,16193871,PX-446-195,,FALSE,10/13/2019 21:06:00,10/13/2019 21:06:00,Household,Price sensitive,Gas,Plyn Komfort,DD5-SOLAR,Prievidza,24ZSS1336459360P,GAS160867,TRUE,Monthly,4/6/2026 22:00:00,30435,0,2152,12/31/2026 0:00:00,Email,Monthly,4/30/2026 0:00:00,173.36,100.61,Direct debit,TRUE,0,FALSE,178.22,TRUE,7/19/2025 14:32:00,"eZona web, mobile web",Android,TRUE,TRUE,TRUE,3,3,0,3/6/2025 21:04:00,Solar consultation,6,6,FALSE,FALSE,FALSE,TRUE,0,4,5200.8,Phone,Prievidza,97101,,,,TRUE
d0ee07b6-68e8-4ae5-ad93-023fe4b43d9c,samuel.bartosova347@post.sk,14599076,MX-447-522,,FALSE,4/9/2022 7:12:00,4/9/2022 7:12:00,Household,Solar interest,Gas,Firma Plyn Plus,VS-ELE,Martin,24ZSS7770502027P,GAS819695,TRUE,Monthly,4/22/2026 7:11:00,3414,0,266,12/31/2026 0:00:00,Email,Monthly,4/30/2026 0:00:00,39.63,0,Card,FALSE,0,FALSE,40.09,TRUE,10/4/2025 21:55:00,mobile web,iOS,FALSE,FALSE,FALSE,5,1,0,,Invoice copy,8,6,FALSE,FALSE,FALSE,TRUE,1,3,2179.65,eZona message,Martin,03601,,,,FALSE
bef46076-5210-4137-ae33-688e754eb541,tomas.varga348@example.sk,12592760,MX-448-209,,FALSE,9/24/2025 1:14:00,9/24/2025 1:14:00,Household,High consumption,Electricity,Verejna Sprava Elektrina,DD1-DOM,Martin,24ZSS6817995648Q,ELM608958,TRUE,Monthly,3/11/2026 14:53:00,25778,1907,0,12/31/2026 0:00:00,Email,Annual,4/30/2026 0:00:00,38.36,44.53,Card,FALSE,1,FALSE,41.74,TRUE,2/17/2025 20:28:00,"eZona web, mobile web",Android,FALSE,TRUE,TRUE,5,2,1,,Solar consultation,3,6,TRUE,FALSE,TRUE,TRUE,1,3,767.2,eZona message,Martin,03601,,,,TRUE
7a9df83b-7db5-4b8a-9997-5346cfe9d12f,monika.varga349@azet.sk,11450032,LM-449-638,,FALSE,10/21/2019 20:46:00,10/21/2019 20:46:00,Household,Green energy,Electricity,Elektrina Domov,B2B-GAS,Liptovsky Mikulas,24ZSS3775118277P,ELM726633,FALSE,Quarterly,3/7/2026 10:54:00,46020,5798,0,12/31/2026 0:00:00,Email,Quarterly,4/30/2026 0:00:00,36.1,18.08,Direct debit,TRUE,1,FALSE,42.07,TRUE,10/2/2025 16:44:00,eZona web,Android,FALSE,TRUE,FALSE,2,2,1,,Solar consultation,4,7,FALSE,FALSE,TRUE,TRUE,1,3,1768.9,eZona message,Liptovsky Mikulas,03101,,,,TRUE
3b6bb1a2-49cc-40d0-a9a9-de54d4421c6e,zuzana.simon350@energia-client.sk,26402181,RX-450-103,ADM-218-973,TRUE,9/25/2020 16:10:00,9/25/2020 16:10:00,Business,Industrial,Electricity + Gas,Firma Energia Plus,DD2-DOM,Ruzomberok,24ZSS5716715598M,ELM845490,TRUE,Monthly,3/29/2026 4:40:00,143008,17871,11371,12/31/2026 0:00:00,Email,Quarterly,4/30/2026 0:00:00,835.8,0,Direct debit,TRUE,0,FALSE,725.05,TRUE,8/2/2025 9:17:00,"eZona web, API",,FALSE,TRUE,FALSE,1,1,1,3/8/2025 18:07:00,Complaint,3,5,FALSE,FALSE,FALSE,FALSE,0,0,55162.8,Phone,Ruzomberok,03401,127,852000,a.s.,TRUE
8706f80d-c98b-4cb4-9808-4d9a32c801e1,juraj.horvath351@azet.sk,19625724,ZX-451-690,,FALSE,11/5/2021 9:00:00,11/5/2021 9:00:00,Household,Senior assisted,Electricity,Verejna Sprava Elektrina,B2B-GAS,Zilina,24ZSS7468229171M,ELM665693,TRUE,Monthly,4/21/2026 23:47:00,30834,4677,0,12/31/2026 0:00:00,Email,Annual,4/30/2026 0:00:00,51.89,0,Card,FALSE,0,FALSE,56.38,TRUE,11/25/2025 15:19:00,"eZona web, API",Android,TRUE,FALSE,TRUE,3,3,0,,Meter reading,4,7,FALSE,FALSE,FALSE,TRUE,1,3,2646.39,Phone,Zilina,01001,,,,TRUE
e9d5a683-8795-4b2b-9daa-ef6e808ef046,veronika.fedorova352@gmail.com,11158689,CX-452-571,,FALSE,8/24/2019 20:24:00,8/24/2019 20:24:00,Household,Price sensitive,Electricity + Gas,Duo Komfort,DD2-DOM,Cadca,24ZSS8996843981P,ELM827584,FALSE,Annual,4/2/2026 16:12:00,40268,3201,1069,12/31/2026 0:00:00,Email,Quarterly,4/30/2026 0:00:00,133.4,80.7,Card,FALSE,0,FALSE,121.06,TRUE,7/23/2025 14:59:00,eZona web,,TRUE,FALSE,TRUE,1,0,0,1/14/2025 15:58:00,Contact support,4,9,FALSE,FALSE,FALSE,TRUE,1,3,8004,eZona message,Cadca,02201,,,,TRUE
afbe659e-4d10-4d19-a62f-a053725307c8,miroslav.fedorova353@energia-client.sk,24504610,PX-453-180,ADM-807-350,FALSE,12/24/2018 4:31:00,12/24/2018 4:31:00,Business,Public sector,Electricity + Gas,Online Domov Duo,DD2-DOM,Poprad,24ZSS3640163272M,ELM923432,TRUE,Monthly,3/24/2026 15:17:00,210735,17108,1870,12/31/2026 0:00:00,Email,Annual,4/30/2026 0:00:00,365.1,320.33,Direct debit,TRUE,0,FALSE,324.97,TRUE,11/23/2025 10:21:00,"eZona web, mobile web",iOS,FALSE,FALSE,FALSE,1,3,0,2/27/2026 18:15:00,Tariff consultation,6,2,FALSE,FALSE,FALSE,TRUE,1,5,10222.8,SMS,Poprad,05801,3,256200,zivnostnik,TRUE
aa81821a-26ad-4837-b3bd-d643d537409e,simona.kral354@example-business.sk,26979146,LM-454-294,,TRUE,9/12/2019 4:00:00,9/12/2019 4:00:00,Business,SME multi-site,Electricity,Elektrina Online,DD2-DOM,Liptovsky Mikulas,24ZSS9177277014Q,ELM975192,FALSE,Quarterly,3/29/2026 17:25:00,209831,116987,0,12/31/2026 0:00:00,Post,Quarterly,4/30/2026 0:00:00,209.23,268.68,Direct debit,TRUE,1,TRUE,187.75,FALSE,,,,TRUE,FALSE,FALSE,0,1,1,,Tariff consultation,7,10,FALSE,FALSE,FALSE,FALSE,1,7,8159.97,SMS,Liptovsky Mikulas,03101,29,551000,zivnostnik,FALSE
679e5613-6a6c-4772-aa37-967e2c6d889a,robert.urban355@post.sk,19623972,PX-455-416,,FALSE,4/28/2018 0:03:00,4/28/2018 0:03:00,Household,High consumption,Electricity,Firma Elektrina Plus,DD1-DOM,Prievidza,24ZSS5563302699K,ELM222166,FALSE,Annual,5/8/2026 8:24:00,13304,4702,0,12/31/2026 0:00:00,Email,Monthly,4/30/2026 0:00:00,34.89,0,Direct debit,TRUE,1,FALSE,40.15,TRUE,6/28/2025 18:23:00,eZona web,iOS,FALSE,FALSE,TRUE,3,3,1,,Invoice copy,7,10,FALSE,FALSE,FALSE,TRUE,1,2,2337.63,Phone,Prievidza,97101,,,,TRUE
a4672687-8440-4f65-bc76-d7e02f66b321,robert.fedorova356@municipal.sk,21991328,ZX-456-950,,TRUE,5/22/2023 23:08:00,5/22/2023 23:08:00,Business,Industrial,Electricity,Verejna Sprava Elektrina,DD2-DOM,Zilina,24ZSS5390265858Q,ELM861537,TRUE,Monthly,4/24/2026 8:54:00,17395,98057,0,12/31/2026 0:00:00,Email,Annual,4/30/2026 0:00:00,158.63,0,Direct debit,TRUE,1,FALSE,141.1,TRUE,1/20/2025 1:17:00,"eZona web, mobile web",iOS,FALSE,TRUE,FALSE,5,2,1,9/6/2025 2:04:00,Contact support,7,10,FALSE,FALSE,FALSE,TRUE,1,7,7296.98,SMS,Zilina,01001,126,561000,zivnostnik,TRUE
b1a8d20f-fdbb-4777-ac43-ff40cf28409c,veronika.fedorova357@example.sk,13606961,PX-457-578,,FALSE,12/27/2021 17:09:00,12/27/2021 17:09:00,Household,Solar interest,Gas,Plyn Domov,DD5-SOLAR,Prievidza,24ZSS8928236376M,GAS763392,TRUE,Monthly,5/3/2026 17:41:00,18934,0,204,12/31/2026 0:00:00,Email,Annual,4/30/2026 0:00:00,59.22,0,Postal order,FALSE,1,FALSE,68.07,TRUE,4/12/2026 9:01:00,"eZona web, mobile web",Android,FALSE,TRUE,TRUE,0,1,0,7/12/2025 19:53:00,Solar consultation,8,6,FALSE,FALSE,FALSE,FALSE,0,6,1658.16,SMS,Prievidza,97101,,,,TRUE
1600bd28-a567-4774-8df4-60ed2dd7d51e,michal.horvath358@post.sk,15783220,CX-458-954,,FALSE,5/17/2024 22:20:00,5/17/2024 22:20:00,Household,High consumption,Electricity,Elektrina Online,DD2-DOM,Cadca,24ZSS3028847090Q,ELM932365,FALSE,Annual,4/25/2026 8:16:00,46125,6436,0,12/31/2026 0:00:00,Email,Monthly,4/30/2026 0:00:00,46.22,0,Direct debit,TRUE,3,FALSE,38.74,TRUE,10/17/2025 5:31:00,mobile web,Android,TRUE,TRUE,TRUE,5,0,0,8/13/2025 4:34:00,Contact support,1,7,FALSE,FALSE,FALSE,TRUE,5,7,2079.9,Phone,Cadca,02201,,,,TRUE
6ce3ff62-1187-4bb3-9494-23707f6e69ae,pavol.horvath359@example.sk,16154170,TX-459-875,,FALSE,12/18/2018 15:46:00,12/18/2018 15:46:00,Household,Digital household,Electricity + Gas,Online Domov Duo,DMP1-PLYN,Trencin,24ZSS8750595090Q,ELM396002,TRUE,Monthly,3/23/2026 19:01:00,10548,4697,1910,12/31/2026 0:00:00,Email,Monthly,4/30/2026 0:00:00,157.94,0,Direct debit,TRUE,0,FALSE,151.98,FALSE,,,,TRUE,TRUE,FALSE,4,2,1,4/1/2025 22:59:00,Complaint,7,10,FALSE,FALSE,FALSE,FALSE,0,1,5212.02,Email,Trencin,91101,,,,FALSE
0aaa3ea7-2612-4005-922b-7e78fa389d64,daniel.balaz360@gmail.com,11479872,MX-460-297,,FALSE,3/10/2022 14:33:00,3/10/2022 14:33:00,Household,High consumption,Electricity,Elektrina Online,DD2-DOM,Martin,24ZSS1587883150M,ELM629563,TRUE,Monthly,3/15/2026 21:02:00,17912,2986,0,12/31/2026 0:00:00,Email,Annual,4/30/2026 0:00:00,68.57,0,Card,FALSE,1,FALSE,66.11,TRUE,3/21/2026 21:44:00,"eZona web, mobile web",Android,TRUE,TRUE,FALSE,4,0,1,7/9/2025 14:09:00,Deposit change,0,6,FALSE,FALSE,FALSE,TRUE,0,2,3771.35,Email,Martin,03601,,,,TRUE
a1773e9e-1896-4828-a5a7-ee931febe635,peter.polak361@example.sk,13317500,BB-461-670,,FALSE,9/28/2018 9:25:00,9/28/2018 9:25:00,Household,Green energy,Electricity + Gas,Firma Energia Plus,DD5-SOLAR,Banska Bystrica,24ZSS4104978034Q,ELM582492,TRUE,Monthly,4/19/2026 14:38:00,28377,8984,1963,12/31/2026 0:00:00,Post,Quarterly,4/30/2026 0:00:00,172.67,0,Direct debit,FALSE,0,FALSE,177.66,FALSE,,,,TRUE,TRUE,FALSE,0,0,0,10/7/2025 21:27:00,Complaint,1,9,FALSE,FALSE,TRUE,FALSE,0,3,4834.76,Phone,Banska Bystrica,97401,,,,FALSE
62b864b6-3c61-405b-8a7b-152c24b1379a,lenka.fedorova362@post.sk,16648163,BB-462-671,,FALSE,10/26/2023 1:12:00,10/26/2023 1:12:00,Household,Price sensitive,Electricity + Gas,Duo Komfort,B2B-GAS,Banska Bystrica,24ZSS3345085599M,ELM331081,TRUE,Monthly,5/3/2026 1:18:00,13008,8124,1986,12/31/2026 0:00:00,Email,Annual,4/30/2026 0:00:00,136.77,0,Direct debit,FALSE,0,FALSE,146.96,TRUE,1/25/2025 23:16:00,eZona web,Android,FALSE,FALSE,FALSE,5,3,0,1/9/2025 7:25:00,Tariff consultation,5,8,FALSE,FALSE,FALSE,TRUE,1,5,7932.66,eZona message,Banska Bystrica,97401,,,,TRUE
aebb318b-395b-4621-b9dd-f957186f9b58,jana.simon363@example.sk,14051815,BB-463-896,,FALSE,1/10/2021 17:02:00,1/10/2021 17:02:00,Household,Price sensitive,Electricity + Gas,Firma Energia Plus,B2B-GAS,Banska Bystrica,24ZSS7178484595Q,ELM746289,TRUE,Monthly,3/11/2026 17:28:00,21278,6114,283,12/31/2026 0:00:00,Email,Monthly,4/30/2026 0:00:00,70.73,0,Bank transfer,FALSE,1,FALSE,64.73,FALSE,,,,TRUE,TRUE,TRUE,5,2,1,,Contact support,5,6,FALSE,FALSE,FALSE,FALSE,0,1,3112.12,Email,Banska Bystrica,97401,,,,FALSE
c42cd3bd-705f-4449-972c-2b9a8ea8b064,daniel.kovac364@example-business.sk,24411284,ZX-464-641,ADM-910-861,FALSE,9/6/2023 14:22:00,9/6/2023 14:22:00,Business,Industrial,Electricity + Gas,Online Domov Duo,DD2-DOM,Zilina,24ZSS1196739646P,ELM906119,FALSE,Annual,3/28/2026 16:21:00,86322,91890,4672,12/31/2026 0:00:00,Email,Annual,4/30/2026 0:00:00,417.42,1134.41,Direct debit,TRUE,1,FALSE,375.83,TRUE,4/12/2025 11:18:00,mobile web,,TRUE,TRUE,TRUE,4,0,0,1/7/2025 1:49:00,Deposit change,1,10,FALSE,TRUE,FALSE,TRUE,1,6,25462.62,Phone,Zilina,01001,128,620100,s.r.o.,TRUE
0637a869-9bcd-4f1b-9e78-f2106637181a,miroslav.bartosova365@example.sk,10695127,RX-465-604,,FALSE,11/22/2024 8:54:00,11/22/2024 8:54:00,Household,Senior assisted,Electricity,Elektrina Domov,DMP1-PLYN,Ruzomberok,24ZSS4629265981K,ELM687209,FALSE,Annual,3/19/2026 1:23:00,21692,5173,0,12/31/2026 0:00:00,Post,Monthly,4/30/2026 0:00:00,26.98,65.89,Bank transfer,FALSE,1,TRUE,29.44,FALSE,,,,FALSE,FALSE,TRUE,4,0,3,,Meter reading,4,9,FALSE,FALSE,FALSE,FALSE,1,7,1780.68,eZona message,Ruzomberok,03401,,,,FALSE
f91eadd3-b1a0-4482-a8c6-088fb5d13513,andrea.tothova366@example.sk,14205497,CX-466-291,,FALSE,12/1/2018 0:03:00,12/1/2018 0:03:00,Household,Solar interest,Gas,Plyn Domov,VS-ELE,Cadca,24ZSS8962091819M,GAS894251,TRUE,Monthly,3/26/2026 12:27:00,6563,0,400,12/31/2026 0:00:00,Email,Annual,4/30/2026 0:00:00,40,0,Direct debit,FALSE,0,FALSE,37.25,TRUE,2/9/2026 2:21:00,mobile web,,TRUE,TRUE,TRUE,3,1,0,2/14/2025 1:20:00,Complaint,7,5,FALSE,FALSE,FALSE,TRUE,0,2,2080,Email,Cadca,02201,,,,TRUE
6c676f38-187e-420e-bcff-74a15c6dcc08,natalia.balaz367@gmail.com,14930590,MX-467-439,,FALSE,12/9/2024 5:38:00,12/9/2024 5:38:00,Household,Green energy,Electricity,Elektrina Domov,DD1-DOM,Martin,24ZSS3798577427M,ELM229317,TRUE,Monthly,4/30/2026 8:53:00,22065,6576,0,12/31/2026 0:00:00,Email,Annual,4/30/2026 0:00:00,47.25,0,Direct debit,FALSE,1,FALSE,44.44,FALSE,,,,TRUE,FALSE,TRUE,4,1,1,1/6/2026 17:33:00,Invoice copy,5,8,FALSE,FALSE,TRUE,FALSE,0,7,2598.75,Email,Martin,03601,,,,FALSE
33d5ef79-2d8d-49a7-b94b-c1b5334761e3,zuzana.horvath368@example.sk,15739663,BB-468-847,,FALSE,1/9/2023 2:23:00,1/9/2023 2:23:00,Household,Senior assisted,Gas,Plyn Komfort,B2B-GAS,Banska Bystrica,24ZSS1418964628K,GAS184130,TRUE,Monthly,3/22/2026 2:13:00,2751,0,460,12/31/2026 0:00:00,Email,Annual,4/30/2026 0:00:00,67.3,109.14,Direct debit,FALSE,1,TRUE,60.64,TRUE,1/25/2025 15:34:00,"eZona web, mobile web",Android,TRUE,FALSE,FALSE,2,0,1,,Contact support,4,3,FALSE,FALSE,FALSE,TRUE,0,3,2288.2,Email,Banska Bystrica,97401,,,,TRUE
45e9290b-c5f7-41c7-b42c-dfe1e99ff6ac,miroslav.kovac369@gmail.com,15706766,PX-469-469,,FALSE,1/11/2022 11:08:00,1/11/2022 11:08:00,Household,Senior assisted,Electricity + Gas,Online Domov Duo,DD1-DOM,Prievidza,24ZSS4239318616Q,ELM179609,TRUE,Monthly,3/1/2026 8:06:00,6702,7967,752,12/31/2026 0:00:00,Post,Annual,4/30/2026 0:00:00,66.87,0,Direct debit,TRUE,1,FALSE,67.35,FALSE,,,,TRUE,FALSE,TRUE,0,3,0,5/11/2025 6:44:00,Meter reading,4,10,FALSE,FALSE,FALSE,FALSE,3,6,3343.5,Email,Prievidza,97101,,,,FALSE
c15102a9-7ef2-4835-a348-55d815c967f5,tomas.marekova370@gmail.com,11829736,PX-470-967,,FALSE,7/4/2020 13:03:00,7/4/2020 13:03:00,Household,Senior assisted,Gas,Plyn Komfort,DMP1-PLYN,Prievidza,24ZSS6937415038M,GAS497621,FALSE,Quarterly,3/6/2026 23:23:00,3644,0,374,12/31/2026 0:00:00,Email,Quarterly,4/30/2026 0:00:00,73.57,156.19,Card,FALSE,1,TRUE,60.7,TRUE,5/13/2025 11:36:00,"eZona web, API",,TRUE,FALSE,TRUE,1,2,1,12/21/2025 10:53:00,Tariff consultation,6,1,FALSE,FALSE,FALSE,TRUE,1,7,4634.91,Email,Prievidza,97101,,,,TRUE
101ff8a6-e70a-424a-a4f5-fd94d653b2e4,jana.bartosova371@gmail.com,13068643,ZX-471-274,,FALSE,12/9/2021 10:06:00,12/9/2021 10:06:00,Household,High consumption,Electricity,Verejna Sprava Elektrina,DMP1-PLYN,Zvolen,24ZSS9128950271K,ELM337561,TRUE,Monthly,3/9/2026 0:48:00,29637,6173,0,12/31/2026 0:00:00,Email,Quarterly,4/30/2026 0:00:00,71.17,0,Direct debit,TRUE,4,FALSE,83.74,FALSE,,,,FALSE,TRUE,TRUE,5,1,0,6/17/2025 10:46:00,Move contract,6,10,FALSE,FALSE,FALSE,FALSE,1,7,4626.05,Email,Zvolen,96001,,,,FALSE
e68f2bf2-9c16-449a-9019-c6d73fca360c,veronika.polak372@azet.sk,19699914,MX-472-240,,FALSE,3/11/2022 14:20:00,3/11/2022 14:20:00,Household,Digital household,Electricity + Gas,Duo Komfort,B2B-DUO,Martin,24ZSS4105340563M,ELM552199,TRUE,Monthly,3/18/2026 14:45:00,37601,2770,1273,12/31/2026 0:00:00,Email,Quarterly,4/30/2026 0:00:00,89.54,0,Direct debit,FALSE,1,FALSE,74.01,TRUE,4/20/2025 0:18:00,"eZona web, API",iOS,FALSE,TRUE,TRUE,2,0,1,4/3/2026 15:33:00,Solar consultation,6,5,FALSE,TRUE,TRUE,TRUE,1,1,6357.34,SMS,Martin,03601,,,,TRUE
de180c0f-3e9b-4890-bb6c-1952b7334679,lenka.kovac373@gmail.com,18184611,PX-473-359,,FALSE,12/29/2019 14:54:00,12/29/2019 14:54:00,Household,Digital household,Gas,Plyn Komfort,DD2-DOM,Poprad,24ZSS5664085144K,GAS690156,FALSE,Quarterly,3/9/2026 0:34:00,3848,0,1412,12/31/2026 0:00:00,Email,Annual,4/30/2026 0:00:00,115.66,0,Direct debit,TRUE,4,FALSE,127.63,TRUE,4/3/2026 22:19:00,"eZona web, API",,FALSE,FALSE,TRUE,1,1,0,4/18/2025 22:23:00,Solar consultation,3,4,FALSE,FALSE,FALSE,TRUE,0,7,7286.58,Phone,Poprad,05801,,,,FALSE
5df8aa5b-f9e1-4783-9267-60572dbb6a67,marek.mikulas374@gmail.com,15929873,PX-474-151,,FALSE,6/2/2024 10:50:00,6/2/2024 10:50:00,Household,Standard household,Electricity + Gas,Firma Energia Plus,DD2-DOM,Prievidza,24ZSS5290407739Q,ELM332867,TRUE,Monthly,4/28/2026 5:25:00,6735,2590,269,12/31/2026 0:00:00,Email,Monthly,4/30/2026 0:00:00,83.29,0,Direct debit,TRUE,1,FALSE,68.35,FALSE,,,,FALSE,TRUE,FALSE,2,3,0,6/17/2025 19:12:00,Complaint,3,4,FALSE,FALSE,FALSE,FALSE,1,4,5080.69,Email,Prievidza,97101,,,,FALSE
28b777a3-3a87-4a03-8c2d-f1770942d4f4,michal.mikulas375@municipal.sk,21523898,RX-475-685,ADM-607-575,TRUE,4/16/2018 15:41:00,4/16/2018 15:41:00,Business,Hospitality,Electricity,Verejna Sprava Elektrina,B2B-DUO,Ruzomberok,24ZSS1282384747Q,ELM921792,TRUE,Monthly,3/12/2026 10:22:00,133840,99918,0,12/31/2026 0:00:00,Email,Quarterly,4/30/2026 0:00:00,203.98,110.81,Direct debit,TRUE,4,FALSE,182.49,TRUE,12/28/2025 20:00:00,mobile web,,TRUE,FALSE,FALSE,3,2,0,,Deposit change,3,10,FALSE,FALSE,FALSE,TRUE,1,8,8771.14,eZona message,Ruzomberok,03401,38,852000,zivnostnik,TRUE
5c4fc341-ec7f-419b-a808-2456597e5162,simona.kral376@post.sk,19616416,ZX-476-882,,FALSE,7/3/2025 10:39:00,7/3/2025 10:39:00,Household,Digital household,Electricity,Elektrina Online,B2B-GAS,Zilina,24ZSS3557833328K,ELM821577,TRUE,Monthly,4/17/2026 2:46:00,1732,3983,0,12/31/2026 0:00:00,Email,Annual,4/30/2026 0:00:00,67.76,141.34,Direct debit,TRUE,2,FALSE,59.38,TRUE,3/4/2026 12:48:00,eZona web,Android,FALSE,TRUE,TRUE,1,2,0,,Solar consultation,3,9,TRUE,FALSE,FALSE,TRUE,1,5,3930.08,SMS,Zilina,01001,,,,TRUE
673b4d97-59db-4543-8167-76533e43734d,marek.polak377@post.sk,10367528,PX-477-787,,FALSE,11/1/2022 0:32:00,11/1/2022 0:32:00,Household,Digital household,Gas,Firma Plyn Plus,DD1-DOM,Prievidza,24ZSS1031124388P,GAS401689,TRUE,Monthly,4/20/2026 1:14:00,21700,0,984,12/31/2026 0:00:00,Post,Annual,4/30/2026 0:00:00,100.12,68.93,Postal order,FALSE,1,FALSE,105.04,FALSE,,,,FALSE,FALSE,FALSE,0,0,0,5/18/2025 10:17:00,Contact support,2,3,FALSE,FALSE,FALSE,FALSE,1,2,1902.28,eZona message,Prievidza,97101,,,,FALSE
a589e033-6c5f-4bad-a3d5-ad264ea078a1,juraj.varga378@post.sk,10339602,LM-478-890,,FALSE,4/30/2021 22:05:00,4/30/2021 22:05:00,Household,Solar interest,Electricity + Gas,Duo Komfort,DD5-SOLAR,Liptovsky Mikulas,24ZSS9387647093P,ELM233708,FALSE,Quarterly,4/3/2026 22:51:00,6611,3381,1120,12/31/2026 0:00:00,Email,Monthly,4/30/2026 0:00:00,124.24,0,Direct debit,TRUE,0,FALSE,129.09,TRUE,7/10/2025 16:03:00,eZona web,iOS,FALSE,TRUE,TRUE,5,3,4,12/25/2025 10:50:00,Complaint,8,5,FALSE,FALSE,FALSE,FALSE,0,2,3354.48,SMS,Liptovsky Mikulas,03101,,,,TRUE
41b73474-6adc-467c-90c9-971c546d8794,tomas.kollarova379@example.sk,10963119,CX-479-435,,FALSE,3/8/2022 8:43:00,3/8/2022 8:43:00,Household,Solar interest,Electricity,Elektrina Online,DMP1-PLYN,Cadca,24ZSS6099495116K,ELM912634,FALSE,Quarterly,4/20/2026 10:08:00,25395,5780,0,12/31/2026 0:00:00,Email,Monthly,4/30/2026 0:00:00,62.1,0,Card,FALSE,0,FALSE,58.77,TRUE,3/29/2025 13:50:00,"eZona web, API",Android,FALSE,TRUE,TRUE,2,2,0,4/20/2025 7:01:00,Solar consultation,8,10,FALSE,TRUE,TRUE,TRUE,0,3,1614.6,SMS,Cadca,02201,,,,TRUE
6802ac0d-05de-43c5-a43d-4d001adcb800,monika.urban380@azet.sk,17711619,LM-480-985,,FALSE,1/23/2023 6:57:00,1/23/2023 6:57:00,Household,Green energy,Electricity,Firma Elektrina Plus,B2B-DUO,Liptovsky Mikulas,24ZSS1924057826K,ELM436281,FALSE,Annual,5/7/2026 15:21:00,16861,2741,0,12/31/2026 0:00:00,Email,Quarterly,4/30/2026 0:00:00,42.52,8.04,Direct debit,TRUE,0,FALSE,36.23,TRUE,9/3/2025 2:41:00,mobile web,iOS,FALSE,TRUE,TRUE,0,3,1,,Contact support,7,3,TRUE,FALSE,TRUE,TRUE,4,1,807.88,eZona message,Liptovsky Mikulas,03101,,,,TRUE
0e45c208-3e5d-40d3-84d0-f5fad6b47517,tomas.halas381@example.sk,14301195,PX-481-181,,FALSE,1/15/2018 0:15:00,1/15/2018 0:15:00,Household,Price sensitive,Electricity,Elektrina Domov,B2B-DUO,Prievidza,24ZSS4003115610M,ELM142055,FALSE,Quarterly,3/4/2026 19:12:00,24964,8008,0,12/31/2026 0:00:00,Post,Annual,4/30/2026 0:00:00,56.52,0,Direct debit,TRUE,1,FALSE,63.96,TRUE,3/27/2025 4:57:00,"eZona web, mobile web",Android,TRUE,TRUE,FALSE,0,0,0,1/5/2025 9:16:00,Solar consultation,3,9,TRUE,FALSE,FALSE,FALSE,1,3,2373.84,SMS,Prievidza,97101,,,,TRUE
42fbca2b-f276-49d2-84e8-87bb4f2613b9,peter.bartosova382@post.sk,13204533,PX-482-704,,FALSE,9/9/2023 19:01:00,9/9/2023 19:01:00,Household,Price sensitive,Electricity + Gas,Firma Energia Plus,DD5-SOLAR,Poprad,24ZSS1782368234P,ELM779555,TRUE,Monthly,3/26/2026 4:34:00,21136,2369,888,12/31/2026 0:00:00,Email,Monthly,4/30/2026 0:00:00,110.29,0,Direct debit,FALSE,1,FALSE,126.44,TRUE,8/26/2025 19:14:00,"eZona web, API",,TRUE,FALSE,FALSE,2,2,1,1/11/2026 11:58:00,Solar consultation,5,4,FALSE,TRUE,FALSE,TRUE,0,4,2095.51,Phone,Poprad,05801,,,,TRUE
bf809c13-3a4e-4ca5-a7e2-bbb8cc419df1,simona.urban383@azet.sk,17051570,RX-483-401,,FALSE,10/5/2024 2:20:00,10/5/2024 2:20:00,Household,High consumption,Electricity + Gas,Online Domov Duo,DD5-SOLAR,Ruzomberok,24ZSS8821585622M,ELM470612,FALSE,Annual,4/1/2026 5:15:00,45016,4002,2025,12/31/2026 0:00:00,Post,Annual,4/30/2026 0:00:00,160.14,226.97,Direct debit,TRUE,5,FALSE,152.77,TRUE,2/24/2025 23:39:00,"eZona web, mobile web",iOS,TRUE,TRUE,TRUE,5,2,1,,Move contract,5,9,FALSE,FALSE,FALSE,FALSE,2,6,8967.84,SMS,Ruzomberok,03401,,,,TRUE
8566af69-55c7-4d46-874d-a458496a982c,lenka.gregorova384@example-business.sk,25820818,LM-484-618,ADM-121-603,FALSE,11/24/2020 22:33:00,11/24/2020 22:33:00,Business,Retail services,Gas,Firma Plyn Plus,DD5-SOLAR,Liptovsky Mikulas,24ZSS6803971422Q,GAS955389,TRUE,Monthly,4/7/2026 17:21:00,77386,0,12055,12/31/2026 0:00:00,Post,Quarterly,4/30/2026 0:00:00,833.03,660.72,Direct debit,TRUE,1,FALSE,918.53,FALSE,,,,TRUE,FALSE,FALSE,0,3,0,,Tariff consultation,0,4,FALSE,FALSE,FALSE,FALSE,1,4,57479.07,Email,Liptovsky Mikulas,03101,31,682000,obec,FALSE
b904f83b-ae07-4b0a-9aea-a8ff5780046e,andrea.kovac385@example.sk,18621058,ZX-485-189,,FALSE,1/26/2019 14:11:00,1/26/2019 14:11:00,Household,Green energy,Electricity + Gas,Online Domov Duo,B2B-GAS,Zilina,24ZSS1111084224P,ELM547949,TRUE,Monthly,4/6/2026 16:09:00,19713,2874,705,12/31/2026 0:00:00,Email,Annual,4/30/2026 0:00:00,81.32,0,Bank transfer,FALSE,0,FALSE,67.57,TRUE,3/9/2026 12:32:00,"eZona web, mobile web",,FALSE,FALSE,FALSE,2,0,0,1/10/2026 21:53:00,Solar consultation,3,8,FALSE,TRUE,TRUE,TRUE,0,0,3090.16,eZona message,Zilina,01001,,,,TRUE
bd30e244-c233-4320-8c43-b623a188fbae,ivana.kovac386@gmail.com,19112082,MX-486-877,,FALSE,11/15/2021 0:59:00,11/15/2021 0:59:00,Household,Senior assisted,Electricity + Gas,Duo Komfort,DD1-DOM,Martin,24ZSS8729232862K,ELM697837,FALSE,Annual,3/17/2026 19:58:00,7464,8674,1133,12/31/2026 0:00:00,Post,Monthly,4/30/2026 0:00:00,121.96,0,Bank transfer,FALSE,1,FALSE,114.66,TRUE,4/12/2025 21:39:00,"eZona web, API",iOS,TRUE,FALSE,TRUE,1,0,2,7/23/2025 21:13:00,Deposit change,1,10,FALSE,FALSE,FALSE,FALSE,3,2,6098,Phone,Martin,03601,,,,TRUE
f5a79b54-b9cb-4222-9ba1-bb75b1ef7d02,miroslav.gregorova387@energia-client.sk,27768165,BB-487-396,,FALSE,1/21/2023 3:27:00,1/21/2023 3:27:00,Business,Industrial,Electricity + Gas,Online Domov Duo,B2B-GAS,Banska Bystrica,24ZSS5455422974Q,ELM305747,TRUE,Monthly,4/15/2026 3:54:00,96291,11147,2376,12/31/2026 0:00:00,Post,Monthly,4/30/2026 0:00:00,323.8,6.88,Direct debit,TRUE,0,FALSE,314.06,FALSE,,,,TRUE,FALSE,TRUE,2,1,1,,Invoice copy,4,5,FALSE,FALSE,TRUE,FALSE,0,5,23313.6,SMS,Banska Bystrica,97401,22,620100,zivnostnik,FALSE
40665c4b-4cc5-4535-93cb-3b4dc874205f,lenka.polak388@municipal.sk,25352980,BB-488-447,,FALSE,11/17/2021 22:23:00,11/17/2021 22:23:00,Business,Hospitality,Electricity + Gas,Duo Komfort,B2B-ELE,Banska Bystrica,24ZSS8043171593M,ELM677314,FALSE,Annual,5/10/2026 17:23:00,41183,53119,12316,12/31/2026 0:00:00,Post,Quarterly,4/30/2026 0:00:00,855.47,0,Direct debit,TRUE,0,FALSE,951.05,TRUE,5/25/2025 4:13:00,"eZona web, mobile web",iOS,TRUE,FALSE,TRUE,0,0,0,,Meter reading,1,6,FALSE,TRUE,FALSE,FALSE,0,0,38496.15,SMS,Banska Bystrica,97401,56,561000,obec,FALSE
66cb7e4a-2008-4283-8917-e51367ee5296,monika.kral389@azet.sk,15965580,ZX-489-226,,FALSE,4/18/2022 17:43:00,4/18/2022 17:43:00,Household,Solar interest,Electricity + Gas,Firma Energia Plus,B2B-GAS,Zvolen,24ZSS6186069206Q,ELM261623,FALSE,Annual,3/4/2026 13:39:00,28689,7140,1068,12/31/2026 0:00:00,Email,Quarterly,4/30/2026 0:00:00,111.1,0,Direct debit,TRUE,0,FALSE,120.69,TRUE,2/8/2025 13:13:00,eZona web,Android,FALSE,FALSE,FALSE,3,1,0,9/20/2025 8:33:00,Complaint,9,10,FALSE,FALSE,FALSE,TRUE,1,0,6221.6,Phone,Zvolen,96001,,,,TRUE
0e82b429-0ec6-4d23-ac37-48b4d9e931cd,jana.mikulas390@gmail.com,17541000,ZX-490-906,,FALSE,9/28/2025 4:17:00,9/28/2025 4:17:00,Household,Price sensitive,Electricity,Elektrina Domov,B2B-ELE,Zvolen,24ZSS2263349715K,ELM243597,TRUE,Monthly,4/15/2026 2:47:00,22044,8801,0,12/31/2026 0:00:00,Post,Monthly,4/30/2026 0:00:00,37.67,0,Direct debit,TRUE,1,FALSE,42.36,TRUE,3/5/2026 1:31:00,"eZona web, API",Android,FALSE,FALSE,FALSE,5,1,4,4/3/2025 8:55:00,Contact support,1,10,TRUE,TRUE,TRUE,FALSE,1,1,2335.54,SMS,Zvolen,96001,,,,FALSE
f388e0b2-ee19-4cf6-b512-43fee93bb899,marek.polak391@example-business.sk,29394979,CX-491-680,,FALSE,7/4/2024 3:19:00,7/4/2024 3:19:00,Business,Retail services,Electricity,Firma Elektrina Plus,B2B-ELE,Cadca,24ZSS5083293570P,ELM150816,TRUE,Monthly,3/8/2026 9:53:00,157700,56137,0,12/31/2026 0:00:00,Email,Annual,4/30/2026 0:00:00,127.67,0,Postal order,FALSE,1,FALSE,123.24,TRUE,9/2/2025 5:50:00,eZona web,iOS,TRUE,TRUE,TRUE,0,1,0,,Move contract,6,10,FALSE,FALSE,FALSE,TRUE,0,2,5106.8,Phone,Cadca,02201,24,620100,a.s.,TRUE
13954044-1d4a-4e94-ac8a-80a0edc51aa0,daniel.urban392@energia-client.sk,23141978,PX-492-129,,FALSE,6/7/2022 16:28:00,6/7/2022 16:28:00,Business,Public sector,Electricity + Gas,Online Domov Duo,DD5-SOLAR,Poprad,24ZSS5627098098M,ELM802635,FALSE,Annual,3/7/2026 1:58:00,234670,112054,3486,12/31/2026 0:00:00,Post,Annual,4/30/2026 0:00:00,447.02,0,Bank transfer,FALSE,1,FALSE,494.07,FALSE,,,,FALSE,TRUE,TRUE,1,3,0,,Solar consultation,5,10,FALSE,TRUE,FALSE,FALSE,1,2,13410.6,SMS,Poprad,05801,16,551000,s.r.o.,FALSE
c84d4270-9721-45b6-8e98-aaa2ac09e9da,pavol.tothova393@post.sk,12942651,PX-493-485,,FALSE,8/23/2023 20:22:00,8/23/2023 20:22:00,Household,Senior assisted,Gas,Plyn Komfort,VS-ELE,Prievidza,24ZSS8316009856P,GAS310620,TRUE,Monthly,3/6/2026 16:25:00,10166,0,502,12/31/2026 0:00:00,Email,Monthly,4/30/2026 0:00:00,87.61,190.38,Direct debit,TRUE,3,TRUE,84.22,TRUE,4/9/2026 15:59:00,"eZona web, mobile web",,TRUE,FALSE,TRUE,4,2,1,10/14/2025 20:12:00,Complaint,4,1,TRUE,FALSE,FALSE,TRUE,2,4,5519.43,Phone,Prievidza,97101,,,,TRUE
a434a436-6716-4b2d-9049-717f258f4b0c,miroslav.balaz394@firma.sk,26726642,TX-494-486,,FALSE,10/28/2023 5:46:00,10/28/2023 5:46:00,Business,Hospitality,Electricity + Gas,Online Domov Duo,DD5-SOLAR,Trencin,24ZSS4751002469K,ELM141443,TRUE,Monthly,4/25/2026 10:43:00,164794,89553,2292,12/31/2026 0:00:00,Email,Monthly,4/30/2026 0:00:00,189.08,0,Bank transfer,FALSE,0,FALSE,175.69,TRUE,5/7/2026 13:55:00,eZona web,,TRUE,FALSE,FALSE,0,0,0,,Invoice copy,1,10,FALSE,FALSE,FALSE,TRUE,1,6,11155.72,SMS,Trencin,91101,51,471100,a.s.,TRUE
92f7be28-f8a6-43b9-9c1b-42a13cc829e0,jana.urban395@gmail.com,11868016,PX-495-987,,FALSE,4/19/2020 5:34:00,4/19/2020 5:34:00,Household,Standard household,Electricity,Elektrina Domov,VS-ELE,Poprad,24ZSS9937166806K,ELM725184,TRUE,Monthly,3/12/2026 7:04:00,14281,4197,0,12/31/2026 0:00:00,Email,Annual,4/30/2026 0:00:00,35.8,0,Direct debit,TRUE,0,FALSE,33.95,TRUE,1/20/2026 23:32:00,"eZona web, mobile web",,TRUE,FALSE,FALSE,3,2,0,8/11/2025 18:52:00,Move contract,2,6,FALSE,FALSE,FALSE,TRUE,0,1,2004.8,SMS,Poprad,05801,,,,FALSE
2b251f3c-1cda-45f3-a356-ecc14cfdacaa,ivana.balaz396@example-business.sk,23907684,CX-496-544,,FALSE,12/4/2024 23:50:00,12/4/2024 23:50:00,Business,Public sector,Electricity,Elektrina Online,B2B-GAS,Cadca,24ZSS8163233678K,ELM600625,TRUE,Monthly,4/27/2026 4:43:00,36222,65474,0,12/31/2026 0:00:00,Post,Annual,4/30/2026 0:00:00,191.44,0,Direct debit,FALSE,1,FALSE,197.56,TRUE,8/1/2025 20:19:00,eZona web,Android,FALSE,FALSE,TRUE,2,2,0,4/18/2025 0:41:00,Deposit change,2,9,FALSE,TRUE,FALSE,FALSE,0,7,4403.12,SMS,Cadca,02201,38,620100,s.r.o.,TRUE
467a663c-6374-473b-a663-61fab09fc6ca,simona.lackova397@municipal.sk,29603142,PX-497-188,,FALSE,12/12/2023 3:32:00,12/12/2023 3:32:00,Business,Small business,Gas,Plyn Komfort,VS-ELE,Prievidza,24ZSS5865075424Q,GAS779985,FALSE,Quarterly,5/7/2026 23:21:00,234625,0,2105,12/31/2026 0:00:00,Email,Annual,4/30/2026 0:00:00,334.78,0,Direct debit,TRUE,0,FALSE,392.68,FALSE,,,,FALSE,TRUE,TRUE,2,2,1,3/13/2026 11:00:00,Invoice copy,7,6,FALSE,FALSE,FALSE,FALSE,1,2,20756.36,Phone,Prievidza,97101,37,682000,a.s.,FALSE
99e256f2-5e20-4039-8569-e9ce3d85ba7f,marek.halas398@firma.sk,21593236,ZX-498-508,,TRUE,6/13/2018 4:54:00,6/13/2018 4:54:00,Business,Retail services,Electricity,Elektrina Domov,DD1-DOM,Zilina,24ZSS7114593855P,ELM777556,TRUE,Monthly,5/4/2026 11:58:00,162312,66765,0,12/31/2026 0:00:00,Email,Annual,4/30/2026 0:00:00,260.69,698.28,Direct debit,TRUE,1,FALSE,290.97,TRUE,10/16/2025 15:06:00,eZona web,,FALSE,TRUE,FALSE,0,1,1,3/10/2025 9:13:00,Solar consultation,0,7,FALSE,FALSE,FALSE,FALSE,0,2,14859.33,Email,Zilina,01001,51,561000,zivnostnik,TRUE
e45860a4-0d50-4448-8a10-987cbf600db4,marek.kral399@azet.sk,13708679,CX-499-335,,FALSE,9/13/2020 20:15:00,9/13/2020 20:15:00,Household,Digital household,Electricity + Gas,Online Domov Duo,DMP1-PLYN,Cadca,24ZSS3149986899Q,ELM412993,TRUE,Monthly,3/26/2026 11:48:00,22142,5508,1820,12/31/2026 0:00:00,Post,Quarterly,4/30/2026 0:00:00,142.15,0,Card,FALSE,0,FALSE,135.51,FALSE,,,,FALSE,FALSE,TRUE,3,2,0,3/24/2025 0:44:00,Tariff consultation,7,8,TRUE,FALSE,FALSE,FALSE,0,1,8955.45,Phone,Cadca,02201,,,,FALSE
63e7eead-acc8-4173-ab21-946ec80e3078,monika.kollarova400@azet.sk,17914022,PX-500-128,,FALSE,11/28/2020 10:48:00,11/28/2020 10:48:00,Household,High consumption,Gas,Firma Plyn Plus,DD2-DOM,Poprad,24ZSS7850324522M,GAS513029,TRUE,Monthly,4/20/2026 3:20:00,23986,0,524,12/31/2026 0:00:00,Email,Monthly,4/30/2026 0:00:00,70.82,0,Postal order,FALSE,1,FALSE,72.79,TRUE,4/22/2026 20:20:00,eZona web,,FALSE,FALSE,FALSE,5,3,4,11/19/2025 9:55:00,Contact support,0,1,FALSE,FALSE,FALSE,TRUE,1,2,4320.02,eZona message,Poprad,05801,,,,FALSE
47789dfa-d757-4397-a2a5-d2b39f8563e5,daniel.urban401@post.sk,12973186,PX-501-229,,FALSE,7/29/2021 22:16:00,7/29/2021 22:16:00,Household,Solar interest,Electricity + Gas,Firma Energia Plus,VS-ELE,Prievidza,24ZSS3319298510P,ELM449251,FALSE,Quarterly,3/9/2026 21:44:00,8031,8047,765,12/31/2026 0:00:00,Email,Quarterly,4/30/2026 0:00:00,64.6,0,Direct debit,TRUE,0,FALSE,74.44,TRUE,9/13/2025 7:42:00,"eZona web, mobile web",,TRUE,TRUE,FALSE,4,0,1,,Tariff consultation,7,10,FALSE,FALSE,FALSE,TRUE,0,5,4457.4,Email,Prievidza,97101,,,,TRUE
c2546fe7-e39d-4861-accb-388148ffefc2,pavol.varga402@gmail.com,12902438,RX-502-916,,FALSE,6/4/2020 20:07:00,6/4/2020 20:07:00,Household,Digital household,Gas,Firma Plyn Plus,DD2-DOM,Ruzomberok,24ZSS8706074098K,GAS662156,TRUE,Monthly,5/5/2026 5:32:00,14353,0,855,12/31/2026 0:00:00,Email,Quarterly,4/30/2026 0:00:00,110.03,246.28,Direct debit,TRUE,1,TRUE,94.09,TRUE,10/26/2025 2:34:00,"eZona web, API",,FALSE,FALSE,TRUE,3,3,0,,Solar consultation,3,1,FALSE,FALSE,TRUE,TRUE,0,4,4181.14,eZona message,Ruzomberok,03401,,,,FALSE
03598bf8-98f0-4db8-881f-b9a3b42fb18d,pavol.bartosova403@example-business.sk,26084964,ZX-503-632,ADM-699-368,TRUE,8/9/2022 13:06:00,8/9/2022 13:06:00,Business,Hospitality,Electricity,Verejna Sprava Elektrina,B2B-DUO,Zvolen,24ZSS7726844034K,ELM210779,FALSE,Annual,4/19/2026 22:50:00,11299,42250,0,12/31/2026 0:00:00,Post,Monthly,4/30/2026 0:00:00,92.03,53.04,Direct debit,TRUE,0,FALSE,98.98,FALSE,,,,FALSE,FALSE,TRUE,3,0,0,12/25/2025 6:48:00,Complaint,6,9,FALSE,FALSE,FALSE,FALSE,0,1,2760.9,eZona message,Zvolen,96001,9,256200,zivnostnik,FALSE
ce6b855c-7931-4ba3-b331-6cde01534c16,peter.marekova404@gmail.com,13201718,PX-504-840,,FALSE,6/16/2020 18:32:00,6/16/2020 18:32:00,Household,Solar interest,Electricity,Firma Elektrina Plus,DMP1-PLYN,Prievidza,24ZSS4485538404K,ELM617258,FALSE,Annual,4/1/2026 13:39:00,14525,3346,0,12/31/2026 0:00:00,Email,Quarterly,4/30/2026 0:00:00,68.64,0,Direct debit,TRUE,0,FALSE,57.89,TRUE,4/19/2025 17:08:00,mobile web,Android,TRUE,TRUE,TRUE,4,0,1,11/18/2025 22:28:00,Contact support,9,4,FALSE,FALSE,FALSE,TRUE,1,0,2676.96,eZona message,Prievidza,97101,,,,FALSE
792d7b89-462f-4952-be99-9c359c38fe1b,veronika.kollarova405@gmail.com,11863390,PX-505-619,,FALSE,12/1/2025 21:51:00,12/1/2025 21:51:00,Household,Solar interest,Gas,Firma Plyn Plus,B2B-DUO,Poprad,24ZSS4198562017P,GAS832924,FALSE,Quarterly,4/14/2026 22:38:00,28486,0,1046,12/31/2026 0:00:00,Email,Monthly,4/30/2026 0:00:00,112.53,0,Postal order,FALSE,1,FALSE,125.67,TRUE,9/1/2025 20:29:00,"eZona web, mobile web",,FALSE,FALSE,TRUE,0,2,1,10/19/2025 23:56:00,Meter reading,8,6,FALSE,FALSE,FALSE,TRUE,0,1,7314.45,SMS,Poprad,05801,,,,TRUE
98f5ed12-7881-4e4d-86fb-8f9b33c75d0a,miroslav.balaz406@example-business.sk,25437458,ZX-506-965,ADM-897-968,TRUE,9/3/2019 4:03:00,9/3/2019 4:03:00,Business,Small business,Electricity,Verejna Sprava Elektrina,B2B-GAS,Zvolen,24ZSS4326790861M,ELM426048,TRUE,Monthly,5/1/2026 12:53:00,230852,29302,0,12/31/2026 0:00:00,Email,Annual,4/30/2026 0:00:00,248.57,501,Direct debit,FALSE,1,FALSE,228.26,TRUE,4/30/2025 5:46:00,mobile web,Android,FALSE,FALSE,TRUE,5,3,1,7/4/2025 15:05:00,Complaint,6,8,FALSE,FALSE,FALSE,TRUE,3,6,14914.2,Phone,Zvolen,96001,11,471100,s.r.o.,TRUE
05b9578b-e639-438a-9f48-50b5150c484b,samuel.varga407@example.sk,19930201,PX-507-661,,FALSE,11/9/2025 19:22:00,11/9/2025 19:22:00,Household,Solar interest,Electricity,Firma Elektrina Plus,B2B-DUO,Poprad,24ZSS2036072841K,ELM265041,TRUE,Monthly,3/27/2026 18:59:00,36720,2875,0,12/31/2026 0:00:00,Email,Annual,4/30/2026 0:00:00,65.55,0,Direct debit,TRUE,1,FALSE,60.33,TRUE,6/29/2025 17:40:00,"eZona web, mobile web",iOS,FALSE,TRUE,FALSE,5,1,1,4/28/2025 21:00:00,Invoice copy,9,6,FALSE,FALSE,FALSE,TRUE,0,5,2163.15,eZona message,Poprad,05801,,,,TRUE
feba1b61-263e-4b74-8790-41a03ffb04ae,pavol.simekova408@gmail.com,18781388,TX-508-322,,FALSE,11/8/2022 14:49:00,11/8/2022 14:49:00,Household,Digital household,Electricity + Gas,Online Domov Duo,B2B-GAS,Trencin,24ZSS3321971673K,ELM171146,FALSE,Annual,3/16/2026 8:59:00,44026,6293,1478,12/31/2026 0:00:00,Email,Annual,4/30/2026 0:00:00,120.49,120.31,Direct debit,TRUE,0,FALSE,98.92,TRUE,2/5/2025 1:33:00,"eZona web, API",,FALSE,TRUE,TRUE,5,0,0,3/6/2026 18:51:00,Meter reading,5,7,FALSE,FALSE,FALSE,TRUE,1,1,3976.17,Email,Trencin,91101,,,,TRUE
ecac2125-6508-43ec-a332-6339bb856018,peter.urban409@post.sk,15758850,ZX-509-643,,FALSE,11/23/2024 17:49:00,11/23/2024 17:49:00,Household,Price sensitive,Electricity,Verejna Sprava Elektrina,DD2-DOM,Zvolen,24ZSS6616229333K,ELM612251,TRUE,Monthly,3/23/2026 13:37:00,31898,6161,0,12/31/2026 0:00:00,Email,Monthly,4/30/2026 0:00:00,75.17,35.57,Bank transfer,FALSE,0,FALSE,88.02,TRUE,12/27/2025 6:36:00,mobile web,iOS,TRUE,TRUE,TRUE,0,2,0,4/12/2026 14:36:00,Deposit change,7,8,FALSE,FALSE,TRUE,TRUE,1,7,3006.8,eZona message,Zvolen,96001,,,,FALSE
ae40b394-7020-4e40-88af-934e4c475bb0,jana.tothova410@energia-client.sk,29990264,CX-510-842,,TRUE,3/7/2025 19:26:00,3/7/2025 19:26:00,Business,Small business,Gas,Plyn Domov,B2B-GAS,Cadca,24ZSS5397371079K,GAS139470,TRUE,Monthly,4/7/2026 1:37:00,217906,0,4218,12/31/2026 0:00:00,Email,Monthly,4/30/2026 0:00:00,290.99,0,Card,FALSE,1,FALSE,321.62,TRUE,8/5/2025 23:56:00,"eZona web, API",iOS,TRUE,FALSE,TRUE,4,0,1,7/5/2025 5:39:00,Deposit change,3,1,TRUE,FALSE,FALSE,TRUE,1,6,6983.76,Email,Cadca,02201,38,620100,zivnostnik,FALSE
97840b40-ff66-4d90-85e6-bd4e894f3d3c,samuel.tothova411@gmail.com,12427856,PX-511-919,,FALSE,5/2/2019 16:21:00,5/2/2019 16:21:00,Household,High consumption,Gas,Plyn Komfort,B2B-GAS,Poprad,24ZSS8502368475P,GAS422843,TRUE,Monthly,4/5/2026 11:28:00,15086,0,1602,12/31/2026 0:00:00,Email,Monthly,4/30/2026 0:00:00,144.11,0,Bank transfer,FALSE,3,FALSE,149.01,TRUE,9/11/2025 10:00:00,mobile web,,TRUE,TRUE,TRUE,4,1,1,6/29/2025 11:21:00,Move contract,6,3,FALSE,FALSE,FALSE,TRUE,1,4,3314.53,SMS,Poprad,05801,,,,TRUE
d80a3f68-abe0-4534-b5c8-904ba4777b94,katarina.novakova412@example.sk,19088112,CX-512-395,,FALSE,8/9/2020 0:42:00,8/9/2020 0:42:00,Household,Standard household,Electricity,Firma Elektrina Plus,VS-ELE,Cadca,24ZSS4796307855K,ELM118834,TRUE,Monthly,3/18/2026 2:19:00,41133,4578,0,12/31/2026 0:00:00,Email,Quarterly,4/30/2026 0:00:00,66.87,0,Postal order,FALSE,0,FALSE,74.75,TRUE,6/22/2025 14:44:00,eZona web,,TRUE,FALSE,FALSE,4,1,1,9/24/2025 12:12:00,Solar consultation,3,5,FALSE,FALSE,FALSE,TRUE,1,6,2006.1,SMS,Cadca,02201,,,,TRUE
8b9b195b-1e28-4fb5-9b14-c690e22f98a0,andrea.marekova413@gmail.com,11078188,TX-513-531,,FALSE,11/11/2018 5:04:00,11/11/2018 5:04:00,Household,Senior assisted,Electricity,Elektrina Domov,VS-ELE,Trencin,24ZSS4889875263P,ELM399268,FALSE,Annual,3/21/2026 3:24:00,42596,8564,0,12/31/2026 0:00:00,Email,Monthly,4/30/2026 0:00:00,73.63,60.66,Postal order,FALSE,1,FALSE,66.94,TRUE,4/7/2025 0:42:00,mobile web,,TRUE,FALSE,FALSE,1,0,1,,Deposit change,1,10,FALSE,FALSE,FALSE,TRUE,0,8,3386.98,Email,Trencin,91101,,,,TRUE
d5057e77-5368-415e-87b7-8ac6fc9298f4,tomas.urban414@gmail.com,18864381,CX-514-512,,FALSE,9/8/2018 8:40:00,9/8/2018 8:40:00,Household,Digital household,Electricity + Gas,Duo Komfort,B2B-DUO,Cadca,24ZSS6638404465M,ELM987108,FALSE,Annual,5/4/2026 7:55:00,44579,4442,845,12/31/2026 0:00:00,Post,Monthly,4/30/2026 0:00:00,78.32,0,Direct debit,TRUE,1,FALSE,76.33,FALSE,,,,TRUE,TRUE,FALSE,1,2,0,4/9/2026 14:14:00,Move contract,4,6,FALSE,FALSE,FALSE,FALSE,0,2,2741.2,SMS,Cadca,02201,,,,FALSE
763fb9e4-75e0-44f1-ac09-daf0d418dcf6,katarina.gregorova415@gmail.com,10538165,MX-515-254,,FALSE,6/27/2020 13:08:00,6/27/2020 13:08:00,Household,Senior assisted,Gas,Plyn Domov,DD2-DOM,Martin,24ZSS9987883775K,GAS783909,FALSE,Annual,4/30/2026 14:33:00,2023,0,1290,12/31/2026 0:00:00,Email,Quarterly,4/30/2026 0:00:00,98.95,0,Bank transfer,FALSE,0,FALSE,116.06,FALSE,,,,TRUE,TRUE,TRUE,5,1,1,6/24/2025 3:36:00,Meter reading,6,1,FALSE,FALSE,FALSE,FALSE,0,4,6629.65,Phone,Martin,03601,,,,FALSE
6e0166d8-d295-4046-9a24-8361b4d5075c,tomas.novakova416@firma.sk,23901496,MX-516-490,,TRUE,12/16/2019 13:16:00,12/16/2019 13:16:00,Business,SME multi-site,Electricity,Elektrina Domov,DD5-SOLAR,Martin,24ZSS1369883570P,ELM324379,FALSE,Quarterly,4/6/2026 13:34:00,206759,97928,0,12/31/2026 0:00:00,Post,Annual,4/30/2026 0:00:00,260.61,128.5,Bank transfer,FALSE,1,FALSE,281.57,FALSE,,,,FALSE,TRUE,TRUE,5,0,1,7/9/2025 21:04:00,Invoice copy,4,10,FALSE,FALSE,FALSE,FALSE,0,8,13551.72,Email,Martin,03601,24,551000,obec,FALSE
401959eb-86d9-4034-a108-137d24dd02f5,andrea.fedorova417@energia-client.sk,28784760,ZX-517-476,,TRUE,12/24/2020 3:35:00,12/24/2020 3:35:00,Business,Small business,Electricity + Gas,Firma Energia Plus,VS-ELE,Zilina,24ZSS9644960424Q,ELM570395,TRUE,Monthly,3/28/2026 7:29:00,163082,101985,7891,12/31/2026 0:00:00,Email,Annual,4/30/2026 0:00:00,634.38,0,Direct debit,TRUE,1,FALSE,593.88,TRUE,2/25/2025 9:15:00,"eZona web, API",,TRUE,TRUE,FALSE,1,0,0,4/19/2026 20:14:00,Meter reading,1,10,TRUE,FALSE,FALSE,TRUE,1,7,18397.02,Phone,Zilina,01001,39,852000,s.r.o.,TRUE
663d18ae-5d8f-44b1-8560-3a3855787ec4,veronika.kollarova418@firma.sk,23552603,TX-518-392,,TRUE,3/11/2020 6:38:00,3/11/2020 6:38:00,Business,Small business,Gas,Firma Plyn Plus,DD5-SOLAR,Trencin,24ZSS1123949518K,GAS471271,TRUE,Monthly,4/26/2026 4:47:00,54142,0,12339,12/31/2026 0:00:00,Email,Annual,4/30/2026 0:00:00,803.65,1649.52,Direct debit,FALSE,3,TRUE,697.71,TRUE,6/7/2025 3:28:00,eZona web,iOS,TRUE,FALSE,FALSE,1,0,1,12/8/2025 19:51:00,Tariff consultation,3,5,FALSE,FALSE,FALSE,TRUE,0,8,37771.55,eZona message,Trencin,91101,60,620100,a.s.,TRUE
33c63781-65d2-4c8b-a561-22332c4dcb2b,peter.novakova419@energia-client.sk,21844074,MX-519-668,ADM-609-534,FALSE,9/11/2022 17:34:00,9/11/2022 17:34:00,Business,Hospitality,Electricity + Gas,Online Domov Duo,DD5-SOLAR,Martin,24ZSS6397817093Q,ELM897874,TRUE,Monthly,3/31/2026 17:31:00,185316,114003,12029,12/31/2026 0:00:00,Email,Annual,4/30/2026 0:00:00,864.26,544,Direct debit,TRUE,1,FALSE,730.22,TRUE,6/10/2025 21:25:00,"eZona web, API",,FALSE,TRUE,TRUE,0,0,1,,Tariff consultation,6,10,FALSE,FALSE,FALSE,FALSE,1,5,19013.72,Email,Martin,03601,49,256200,neziskova organizacia,TRUE
d1588450-a467-49f1-8f2d-a6f733b48f5f,monika.novakova420@gmail.com,10477906,CX-520-154,,FALSE,5/29/2020 17:13:00,5/29/2020 17:13:00,Household,Digital household,Gas,Firma Plyn Plus,DD1-DOM,Cadca,24ZSS4499659954Q,GAS775020,TRUE,Monthly,4/11/2026 5:13:00,13136,0,296,12/31/2026 0:00:00,Email,Annual,4/30/2026 0:00:00,47.28,0,Direct debit,TRUE,1,FALSE,53.31,TRUE,3/15/2025 15:12:00,mobile web,Android,FALSE,TRUE,FALSE,1,2,0,4/11/2025 17:45:00,Solar consultation,0,4,FALSE,TRUE,TRUE,TRUE,1,6,1985.76,SMS,Cadca,02201,,,,TRUE
dd352462-338c-4d19-9c0e-e9d63fea09f9,marek.balaz421@post.sk,14398316,ZX-521-747,,FALSE,10/30/2024 4:21:00,10/30/2024 4:21:00,Household,Senior assisted,Electricity + Gas,Firma Energia Plus,DD2-DOM,Zvolen,24ZSS3250390634M,ELM201036,TRUE,Monthly,4/24/2026 18:23:00,47889,8500,2014,12/31/2026 0:00:00,Email,Monthly,4/30/2026 0:00:00,182.39,319.74,Postal order,FALSE,1,TRUE,161.6,TRUE,5/11/2026 7:43:00,"eZona web, API",iOS,FALSE,FALSE,TRUE,0,1,1,9/14/2025 8:41:00,Tariff consultation,4,10,FALSE,FALSE,FALSE,TRUE,0,5,11308.18,Email,Zvolen,96001,,,,TRUE
a1e8dbf9-b5e2-41a3-9fca-61cd15ee0dd7,lenka.simekova422@example.sk,12924646,MX-522-506,,FALSE,12/25/2020 12:33:00,12/25/2020 12:33:00,Household,Price sensitive,Electricity,Elektrina Online,B2B-GAS,Martin,24ZSS6974012506K,ELM820726,TRUE,Monthly,3/26/2026 0:15:00,44280,8045,0,12/31/2026 0:00:00,Email,Monthly,4/30/2026 0:00:00,34.53,0,Postal order,FALSE,0,FALSE,30.54,TRUE,2/5/2026 10:27:00,"eZona web, mobile web",,FALSE,FALSE,TRUE,5,2,0,,Meter reading,6,10,FALSE,FALSE,FALSE,TRUE,0,0,1381.2,Phone,Martin,03601,,,,TRUE
64e23931-7f67-4a5c-9999-9550c6fe904b,katarina.simekova423@firma.sk,20667321,MX-523-501,,FALSE,12/27/2023 11:31:00,12/27/2023 11:31:00,Business,Industrial,Electricity,Firma Elektrina Plus,DD5-SOLAR,Martin,24ZSS3556489271P,ELM685870,TRUE,Monthly,4/11/2026 3:48:00,85187,62892,0,12/31/2026 0:00:00,Email,Monthly,4/30/2026 0:00:00,57.95,0,Direct debit,TRUE,1,FALSE,61.75,TRUE,3/3/2025 21:31:00,"eZona web, API",,FALSE,TRUE,TRUE,5,2,1,4/13/2025 4:17:00,Deposit change,2,9,FALSE,FALSE,FALSE,TRUE,0,1,3303.15,Phone,Martin,03601,82,682000,zivnostnik,TRUE
60c63c63-de3c-4bb7-95f8-3caaae8797f8,robert.bartosova424@post.sk,11768652,ZX-524-385,,FALSE,9/1/2021 7:58:00,9/1/2021 7:58:00,Household,Solar interest,Gas,Firma Plyn Plus,B2B-DUO,Zilina,24ZSS9359569262K,GAS189509,FALSE,Annual,4/26/2026 15:15:00,32948,0,2027,12/31/2026 0:00:00,Email,Annual,4/30/2026 0:00:00,142.49,0,Card,FALSE,1,FALSE,150.69,TRUE,5/2/2025 3:28:00,mobile web,,FALSE,TRUE,TRUE,2,0,1,,Invoice copy,10,4,FALSE,TRUE,TRUE,TRUE,1,3,4702.17,SMS,Zilina,01001,,,,TRUE
6b958d93-7286-4a2b-9235-66167d6f072c,michal.mikulas425@municipal.sk,28723055,RX-525-120,ADM-110-729,FALSE,12/11/2024 6:02:00,12/11/2024 6:02:00,Business,Public sector,Electricity,Elektrina Online,B2B-DUO,Ruzomberok,24ZSS9018010593K,ELM974088,FALSE,Annual,3/20/2026 4:26:00,59235,25429,0,12/31/2026 0:00:00,Post,Monthly,4/30/2026 0:00:00,36.83,0,Direct debit,TRUE,0,FALSE,35.06,FALSE,,,,FALSE,TRUE,TRUE,4,3,2,1/21/2025 20:02:00,Complaint,0,5,FALSE,FALSE,FALSE,FALSE,0,5,2541.27,Phone,Ruzomberok,03401,58,551000,obec,FALSE
008a9661-9fcd-41be-b940-4f1d5e85ecca,ivana.fedorova426@energia-client.sk,29145558,LM-526-807,ADM-370-889,FALSE,10/11/2020 1:59:00,10/11/2020 1:59:00,Business,SME multi-site,Electricity + Gas,Online Domov Duo,B2B-ELE,Liptovsky Mikulas,24ZSS1621633966K,ELM107041,TRUE,Monthly,4/25/2026 16:36:00,35332,62791,693,12/31/2026 0:00:00,Post,Monthly,4/30/2026 0:00:00,101.05,9.19,Postal order,FALSE,0,FALSE,110.34,FALSE,,,,FALSE,FALSE,TRUE,0,0,0,11/29/2025 20:42:00,Move contract,2,7,FALSE,FALSE,TRUE,FALSE,1,3,3940.95,eZona message,Liptovsky Mikulas,03101,36,620100,obec,FALSE
c8fd0e85-1dd3-47f3-aaf5-570f8a0ae786,robert.kollarova427@example.sk,18174303,BB-527-158,,FALSE,8/7/2020 18:03:00,8/7/2020 18:03:00,Household,Price sensitive,Gas,Firma Plyn Plus,DD2-DOM,Banska Bystrica,24ZSS1744527490M,GAS285521,FALSE,Quarterly,3/17/2026 16:17:00,21236,0,907,12/31/2026 0:00:00,Post,Quarterly,4/30/2026 0:00:00,102.89,0,Direct debit,TRUE,0,FALSE,102.43,TRUE,1/21/2026 1:39:00,mobile web,iOS,TRUE,TRUE,TRUE,0,0,0,,Contact support,5,2,FALSE,FALSE,FALSE,FALSE,1,0,6790.74,Email,Banska Bystrica,97401,,,,TRUE
9ccec4ff-8447-42e2-891b-a078b3b3d285,monika.balaz428@azet.sk,12596148,CX-528-431,,FALSE,12/17/2019 15:55:00,12/17/2019 15:55:00,Household,Green energy,Electricity + Gas,Duo Komfort,B2B-GAS,Cadca,24ZSS7347769716K,ELM850378,TRUE,Monthly,4/17/2026 2:03:00,30959,7330,1947,12/31/2026 0:00:00,Email,Annual,4/30/2026 0:00:00,163.48,0,Bank transfer,FALSE,0,FALSE,151.98,TRUE,1/1/2026 6:53:00,eZona web,iOS,FALSE,FALSE,FALSE,0,0,1,,Contact support,0,8,FALSE,FALSE,TRUE,TRUE,3,5,5231.36,Email,Cadca,02201,,,,TRUE
539adeda-a98e-43d6-9665-5dd409a8e6c9,michal.gregorova429@azet.sk,12736921,MX-529-580,,FALSE,7/13/2018 3:06:00,7/13/2018 3:06:00,Household,Senior assisted,Electricity,Elektrina Domov,B2B-ELE,Martin,24ZSS8110849647M,ELM518874,TRUE,Monthly,4/11/2026 1:23:00,28724,5321,0,12/31/2026 0:00:00,Email,Annual,4/30/2026 0:00:00,30.01,64.34,Direct debit,TRUE,1,FALSE,30.4,TRUE,7/8/2025 23:19:00,"eZona web, API",,TRUE,FALSE,FALSE,2,1,0,2/23/2026 23:06:00,Contact support,0,7,FALSE,FALSE,FALSE,TRUE,2,5,1620.54,Email,Martin,03601,,,,TRUE
4b3141dd-a444-4801-9289-aba2237cb042,daniel.marekova430@firma.sk,24308587,CX-530-406,,FALSE,4/4/2023 15:15:00,4/4/2023 15:15:00,Business,Small business,Electricity + Gas,Online Domov Duo,DD5-SOLAR,Cadca,24ZSS1648991557Q,ELM524389,FALSE,Annual,3/5/2026 8:05:00,160540,87219,4996,12/31/2026 0:00:00,Email,Monthly,4/30/2026 0:00:00,409.35,0,Direct debit,TRUE,1,FALSE,349.84,TRUE,11/25/2025 15:43:00,mobile web,iOS,TRUE,TRUE,TRUE,0,3,0,2/7/2025 6:20:00,Solar consultation,4,9,FALSE,FALSE,FALSE,TRUE,1,2,20876.85,eZona message,Cadca,02201,14,682000,obec,TRUE
ed3d01fa-91c4-42ae-95c6-f18a798ac836,pavol.danko431@municipal.sk,21390770,TX-531-630,ADM-238-560,FALSE,8/6/2018 21:49:00,8/6/2018 21:49:00,Business,SME multi-site,Electricity,Verejna Sprava Elektrina,B2B-DUO,Trencin,24ZSS6634408027P,ELM197664,TRUE,Monthly,5/4/2026 23:01:00,138323,50351,0,12/31/2026 0:00:00,Email,Annual,4/30/2026 0:00:00,56.57,54.78,Direct debit,TRUE,1,FALSE,63.41,TRUE,5/26/2025 1:52:00,"eZona web, mobile web",Android,TRUE,TRUE,TRUE,5,2,0,3/23/2026 18:08:00,Deposit change,3,8,FALSE,TRUE,FALSE,TRUE,0,3,1527.39,eZona message,Trencin,91101,48,551000,zivnostnik,FALSE
0c56bea9-35b4-4cc0-a368-ca5de82e1433,michal.gregorova432@gmail.com,11705019,TX-532-849,,FALSE,8/16/2023 5:36:00,8/16/2023 5:36:00,Household,Green energy,Electricity,Verejna Sprava Elektrina,VS-ELE,Trencin,24ZSS6669411410P,ELM294563,TRUE,Monthly,3/19/2026 4:12:00,34111,2792,0,12/31/2026 0:00:00,Email,Quarterly,4/30/2026 0:00:00,44.53,0,Bank transfer,FALSE,0,FALSE,45.28,TRUE,11/2/2025 4:35:00,mobile web,,TRUE,TRUE,FALSE,2,0,1,2/22/2026 7:43:00,Invoice copy,5,5,FALSE,TRUE,TRUE,TRUE,0,4,1603.08,Phone,Trencin,91101,,,,TRUE
a3009104-0d0c-454f-8f1f-770605be1eed,marek.kollarova433@azet.sk,14829415,CX-533-818,,FALSE,2/23/2018 10:15:00,2/23/2018 10:15:00,Household,Price sensitive,Electricity + Gas,Online Domov Duo,DMP1-PLYN,Cadca,24ZSS6945575123Q,ELM203061,FALSE,Annual,4/14/2026 14:43:00,29718,4240,247,12/31/2026 0:00:00,Post,Monthly,4/30/2026 0:00:00,84.39,71.37,Bank transfer,FALSE,1,FALSE,92.25,FALSE,,,,TRUE,FALSE,FALSE,5,2,0,9/26/2025 1:23:00,Tariff consultation,5,10,FALSE,FALSE,TRUE,FALSE,0,2,2194.14,Phone,Cadca,02201,,,,FALSE
f6c8b31f-bfe7-4aa7-808a-a89720abb14f,jana.novakova434@gmail.com,17935999,PX-534-172,,FALSE,12/16/2020 9:12:00,12/16/2020 9:12:00,Household,Solar interest,Electricity,Elektrina Domov,DD1-DOM,Prievidza,24ZSS4245964950Q,ELM520196,TRUE,Monthly,3/28/2026 8:21:00,31693,8091,0,12/31/2026 0:00:00,Email,Quarterly,4/30/2026 0:00:00,69.54,105.49,Direct debit,TRUE,1,TRUE,77.7,TRUE,3/21/2025 18:55:00,"eZona web, mobile web",Android,FALSE,TRUE,TRUE,5,1,1,,Invoice copy,10,10,FALSE,FALSE,FALSE,TRUE,1,3,3963.78,SMS,Prievidza,97101,,,,TRUE
d2720720-a94d-41c1-a86e-df2fa4c19caa,andrea.lackova435@gmail.com,10918612,RX-535-493,,FALSE,5/8/2023 14:57:00,5/8/2023 14:57:00,Household,Standard household,Electricity,Firma Elektrina Plus,B2B-ELE,Ruzomberok,24ZSS5475258069M,ELM553884,FALSE,Annual,4/19/2026 5:16:00,40146,2848,0,12/31/2026 0:00:00,Email,Annual,4/30/2026 0:00:00,50.54,0,Direct debit,TRUE,1,FALSE,46.46,TRUE,11/26/2025 18:08:00,eZona web,,FALSE,TRUE,TRUE,2,2,1,3/13/2025 9:33:00,Contact support,1,5,FALSE,FALSE,FALSE,TRUE,0,7,1465.66,SMS,Ruzomberok,03401,,,,TRUE
6f1af780-2a81-4087-95c5-e33cfe076e70,jana.balaz436@post.sk,10267169,ZX-536-893,,FALSE,11/1/2023 9:15:00,11/1/2023 9:15:00,Household,Senior assisted,Electricity,Elektrina Domov,DD1-DOM,Zvolen,24ZSS4494847964Q,ELM959582,FALSE,Quarterly,4/26/2026 3:55:00,2273,3525,0,12/31/2026 0:00:00,Email,Monthly,4/30/2026 0:00:00,56.67,26.38,Bank transfer,FALSE,1,FALSE,62.13,TRUE,1/18/2026 2:54:00,"eZona web, mobile web",,FALSE,FALSE,TRUE,2,3,3,2/20/2026 10:07:00,Complaint,3,8,FALSE,FALSE,TRUE,TRUE,0,6,3343.53,eZona message,Zvolen,96001,,,,TRUE
74a60452-0df2-40c8-8581-e06bdefee06c,juraj.simon437@example-business.sk,21258457,ZX-537-989,ADM-259-398,FALSE,3/14/2022 16:13:00,3/14/2022 16:13:00,Business,Public sector,Electricity,Firma Elektrina Plus,DD5-SOLAR,Zilina,24ZSS8959490008K,ELM131189,TRUE,Monthly,4/12/2026 23:25:00,175945,115102,0,12/31/2026 0:00:00,Email,Quarterly,4/30/2026 0:00:00,182.87,0,Postal order,FALSE,1,FALSE,167.79,TRUE,2/11/2026 16:45:00,"eZona web, API",iOS,FALSE,FALSE,TRUE,0,3,0,,Solar consultation,1,10,FALSE,TRUE,FALSE,TRUE,1,3,6400.45,Email,Zilina,01001,13,551000,neziskova organizacia,TRUE
547fd470-19ff-4de3-b235-0558ddb39b04,monika.fedorova438@firma.sk,26896853,RX-538-713,,FALSE,7/4/2022 14:16:00,7/4/2022 14:16:00,Business,Retail services,Gas,Plyn Komfort,VS-ELE,Ruzomberok,24ZSS5225917004Q,GAS350758,TRUE,Monthly,3/16/2026 10:52:00,210952,0,3951,12/31/2026 0:00:00,Email,Quarterly,4/30/2026 0:00:00,262.31,0,Direct debit,FALSE,1,FALSE,308.44,TRUE,5/4/2026 2:28:00,eZona web,Android,TRUE,TRUE,FALSE,1,3,1,11/9/2025 3:25:00,Meter reading,5,2,FALSE,FALSE,TRUE,TRUE,1,5,13640.12,eZona message,Ruzomberok,03401,35,682000,neziskova organizacia,TRUE
07baf602-bb97-444e-bd0f-7546460931b8,juraj.gregorova439@energia-client.sk,29454865,MX-539-346,ADM-757-351,TRUE,4/11/2022 10:24:00,4/11/2022 10:24:00,Business,Small business,Electricity,Firma Elektrina Plus,B2B-DUO,Martin,24ZSS5301519712M,ELM491955,FALSE,Annual,3/6/2026 13:45:00,165952,8862,0,12/31/2026 0:00:00,Email,Monthly,4/30/2026 0:00:00,108.68,0,Direct debit,TRUE,1,FALSE,110.74,TRUE,4/25/2026 14:14:00,mobile web,,FALSE,FALSE,TRUE,1,1,4,4/3/2025 14:46:00,Invoice copy,2,6,TRUE,FALSE,FALSE,TRUE,0,7,3477.76,SMS,Martin,03601,2,256200,zivnostnik,TRUE
4ad1eb09-f93c-4e56-ad26-33991183eab3,natalia.bartosova440@example-business.sk,25247217,ZX-540-376,,FALSE,8/6/2024 10:44:00,8/6/2024 10:44:00,Business,Industrial,Electricity + Gas,Online Domov Duo,VS-ELE,Zilina,24ZSS8145914379Q,ELM678082,TRUE,Monthly,3/31/2026 23:38:00,161984,84862,10366,12/31/2026 0:00:00,Email,Quarterly,4/30/2026 0:00:00,746.25,0,Bank transfer,FALSE,1,FALSE,685.77,TRUE,1/23/2026 14:08:00,"eZona web, API",,TRUE,FALSE,FALSE,3,0,0,2/10/2026 23:46:00,Contact support,1,10,TRUE,FALSE,TRUE,TRUE,1,6,13432.5,eZona message,Zilina,01001,69,682000,obec,TRUE
b675b218-0c5b-46fb-a863-29db0d8dafcf,monika.bartosova441@azet.sk,19887996,CX-541-990,,FALSE,5/21/2019 22:06:00,5/21/2019 22:06:00,Household,Senior assisted,Electricity + Gas,Duo Komfort,B2B-DUO,Cadca,24ZSS5118756211P,ELM598734,FALSE,Quarterly,5/7/2026 7:44:00,17408,5964,556,12/31/2026 0:00:00,Email,Annual,4/30/2026 0:00:00,67.71,100.82,Direct debit,FALSE,1,FALSE,65.91,TRUE,8/31/2025 17:38:00,eZona web,,FALSE,FALSE,TRUE,0,2,1,,Move contract,0,8,FALSE,TRUE,TRUE,TRUE,1,4,2505.27,eZona message,Cadca,02201,,,,TRUE
7253fa66-6367-4234-8e9c-bfa324e76658,marek.tothova442@azet.sk,15219345,BB-542-738,,FALSE,2/5/2023 16:30:00,2/5/2023 16:30:00,Household,Digital household,Electricity + Gas,Firma Energia Plus,DMP1-PLYN,Banska Bystrica,24ZSS5837292483P,ELM767182,FALSE,Quarterly,4/5/2026 23:10:00,20392,3906,290,12/31/2026 0:00:00,Email,Annual,4/30/2026 0:00:00,72.69,0,Direct debit,TRUE,0,FALSE,73.9,TRUE,8/11/2025 6:13:00,"eZona web, API",,FALSE,TRUE,FALSE,1,3,0,7/30/2025 0:46:00,Meter reading,4,6,FALSE,TRUE,TRUE,TRUE,1,3,2326.08,Phone,Banska Bystrica,97401,,,,TRUE
ab2c01e8-4ad8-4d7f-bda3-ad36fe91b5f3,natalia.horvath443@post.sk,15694254,PX-543-189,,FALSE,3/27/2024 7:19:00,3/27/2024 7:19:00,Household,Digital household,Electricity,Elektrina Online,B2B-ELE,Poprad,24ZSS1568525571M,ELM192672,TRUE,Monthly,5/10/2026 10:47:00,34869,6892,0,12/31/2026 0:00:00,Post,Annual,4/30/2026 0:00:00,24.31,0,Direct debit,TRUE,0,FALSE,27.28,TRUE,2/26/2025 10:13:00,eZona web,,TRUE,FALSE,TRUE,0,2,0,11/10/2025 15:29:00,Complaint,3,8,TRUE,FALSE,TRUE,FALSE,0,6,1726.01,eZona message,Poprad,05801,,,,TRUE
7c9e6877-5771-4f43-8ab9-95d85ee6fd8f,jana.kollarova444@gmail.com,17099845,ZX-544-575,,FALSE,4/6/2022 3:01:00,4/6/2022 3:01:00,Household,Price sensitive,Electricity,Verejna Sprava Elektrina,DD2-DOM,Zilina,24ZSS2162896062P,ELM459080,TRUE,Monthly,4/30/2026 1:50:00,2351,3827,0,12/31/2026 0:00:00,Email,Annual,4/30/2026 0:00:00,27.73,0,Direct debit,TRUE,1,FALSE,25.83,FALSE,,,,TRUE,TRUE,FALSE,2,3,1,,Move contract,4,9,TRUE,FALSE,FALSE,FALSE,1,2,1469.69,Phone,Zilina,01001,,,,FALSE
f42ea422-71c2-4b08-a94a-59fefe24b228,lenka.simon445@example.sk,19499630,ZX-545-915,,FALSE,9/19/2024 2:20:00,9/19/2024 2:20:00,Household,Solar interest,Electricity,Elektrina Online,B2B-ELE,Zvolen,24ZSS9160324525M,ELM620125,FALSE,Quarterly,4/9/2026 20:56:00,9477,8107,0,12/31/2026 0:00:00,Email,Monthly,4/30/2026 0:00:00,26.54,0,Bank transfer,FALSE,0,FALSE,25.56,TRUE,5/2/2026 5:53:00,"eZona web, API",iOS,TRUE,FALSE,FALSE,1,0,3,1/4/2026 11:01:00,Meter reading,9,9,FALSE,FALSE,FALSE,TRUE,1,1,1698.56,eZona message,Zvolen,96001,,,,TRUE
5bc179c8-5332-4fc5-9306-9ccc809ac07e,veronika.horvath446@post.sk,13209346,ZX-546-996,,FALSE,2/3/2019 20:57:00,2/3/2019 20:57:00,Household,Solar interest,Electricity + Gas,Firma Energia Plus,DD1-DOM,Zilina,24ZSS9725404786M,ELM995271,TRUE,Monthly,4/25/2026 4:24:00,15582,3905,735,12/31/2026 0:00:00,Email,Monthly,4/30/2026 0:00:00,115.17,51.33,Direct debit,TRUE,0,FALSE,112.79,TRUE,3/13/2026 0:42:00,eZona web,Android,TRUE,FALSE,TRUE,4,2,0,3/21/2025 23:52:00,Tariff consultation,8,9,TRUE,FALSE,FALSE,TRUE,0,2,2073.06,Phone,Zilina,01001,,,,TRUE
d82c5910-4bb8-43dc-a99c-eb1f7b6d4f4f,marek.varga447@example.sk,19928860,LM-547-817,,FALSE,3/27/2021 4:08:00,3/27/2021 4:08:00,Household,Green energy,Electricity + Gas,Online Domov Duo,DD1-DOM,Liptovsky Mikulas,24ZSS7599255881M,ELM279752,TRUE,Monthly,4/29/2026 1:06:00,9851,6742,1958,12/31/2026 0:00:00,Email,Monthly,4/30/2026 0:00:00,167.97,0,Card,FALSE,0,FALSE,158.47,TRUE,10/17/2025 1:43:00,"eZona web, mobile web",,TRUE,FALSE,TRUE,4,3,1,,Invoice copy,7,10,FALSE,FALSE,TRUE,TRUE,1,6,7054.74,Email,Liptovsky Mikulas,03101,,,,TRUE
2be5c8b4-7f00-4134-9daa-0c4add6e0575,pavol.mikulas448@firma.sk,23341178,CX-548-281,,TRUE,1/12/2025 7:49:00,1/12/2025 7:49:00,Business,Retail services,Electricity + Gas,Firma Energia Plus,B2B-ELE,Cadca,24ZSS8938310193K,ELM993473,TRUE,Monthly,3/28/2026 5:25:00,107794,60462,11413,12/31/2026 0:00:00,Email,Annual,4/30/2026 0:00:00,884.2,0,Postal order,FALSE,1,FALSE,935.22,FALSE,,,,TRUE,FALSE,TRUE,4,3,1,,Contact support,4,8,FALSE,FALSE,FALSE,FALSE,1,2,51283.6,Phone,Cadca,02201,37,551000,s.r.o.,FALSE
faf1085f-160a-4adb-82b5-9cea4cdbb430,zuzana.simekova449@example-business.sk,20567347,CX-549-267,,TRUE,12/3/2025 19:36:00,12/3/2025 19:36:00,Business,Retail services,Electricity + Gas,Online Domov Duo,DD1-DOM,Cadca,24ZSS8853600152M,ELM599582,FALSE,Quarterly,3/31/2026 11:00:00,124938,44957,6181,12/31/2026 0:00:00,Email,Quarterly,4/30/2026 0:00:00,533.5,0,Bank transfer,FALSE,1,FALSE,465.69,TRUE,10/23/2025 23:51:00,mobile web,,TRUE,FALSE,TRUE,0,0,1,4/8/2026 21:43:00,Tariff consultation,4,5,FALSE,TRUE,FALSE,FALSE,0,6,19206,Phone,Cadca,02201,51,561000,obec,TRUE
db6c343e-93af-4125-aa64-7a4d4d98133c,pavol.polak450@azet.sk,10269221,TX-550-305,,FALSE,5/30/2022 1:25:00,5/30/2022 1:25:00,Household,High consumption,Electricity,Firma Elektrina Plus,DD1-DOM,Trencin,24ZSS1955010202K,ELM713257,FALSE,Quarterly,3/30/2026 4:51:00,19446,8011,0,12/31/2026 0:00:00,Email,Quarterly,4/30/2026 0:00:00,39.52,0,Direct debit,TRUE,0,FALSE,37.67,TRUE,1/9/2026 20:42:00,"eZona web, API",,TRUE,FALSE,TRUE,3,1,4,7/13/2025 23:07:00,Tariff consultation,7,10,FALSE,FALSE,FALSE,TRUE,0,6,1976,Phone,Trencin,91101,,,,TRUE
1652c12a-9d66-4cc5-8158-ed417319bd77,miroslav.simon451@firma.sk,21577461,ZX-551-170,ADM-177-982,FALSE,3/2/2023 18:13:00,3/2/2023 18:13:00,Business,Hospitality,Electricity + Gas,Firma Energia Plus,B2B-ELE,Zvolen,24ZSS9350948128P,ELM607126,TRUE,Monthly,5/6/2026 11:03:00,177889,115214,12990,12/31/2026 0:00:00,Email,Annual,4/30/2026 0:00:00,978.34,0,Postal order,FALSE,0,FALSE,1108.54,TRUE,3/14/2026 22:10:00,"eZona web, mobile web",Android,FALSE,TRUE,FALSE,0,2,0,,Move contract,7,10,FALSE,FALSE,TRUE,TRUE,1,5,54787.04,Phone,Zvolen,96001,7,852000,s.r.o.,TRUE
cf58fbe9-d60d-4b86-8dad-5ae66fe23b6b,ivana.kovac452@firma.sk,24654998,BB-552-179,,TRUE,8/23/2023 7:14:00,8/23/2023 7:14:00,Business,SME multi-site,Electricity + Gas,Duo Komfort,DD5-SOLAR,Banska Bystrica,24ZSS4248828893Q,ELM158044,TRUE,Monthly,4/22/2026 11:48:00,42299,18354,6208,12/31/2026 0:00:00,Email,Monthly,4/30/2026 0:00:00,504.93,0,Postal order,FALSE,1,FALSE,436.86,TRUE,5/22/2025 15:09:00,eZona web,iOS,FALSE,TRUE,TRUE,5,0,1,8/1/2025 17:51:00,Move contract,1,3,FALSE,TRUE,TRUE,TRUE,1,1,23226.78,Email,Banska Bystrica,97401,27,682000,neziskova organizacia,TRUE
115ef325-446e-44b0-9803-364a3e778d43,miroslav.polak453@gmail.com,18408680,LM-553-957,,FALSE,1/29/2024 9:21:00,1/29/2024 9:21:00,Household,Green energy,Electricity,Verejna Sprava Elektrina,VS-ELE,Liptovsky Mikulas,24ZSS4106383710M,ELM623883,TRUE,Monthly,3/19/2026 14:25:00,36628,7087,0,12/31/2026 0:00:00,Post,Quarterly,4/30/2026 0:00:00,34.35,6.51,Direct debit,TRUE,0,FALSE,37.58,FALSE,,,,FALSE,TRUE,FALSE,5,1,1,5/25/2025 6:36:00,Invoice copy,0,10,FALSE,FALSE,TRUE,FALSE,3,5,996.15,eZona message,Liptovsky Mikulas,03101,,,,FALSE
38ca6ee2-e652-4ff2-9cfe-32f6fce6fe4a,simona.simon454@energia-client.sk,29663260,MX-554-325,ADM-866-370,TRUE,2/26/2023 18:11:00,2/26/2023 18:11:00,Business,Industrial,Gas,Firma Plyn Plus,DD1-DOM,Martin,24ZSS2043069347Q,GAS404798,TRUE,Monthly,3/27/2026 11:19:00,76788,0,981,12/31/2026 0:00:00,Post,Quarterly,4/30/2026 0:00:00,264.96,0,Bank transfer,FALSE,0,FALSE,251.75,FALSE,,,,FALSE,FALSE,TRUE,5,2,0,3/22/2026 9:46:00,Tariff consultation,4,3,FALSE,FALSE,FALSE,FALSE,3,0,14572.8,SMS,Martin,03601,51,493200,neziskova organizacia,FALSE
c30401ac-f6a5-457a-8225-8a67238f87e5,natalia.kovac455@example.sk,10948392,BB-555-492,,FALSE,6/11/2023 22:47:00,6/11/2023 22:47:00,Household,Standard household,Electricity + Gas,Firma Energia Plus,VS-ELE,Banska Bystrica,24ZSS9150245121P,ELM744712,FALSE,Quarterly,4/14/2026 10:43:00,31120,7327,1921,12/31/2026 0:00:00,Email,Monthly,4/30/2026 0:00:00,173.05,158,Bank transfer,FALSE,2,FALSE,143.81,FALSE,,,,FALSE,FALSE,TRUE,0,2,0,,Contact support,7,8,FALSE,TRUE,FALSE,FALSE,0,9,11940.45,Email,Banska Bystrica,97401,,,,FALSE
34c03d0b-b73b-4819-8e97-4e9f21e33eb3,samuel.polak456@firma.sk,22595456,TX-556-428,ADM-878-487,TRUE,7/11/2023 19:09:00,7/11/2023 19:09:00,Business,Retail services,Gas,Plyn Komfort,DD2-DOM,Trencin,24ZSS5673175826Q,GAS594834,TRUE,Monthly,3/16/2026 2:58:00,160036,0,1904,12/31/2026 0:00:00,Email,Monthly,4/30/2026 0:00:00,299.72,0,Card,FALSE,0,FALSE,325.55,TRUE,5/11/2026 23:31:00,"eZona web, mobile web",iOS,TRUE,FALSE,TRUE,0,2,3,11/12/2025 0:29:00,Contact support,0,6,FALSE,FALSE,FALSE,TRUE,1,5,13187.68,Phone,Trencin,91101,51,551000,zivnostnik,TRUE
a19b06af-b868-4015-9cf0-7d1c6bf83f21,daniel.simekova457@post.sk,18846417,TX-557-999,,FALSE,1/29/2018 6:49:00,1/29/2018 6:49:00,Household,Solar interest,Gas,Firma Plyn Plus,DD2-DOM,Trencin,24ZSS8576692266Q,GAS760113,FALSE,Annual,5/2/2026 15:32:00,30801,0,442,12/31/2026 0:00:00,Email,Monthly,4/30/2026 0:00:00,43.31,0,Postal order,FALSE,1,FALSE,46.82,TRUE,6/20/2025 8:08:00,"eZona web, mobile web",Android,TRUE,FALSE,TRUE,0,0,1,,Deposit change,7,4,FALSE,TRUE,TRUE,FALSE,1,2,1689.09,eZona message,Trencin,91101,,,,FALSE
0e0d092a-1715-47fb-8f2a-66c582deb69b,juraj.horvath458@example.sk,10578341,ZX-558-105,,FALSE,8/26/2020 3:03:00,8/26/2020 3:03:00,Household,Green energy,Electricity,Elektrina Online,DMP1-PLYN,Zvolen,24ZSS4929303224M,ELM599737,TRUE,Monthly,5/6/2026 8:10:00,38016,2262,0,12/31/2026 0:00:00,Email,Monthly,4/30/2026 0:00:00,43.43,0,Direct debit,TRUE,0,FALSE,41.46,TRUE,2/6/2026 4:16:00,mobile web,,TRUE,TRUE,FALSE,5,0,1,2/28/2025 1:23:00,Contact support,5,4,FALSE,FALSE,TRUE,TRUE,1,5,1389.76,Email,Zvolen,96001,,,,TRUE
db55249d-570b-4a81-b577-156b37d1d73c,michal.varga459@municipal.sk,28648590,ZX-559-411,ADM-494-362,FALSE,7/24/2025 6:22:00,7/24/2025 6:22:00,Business,Small business,Electricity + Gas,Duo Komfort,VS-ELE,Zilina,24ZSS5874198885Q,ELM811354,TRUE,Monthly,3/11/2026 14:46:00,198345,13697,9640,12/31/2026 0:00:00,Email,Quarterly,4/30/2026 0:00:00,691.8,976.95,Direct debit,FALSE,1,TRUE,687.62,TRUE,4/17/2025 18:09:00,mobile web,iOS,TRUE,FALSE,FALSE,1,2,0,4/6/2026 8:45:00,Solar consultation,6,3,FALSE,TRUE,FALSE,TRUE,1,3,17986.8,SMS,Zilina,01001,58,551000,a.s.,FALSE
e2d26bed-18c7-4610-8f82-f5b37337a976,katarina.kovac460@gmail.com,18513561,PX-560-444,,FALSE,12/9/2023 7:40:00,12/9/2023 7:40:00,Household,Price sensitive,Electricity,Verejna Sprava Elektrina,DMP1-PLYN,Prievidza,24ZSS7417609194P,ELM869891,FALSE,Annual,4/7/2026 18:43:00,28145,2861,0,12/31/2026 0:00:00,Email,Quarterly,4/30/2026 0:00:00,18.54,21.68,Direct debit,TRUE,1,FALSE,18.13,TRUE,2/1/2025 15:35:00,"eZona web, API",Android,FALSE,TRUE,TRUE,1,3,0,8/3/2025 0:49:00,Contact support,4,3,FALSE,FALSE,FALSE,TRUE,1,7,1297.8,SMS,Prievidza,97101,,,,TRUE
64fadf33-c909-4412-9e0a-3f8b9a6ea6eb,monika.tothova461@gmail.com,16019605,CX-561-545,,FALSE,4/21/2021 4:51:00,4/21/2021 4:51:00,Household,Green energy,Electricity + Gas,Online Domov Duo,DD1-DOM,Cadca,24ZSS1966446697Q,ELM275814,TRUE,Monthly,3/13/2026 9:46:00,7575,3768,1495,12/31/2026 0:00:00,Post,Annual,4/30/2026 0:00:00,146.94,304.82,Direct debit,TRUE,1,FALSE,144.16,TRUE,5/27/2025 5:48:00,mobile web,Android,FALSE,FALSE,TRUE,3,1,0,5/15/2025 11:17:00,Complaint,0,5,FALSE,FALSE,TRUE,FALSE,1,5,10138.86,SMS,Cadca,02201,,,,TRUE
e91a8790-ac26-4f20-a672-1d0c38fd16fa,marek.gregorova462@example-business.sk,27026020,PX-562-564,,FALSE,5/25/2018 7:23:00,5/25/2018 7:23:00,Business,Public sector,Electricity,Verejna Sprava Elektrina,DMP1-PLYN,Poprad,24ZSS2471120975M,ELM706294,TRUE,Monthly,3/9/2026 7:24:00,174358,91779,0,12/31/2026 0:00:00,Email,Monthly,4/30/2026 0:00:00,82.44,17.6,Card,FALSE,0,FALSE,81.56,TRUE,1/11/2026 0:44:00,"eZona web, mobile web",iOS,FALSE,FALSE,FALSE,2,1,0,8/16/2025 16:12:00,Deposit change,0,10,FALSE,FALSE,TRUE,TRUE,1,4,1566.36,eZona message,Poprad,05801,55,682000,a.s.,TRUE
23e729d3-dbaa-4f4b-94f3-248d2cc6df06,veronika.kovac463@energia-client.sk,25587640,PX-563-667,,FALSE,4/17/2019 18:13:00,4/17/2019 18:13:00,Business,Hospitality,Gas,Plyn Domov,DD1-DOM,Poprad,24ZSS7038236615M,GAS369161,TRUE,Monthly,4/10/2026 21:37:00,197081,0,3187,12/31/2026 0:00:00,Email,Quarterly,4/30/2026 0:00:00,256.28,457.8,Postal order,FALSE,3,TRUE,246.97,FALSE,,,,TRUE,FALSE,FALSE,3,0,2,7/31/2025 15:21:00,Deposit change,0,1,TRUE,FALSE,TRUE,FALSE,1,4,6663.28,eZona message,Poprad,05801,32,852000,obec,FALSE
eb72134d-e062-46d2-893a-3fbbc6d0d47f,andrea.gregorova464@example-business.sk,24110951,ZX-564-100,ADM-503-403,TRUE,11/18/2023 16:50:00,11/18/2023 16:50:00,Business,Industrial,Electricity + Gas,Online Domov Duo,DD1-DOM,Zvolen,24ZSS6035693730Q,ELM637244,FALSE,Annual,3/26/2026 19:06:00,201090,79931,4640,12/31/2026 0:00:00,Post,Quarterly,4/30/2026 0:00:00,450.39,0,Direct debit,TRUE,0,FALSE,517.2,TRUE,11/21/2025 6:36:00,mobile web,,TRUE,TRUE,TRUE,1,1,1,,Meter reading,1,10,FALSE,FALSE,FALSE,FALSE,0,0,13061.31,SMS,Zvolen,96001,137,682000,a.s.,TRUE
72886059-d092-481e-8da6-0df69b4d17f1,monika.bartosova465@example.sk,19916069,TX-565-187,,FALSE,6/5/2022 17:35:00,6/5/2022 17:35:00,Household,High consumption,Gas,Firma Plyn Plus,DD5-SOLAR,Trencin,24ZSS7801197354Q,GAS513770,TRUE,Monthly,3/19/2026 11:42:00,46257,0,223,12/31/2026 0:00:00,Email,Monthly,4/30/2026 0:00:00,44.27,0,Direct debit,TRUE,1,FALSE,39.88,TRUE,3/31/2026 5:35:00,"eZona web, API",,TRUE,TRUE,TRUE,2,3,0,1/8/2025 15:20:00,Invoice copy,4,4,FALSE,FALSE,TRUE,TRUE,4,1,2169.23,SMS,Trencin,91101,,,,TRUE
8d8b036a-07ec-4074-9687-16d43c1db50a,lenka.marekova466@energia-client.sk,25420566,BB-566-523,,FALSE,12/10/2021 7:45:00,12/10/2021 7:45:00,Business,Hospitality,Gas,Plyn Komfort,DD2-DOM,Banska Bystrica,24ZSS8537963531Q,GAS728360,FALSE,Annual,3/12/2026 4:04:00,47898,0,4769,12/31/2026 0:00:00,Email,Quarterly,4/30/2026 0:00:00,303.3,0,Direct debit,FALSE,1,FALSE,322.15,TRUE,2/24/2026 12:05:00,"eZona web, API",iOS,TRUE,TRUE,FALSE,1,2,0,1/11/2026 10:40:00,Solar consultation,6,2,FALSE,FALSE,FALSE,TRUE,0,7,19411.2,Email,Banska Bystrica,97401,16,852000,s.r.o.,TRUE
33f3b167-a8fc-4fc3-923f-d5c3a2e63003,monika.kollarova467@post.sk,13308309,RX-567-432,,FALSE,3/23/2023 23:36:00,3/23/2023 23:36:00,Household,Standard household,Electricity + Gas,Duo Komfort,DD1-DOM,Ruzomberok,24ZSS6820230427K,ELM324919,FALSE,Quarterly,4/7/2026 14:34:00,45261,8428,312,12/31/2026 0:00:00,Email,Quarterly,4/30/2026 0:00:00,75.76,195.53,Direct debit,TRUE,1,TRUE,83.54,TRUE,5/24/2025 12:18:00,eZona web,Android,FALSE,FALSE,TRUE,5,0,0,2/9/2025 7:14:00,Meter reading,4,9,FALSE,FALSE,FALSE,TRUE,0,7,5151.68,SMS,Ruzomberok,03401,,,,TRUE
f3bdd3c7-0d21-4b74-825f-8dcb904f8ca8,zuzana.balaz468@firma.sk,23962324,BB-568-466,,TRUE,11/18/2018 6:09:00,11/18/2018 6:09:00,Business,Public sector,Electricity + Gas,Firma Energia Plus,DD5-SOLAR,Banska Bystrica,24ZSS6029069759P,ELM175583,TRUE,Monthly,3/3/2026 4:39:00,189107,77909,6037,12/31/2026 0:00:00,Email,Monthly,4/30/2026 0:00:00,433.84,344.97,Direct debit,TRUE,0,FALSE,492.41,TRUE,1/4/2026 7:25:00,"eZona web, mobile web",,FALSE,FALSE,TRUE,0,0,0,9/9/2025 10:05:00,Tariff consultation,7,10,FALSE,FALSE,FALSE,TRUE,0,5,14316.72,Phone,Banska Bystrica,97401,13,493200,obec,TRUE
3abee419-23ee-4441-a06e-65b4ae9c38c6,katarina.novakova469@azet.sk,12277604,TX-569-255,,FALSE,1/11/2026 13:06:00,1/11/2026 13:06:00,Household,Green energy,Electricity,Elektrina Domov,VS-ELE,Trencin,24ZSS1541422981M,ELM791085,FALSE,Annual,3/7/2026 12:58:00,2853,6286,0,12/31/2026 0:00:00,Email,Annual,4/30/2026 0:00:00,73.19,0,Direct debit,TRUE,0,FALSE,80.04,FALSE,,,,TRUE,FALSE,TRUE,4,3,3,5/29/2025 22:44:00,Deposit change,0,10,FALSE,FALSE,TRUE,FALSE,1,6,1902.94,Email,Trencin,91101,,,,FALSE
397057c6-5518-4019-a604-360e5f88f22e,lenka.halas470@gmail.com,18222614,CX-570-964,,FALSE,2/4/2022 22:00:00,2/4/2022 22:00:00,Household,Standard household,Electricity + Gas,Duo Komfort,DD2-DOM,Cadca,24ZSS3427220684P,ELM212298,FALSE,Annual,3/7/2026 17:44:00,29491,5014,2172,12/31/2026 0:00:00,Email,Monthly,4/30/2026 0:00:00,169.41,0,Bank transfer,FALSE,1,FALSE,176.52,TRUE,3/26/2026 19:11:00,eZona web,iOS,TRUE,FALSE,TRUE,2,3,0,2/16/2026 20:04:00,Complaint,0,9,FALSE,FALSE,FALSE,TRUE,4,6,10842.24,Email,Cadca,02201,,,,TRUE
92dd31f4-7cda-4c62-b8d3-05c1ea9cfc03,monika.gregorova471@azet.sk,18289656,ZX-571-786,,FALSE,7/9/2025 4:32:00,7/9/2025 4:32:00,Household,High consumption,Gas,Firma Plyn Plus,DMP1-PLYN,Zvolen,24ZSS2003886168Q,GAS527374,FALSE,Quarterly,3/16/2026 20:59:00,6958,0,1743,12/31/2026 0:00:00,Post,Annual,4/30/2026 0:00:00,130.87,0,Direct debit,FALSE,4,FALSE,127.31,TRUE,3/3/2025 22:43:00,eZona web,,FALSE,TRUE,FALSE,2,2,0,2/24/2026 12:35:00,Move contract,1,5,FALSE,FALSE,FALSE,FALSE,0,9,7197.85,Phone,Zvolen,96001,,,,FALSE
cb70658d-f171-4436-b323-7979cac30817,jana.danko472@gmail.com,17328207,BB-572-566,,FALSE,8/5/2018 8:23:00,8/5/2018 8:23:00,Household,Standard household,Electricity,Verejna Sprava Elektrina,B2B-ELE,Banska Bystrica,24ZSS2579683968P,ELM496637,TRUE,Monthly,5/6/2026 0:25:00,45400,5094,0,12/31/2026 0:00:00,Email,Quarterly,4/30/2026 0:00:00,74.97,0,Direct debit,TRUE,0,FALSE,73.75,TRUE,11/15/2025 6:07:00,"eZona web, API",Android,TRUE,FALSE,FALSE,3,0,0,4/13/2026 9:22:00,Invoice copy,1,7,TRUE,FALSE,TRUE,TRUE,1,6,4948.02,Email,Banska Bystrica,97401,,,,TRUE
a565411f-c8fe-4fe7-a750-5093e3862cf5,monika.polak473@post.sk,12583047,ZX-573-772,,FALSE,3/8/2022 22:33:00,3/8/2022 22:33:00,Household,Digital household,Electricity,Elektrina Online,DD5-SOLAR,Zilina,24ZSS7380767832K,ELM726010,TRUE,Monthly,4/2/2026 22:29:00,33886,4802,0,12/31/2026 0:00:00,Post,Annual,4/30/2026 0:00:00,30.91,0,Card,FALSE,1,FALSE,32.34,FALSE,,,,TRUE,TRUE,TRUE,5,1,1,12/5/2025 17:52:00,Tariff consultation,2,5,FALSE,FALSE,FALSE,FALSE,1,5,1360.04,Email,Zilina,01001,,,,FALSE
acf9bcb6-1f37-4268-b562-740f1d300f99,daniel.horvath474@gmail.com,11152831,TX-574-950,,FALSE,2/2/2023 19:30:00,2/2/2023 19:30:00,Household,Digital household,Electricity + Gas,Online Domov Duo,DD1-DOM,Trencin,24ZSS3683533293K,ELM230418,TRUE,Monthly,4/6/2026 15:27:00,13913,5894,1455,12/31/2026 0:00:00,Email,Annual,4/30/2026 0:00:00,118.14,325.8,Direct debit,TRUE,1,FALSE,97.35,TRUE,4/9/2025 2:27:00,eZona web,,FALSE,FALSE,TRUE,5,2,2,5/25/2025 7:50:00,Move contract,1,10,FALSE,FALSE,FALSE,TRUE,1,6,6733.98,eZona message,Trencin,91101,,,,TRUE
e18fc07a-241e-413a-baf2-e6677cb94c4a,veronika.gregorova475@example-business.sk,28674019,PX-575-152,,FALSE,10/16/2018 13:14:00,10/16/2018 13:14:00,Business,Hospitality,Electricity,Firma Elektrina Plus,DMP1-PLYN,Poprad,24ZSS4179382858Q,ELM590705,FALSE,Quarterly,4/10/2026 8:57:00,20388,46367,0,12/31/2026 0:00:00,Post,Annual,4/30/2026 0:00:00,211.81,96.18,Bank transfer,FALSE,0,FALSE,232.56,FALSE,,,,FALSE,TRUE,TRUE,5,0,1,,Contact support,4,10,FALSE,FALSE,FALSE,FALSE,1,7,9107.83,eZona message,Poprad,05801,35,551000,a.s.,FALSE
8b947035-4bf9-456f-ba07-f45443b20ace,lenka.balaz476@gmail.com,14718075,TX-576-697,,FALSE,2/25/2022 1:43:00,2/25/2022 1:43:00,Household,Price sensitive,Electricity,Elektrina Online,B2B-ELE,Trencin,24ZSS8723241788K,ELM854571,TRUE,Monthly,3/7/2026 8:19:00,44428,5310,0,12/31/2026 0:00:00,Email,Quarterly,4/30/2026 0:00:00,36.01,0,Direct debit,TRUE,0,FALSE,35.18,TRUE,3/8/2025 21:28:00,mobile web,,FALSE,FALSE,TRUE,5,3,1,8/22/2025 22:11:00,Deposit change,3,8,FALSE,TRUE,FALSE,TRUE,1,3,1188.33,eZona message,Trencin,91101,,,,FALSE
1cccf16d-7ef5-491f-8adf-0dd1475e24e3,ivana.kovac477@gmail.com,14906519,CX-577-827,,FALSE,9/17/2023 15:48:00,9/17/2023 15:48:00,Household,Digital household,Gas,Plyn Domov,DD5-SOLAR,Cadca,24ZSS8311394829M,GAS179304,TRUE,Monthly,4/29/2026 17:05:00,33423,0,503,12/31/2026 0:00:00,Email,Monthly,4/30/2026 0:00:00,62.67,74.45,Direct debit,FALSE,1,TRUE,71.23,TRUE,1/26/2025 16:54:00,"eZona web, API",,FALSE,TRUE,TRUE,5,3,1,10/31/2025 5:21:00,Contact support,1,4,TRUE,FALSE,FALSE,TRUE,0,3,2318.79,Phone,Cadca,02201,,,,TRUE
cd83c504-fb95-4b8a-ae2f-e609360d18fa,michal.horvath478@example.sk,19175121,ZX-578-899,,FALSE,10/26/2019 3:05:00,10/26/2019 3:05:00,Household,High consumption,Electricity,Elektrina Online,DMP1-PLYN,Zilina,24ZSS6030680494M,ELM892103,FALSE,Quarterly,4/6/2026 14:35:00,44085,6619,0,12/31/2026 0:00:00,Email,Quarterly,4/30/2026 0:00:00,62.26,0,Bank transfer,FALSE,3,FALSE,55.18,TRUE,11/11/2025 6:36:00,"eZona web, API",Android,TRUE,FALSE,FALSE,4,3,1,3/13/2025 16:58:00,Move contract,5,9,FALSE,FALSE,FALSE,TRUE,1,3,2614.92,Phone,Zilina,01001,,,,TRUE
e6565bc9-bf30-4eed-a514-b81869415ea4,peter.lackova479@azet.sk,19257592,RX-579-322,,FALSE,9/21/2018 5:33:00,9/21/2018 5:33:00,Household,Standard household,Gas,Plyn Komfort,DD1-DOM,Ruzomberok,24ZSS3972802485P,GAS573137,TRUE,Monthly,3/14/2026 21:57:00,42179,0,2145,12/31/2026 0:00:00,Post,Annual,4/30/2026 0:00:00,174.98,437.86,Card,FALSE,1,TRUE,196.31,FALSE,,,,TRUE,TRUE,TRUE,1,1,1,12/21/2025 21:16:00,Complaint,6,4,FALSE,TRUE,FALSE,FALSE,1,4,11373.7,Email,Ruzomberok,03401,,,,FALSE
b1d16df1-8f1f-45fa-a280-8424c1a6ae47,zuzana.bartosova480@example.sk,11469933,MX-580-712,,FALSE,7/22/2024 12:04:00,7/22/2024 12:04:00,Household,High consumption,Gas,Plyn Domov,B2B-GAS,Martin,24ZSS5234180856K,GAS872484,FALSE,Annual,4/22/2026 18:52:00,39961,0,1487,12/31/2026 0:00:00,Post,Annual,4/30/2026 0:00:00,119.79,0,Postal order,FALSE,1,FALSE,137.54,FALSE,,,,FALSE,TRUE,FALSE,2,1,0,,Move contract,2,4,FALSE,FALSE,FALSE,FALSE,1,3,8505.09,SMS,Martin,03601,,,,FALSE
d2758c96-2985-4c13-8867-149b1e522b37,lenka.lackova481@example.sk,19444256,TX-581-487,,FALSE,2/8/2025 7:25:00,2/8/2025 7:25:00,Household,Standard household,Electricity + Gas,Online Domov Duo,B2B-ELE,Trencin,24ZSS8824410655M,ELM311423,FALSE,Annual,3/26/2026 7:40:00,20268,1636,470,12/31/2026 0:00:00,Email,Quarterly,4/30/2026 0:00:00,80.16,32.08,Direct debit,FALSE,0,FALSE,76.71,TRUE,1/3/2025 9:07:00,"eZona web, API",iOS,FALSE,FALSE,FALSE,4,0,1,,Tariff consultation,2,7,FALSE,FALSE,FALSE,TRUE,0,3,4649.28,Email,Trencin,91101,,,,TRUE
5b4b8355-4130-4cc9-a42a-dd46bf3a6d1c,monika.kollarova482@example.sk,14147815,RX-582-393,,FALSE,4/1/2021 6:43:00,4/1/2021 6:43:00,Household,Standard household,Electricity,Elektrina Domov,DD2-DOM,Ruzomberok,24ZSS9668285510Q,ELM468032,TRUE,Monthly,3/11/2026 23:04:00,18857,2054,0,12/31/2026 0:00:00,Email,Quarterly,4/30/2026 0:00:00,42.39,63.95,Card,FALSE,1,FALSE,48.25,TRUE,11/16/2025 3:34:00,eZona web,,TRUE,TRUE,TRUE,4,2,0,1/28/2025 3:47:00,Tariff consultation,3,7,FALSE,TRUE,FALSE,TRUE,0,4,2543.4,Email,Ruzomberok,03401,,,,TRUE
27d133e9-a438-45af-8132-ccdc5cdc8569,miroslav.marekova483@example.sk,19447490,CX-583-659,,FALSE,8/17/2018 15:40:00,8/17/2018 15:40:00,Household,Price sensitive,Electricity + Gas,Online Domov Duo,DMP1-PLYN,Cadca,24ZSS8280151831K,ELM431367,FALSE,Quarterly,5/5/2026 20:04:00,14995,1445,481,12/31/2026 0:00:00,Email,Quarterly,4/30/2026 0:00:00,52.73,0,Direct debit,TRUE,0,FALSE,61.79,TRUE,3/15/2026 14:28:00,eZona web,,FALSE,TRUE,TRUE,0,2,0,4/21/2025 11:25:00,Invoice copy,5,3,FALSE,FALSE,FALSE,TRUE,1,1,2952.88,eZona message,Cadca,02201,,,,TRUE
0e6c0066-b32c-4871-af01-f8f0a7bdd5e5,tomas.simon484@example-business.sk,27800300,ZX-584-603,,TRUE,1/10/2026 10:32:00,1/10/2026 10:32:00,Business,Retail services,Electricity,Firma Elektrina Plus,DD1-DOM,Zvolen,24ZSS4809487984Q,ELM582426,FALSE,Quarterly,4/10/2026 22:11:00,7388,75631,0,12/31/2026 0:00:00,Email,Monthly,4/30/2026 0:00:00,114.37,0,Card,FALSE,0,FALSE,94.62,TRUE,4/13/2025 19:26:00,eZona web,,FALSE,TRUE,FALSE,1,3,1,,Solar consultation,3,10,FALSE,FALSE,TRUE,TRUE,1,6,7090.94,eZona message,Zvolen,96001,10,256200,a.s.,TRUE
81b9cb52-b23b-4558-b71c-0a970560c70d,simona.balaz485@azet.sk,19194882,PX-585-974,,FALSE,12/12/2022 0:48:00,12/12/2022 0:48:00,Household,Solar interest,Electricity,Elektrina Online,DD1-DOM,Poprad,24ZSS6868158657Q,ELM529097,TRUE,Monthly,3/25/2026 12:15:00,1859,2675,0,12/31/2026 0:00:00,Email,Monthly,4/30/2026 0:00:00,21.51,13.97,Bank transfer,FALSE,0,FALSE,24.15,TRUE,5/14/2025 6:31:00,eZona web,,TRUE,TRUE,TRUE,2,3,1,10/17/2025 21:15:00,Complaint,10,6,FALSE,FALSE,FALSE,TRUE,1,7,817.38,eZona message,Poprad,05801,,,,FALSE
797571f2-2881-471f-b09e-6a804a8511b2,lenka.urban486@post.sk,17974634,ZX-586-183,,FALSE,8/13/2022 6:43:00,8/13/2022 6:43:00,Household,Standard household,Gas,Firma Plyn Plus,DD1-DOM,Zvolen,24ZSS1942709306Q,GAS831826,TRUE,Monthly,4/19/2026 21:44:00,3581,0,1519,12/31/2026 0:00:00,Email,Quarterly,4/30/2026 0:00:00,107.55,0,Direct debit,FALSE,0,FALSE,89.97,TRUE,2/24/2026 9:51:00,eZona web,iOS,FALSE,FALSE,TRUE,4,1,0,6/30/2025 12:09:00,Contact support,2,5,FALSE,TRUE,FALSE,TRUE,1,4,2043.45,eZona message,Zvolen,96001,,,,TRUE
b0af38d4-a1e1-46ad-8e3c-057fca6cfb97,robert.simon487@energia-client.sk,22485021,PX-587-535,,TRUE,6/2/2025 10:21:00,6/2/2025 10:21:00,Business,Small business,Electricity,Verejna Sprava Elektrina,B2B-GAS,Prievidza,24ZSS1830491930K,ELM721921,TRUE,Monthly,3/14/2026 5:45:00,55628,39935,0,12/31/2026 0:00:00,Email,Annual,4/30/2026 0:00:00,124.59,182.86,Postal order,FALSE,1,TRUE,114.54,TRUE,1/17/2025 18:51:00,eZona web,,FALSE,FALSE,TRUE,3,1,1,,Invoice copy,1,6,TRUE,FALSE,FALSE,FALSE,0,6,2616.39,Phone,Prievidza,97101,14,471100,zivnostnik,TRUE
9eaefbd3-17e5-451e-b829-a143dc9ebdeb,samuel.halas488@azet.sk,12774786,TX-588-948,,FALSE,1/4/2018 4:08:00,1/4/2018 4:08:00,Household,Solar interest,Electricity,Elektrina Domov,B2B-DUO,Trencin,24ZSS6438501999Q,ELM950307,FALSE,Quarterly,4/6/2026 2:53:00,32076,3238,0,12/31/2026 0:00:00,Post,Annual,4/30/2026 0:00:00,36.62,0,Direct debit,TRUE,0,FALSE,39.16,FALSE,,,,TRUE,FALSE,TRUE,4,0,0,2/22/2025 10:18:00,Contact support,9,8,FALSE,FALSE,FALSE,FALSE,0,6,1464.8,eZona message,Trencin,91101,,,,FALSE
b0031f84-7d13-426f-bad9-3821cb5d1794,pavol.lackova489@example.sk,11233162,PX-589-812,,FALSE,2/28/2018 9:14:00,2/28/2018 9:14:00,Household,High consumption,Electricity + Gas,Online Domov Duo,B2B-GAS,Poprad,24ZSS5252505765Q,ELM971859,FALSE,Annual,3/15/2026 9:54:00,33567,4140,1196,12/31/2026 0:00:00,Post,Quarterly,4/30/2026 0:00:00,106.57,0,Direct debit,TRUE,0,FALSE,99.14,FALSE,,,,FALSE,FALSE,TRUE,1,3,0,,Invoice copy,2,9,FALSE,FALSE,FALSE,FALSE,1,2,3303.67,Phone,Poprad,05801,,,,FALSE
78d8d5e5-7f98-449d-b0ad-1f6976a0318c,andrea.tothova490@post.sk,11831584,PX-590-926,,FALSE,5/13/2020 14:51:00,5/13/2020 14:51:00,Household,Green energy,Electricity + Gas,Duo Komfort,DMP1-PLYN,Prievidza,24ZSS1170790508P,ELM205796,TRUE,Monthly,4/25/2026 4:12:00,22414,4211,1248,12/31/2026 0:00:00,Email,Annual,4/30/2026 0:00:00,114.44,0,Bank transfer,FALSE,1,FALSE,133,FALSE,,,,TRUE,FALSE,FALSE,5,1,1,3/5/2025 22:22:00,Meter reading,1,9,FALSE,FALSE,FALSE,FALSE,0,5,3547.64,SMS,Prievidza,97101,,,,FALSE
6557ffc0-1ed7-4f07-a923-6638c3ccb307,daniel.varga491@azet.sk,10361518,RX-591-286,,FALSE,5/7/2020 11:46:00,5/7/2020 11:46:00,Household,Solar interest,Electricity + Gas,Firma Energia Plus,VS-ELE,Ruzomberok,24ZSS1869818917Q,ELM407375,TRUE,Monthly,4/29/2026 19:45:00,11560,7078,552,12/31/2026 0:00:00,Email,Monthly,4/30/2026 0:00:00,89.7,0,Direct debit,TRUE,1,FALSE,102.84,TRUE,8/16/2025 13:16:00,eZona web,,TRUE,TRUE,TRUE,2,0,1,1/30/2025 14:22:00,Contact support,7,9,FALSE,FALSE,FALSE,TRUE,3,3,4126.2,SMS,Ruzomberok,03401,,,,FALSE
1bac37a9-09b6-4fc6-b844-6202cc5f32a4,natalia.horvath492@azet.sk,11876935,PX-592-481,,FALSE,7/10/2024 3:42:00,7/10/2024 3:42:00,Household,Standard household,Electricity,Elektrina Domov,DD1-DOM,Prievidza,24ZSS2687733929K,ELM446956,FALSE,Quarterly,5/5/2026 2:11:00,44256,7303,0,12/31/2026 0:00:00,Email,Monthly,4/30/2026 0:00:00,58.39,0,Postal order,FALSE,0,FALSE,66.66,TRUE,1/26/2025 22:13:00,eZona web,,FALSE,TRUE,TRUE,0,0,0,,Invoice copy,0,10,FALSE,FALSE,FALSE,FALSE,0,3,3678.57,Phone,Prievidza,97101,,,,TRUE
5fec40ba-13c9-48e5-8b6a-52cc091205a1,tomas.kral493@gmail.com,17822359,ZX-593-462,,FALSE,9/16/2019 22:58:00,9/16/2019 22:58:00,Household,Green energy,Gas,Plyn Domov,DD5-SOLAR,Zvolen,24ZSS2213394535K,GAS887206,TRUE,Monthly,3/30/2026 15:30:00,32704,0,2121,12/31/2026 0:00:00,Post,Annual,4/30/2026 0:00:00,175.66,0,Postal order,FALSE,0,FALSE,148.33,TRUE,3/23/2025 1:38:00,eZona web,,TRUE,TRUE,TRUE,5,3,0,3/26/2025 20:00:00,Tariff consultation,1,3,FALSE,TRUE,TRUE,FALSE,0,3,7202.06,eZona message,Zvolen,96001,,,,TRUE
545f897c-45fd-4837-a337-33ce95096e24,katarina.simon494@gmail.com,15024190,CX-594-152,,FALSE,12/3/2019 11:33:00,12/3/2019 11:33:00,Household,Price sensitive,Electricity,Elektrina Domov,B2B-ELE,Cadca,24ZSS8174884401Q,ELM415377,TRUE,Monthly,3/31/2026 9:40:00,10405,1318,0,12/31/2026 0:00:00,Email,Annual,4/30/2026 0:00:00,21.25,0,Direct debit,TRUE,5,FALSE,21.26,TRUE,2/8/2025 23:25:00,mobile web,Android,TRUE,FALSE,TRUE,3,3,0,,Move contract,1,7,FALSE,FALSE,FALSE,TRUE,1,5,1275,Email,Cadca,02201,,,,TRUE
f4577434-56a1-458e-8145-04a3fe076773,katarina.danko495@energia-client.sk,29217757,TX-595-320,,TRUE,10/29/2019 21:35:00,10/29/2019 21:35:00,Business,Public sector,Electricity,Verejna Sprava Elektrina,B2B-GAS,Trencin,24ZSS8530816795P,ELM349149,TRUE,Monthly,4/24/2026 0:20:00,46723,114434,0,12/31/2026 0:00:00,Email,Quarterly,4/30/2026 0:00:00,183.74,347,Direct debit,FALSE,2,FALSE,189.44,TRUE,12/27/2025 12:16:00,"eZona web, API",,TRUE,FALSE,TRUE,4,0,3,,Tariff consultation,3,10,FALSE,FALSE,FALSE,TRUE,1,3,12861.8,Phone,Trencin,91101,28,493200,s.r.o.,TRUE
ae81089a-40f0-4747-8c36-542247011d20,ivana.polak496@azet.sk,11509195,ZX-596-640,,FALSE,1/18/2020 3:04:00,1/18/2020 3:04:00,Household,High consumption,Electricity,Elektrina Domov,DMP1-PLYN,Zilina,24ZSS6415292904M,ELM188814,FALSE,Quarterly,3/21/2026 5:08:00,17063,7165,0,12/31/2026 0:00:00,Email,Quarterly,4/30/2026 0:00:00,66.36,58.47,Direct debit,TRUE,1,FALSE,69.04,TRUE,4/23/2025 8:42:00,"eZona web, API",,TRUE,FALSE,TRUE,4,2,1,,Meter reading,5,8,FALSE,FALSE,FALSE,TRUE,4,8,1260.84,Phone,Zilina,01001,,,,TRUE
f4fab122-c6dd-473f-8267-49f8e97b99bc,monika.marekova497@post.sk,18062239,LM-597-678,,FALSE,10/14/2024 11:18:00,10/14/2024 11:18:00,Household,Solar interest,Electricity,Firma Elektrina Plus,B2B-DUO,Liptovsky Mikulas,24ZSS4940005346Q,ELM645469,FALSE,Quarterly,3/16/2026 17:24:00,12543,5643,0,12/31/2026 0:00:00,Email,Quarterly,4/30/2026 0:00:00,76.07,0,Postal order,FALSE,0,FALSE,65.86,TRUE,2/3/2026 6:30:00,"eZona web, API",,TRUE,FALSE,TRUE,0,0,0,1/8/2026 6:22:00,Deposit change,10,8,FALSE,FALSE,TRUE,TRUE,0,4,2358.17,Phone,Liptovsky Mikulas,03101,,,,TRUE
65e7a4e0-2acf-406b-819b-c5e02d25f681,simona.kral498@azet.sk,14077709,PX-598-710,,FALSE,11/19/2018 6:03:00,11/19/2018 6:03:00,Household,Senior assisted,Electricity,Elektrina Online,DD2-DOM,Poprad,24ZSS7693467519Q,ELM636391,FALSE,Quarterly,3/28/2026 5:10:00,21948,8351,0,12/31/2026 0:00:00,Email,Annual,4/30/2026 0:00:00,67.59,0,Direct debit,TRUE,1,FALSE,55.8,TRUE,2/19/2026 4:25:00,mobile web,,TRUE,FALSE,TRUE,0,1,2,3/22/2026 19:34:00,Deposit change,2,10,FALSE,FALSE,FALSE,TRUE,1,5,4325.76,SMS,Poprad,05801,,,,TRUE
671931a4-fa54-491e-81da-c4d53b4b4400,katarina.kollarova499@post.sk,16478195,ZX-599-250,,FALSE,10/5/2020 23:36:00,10/5/2020 23:36:00,Household,Solar interest,Electricity,Elektrina Domov,B2B-DUO,Zvolen,24ZSS6285484590K,ELM486967,TRUE,Monthly,3/20/2026 2:37:00,16313,2925,0,12/31/2026 0:00:00,Post,Monthly,4/30/2026 0:00:00,22.56,57.57,Direct debit,TRUE,1,TRUE,23.87,FALSE,,,,FALSE,TRUE,TRUE,3,0,3,3/5/2025 15:59:00,Contact support,9,8,FALSE,FALSE,FALSE,FALSE,1,2,947.52,eZona message,Zvolen,96001,,,,FALSE
dc820807-e1e7-4f3b-8ded-eabf05d722c5,miroslav.varga500@energia-client.sk,24008807,RX-600-695,,FALSE,12/18/2019 16:52:00,12/18/2019 16:52:00,Business,SME multi-site,Gas,Firma Plyn Plus,B2B-ELE,Ruzomberok,24ZSS3489461501K,GAS475386,TRUE,Monthly,4/14/2026 20:38:00,99709,0,1327,12/31/2026 0:00:00,Email,Monthly,4/30/2026 0:00:00,231.99,0,Direct debit,FALSE,1,FALSE,214.15,FALSE,,,,FALSE,FALSE,TRUE,5,3,0,1/24/2026 1:17:00,Solar consultation,3,5,FALSE,FALSE,FALSE,FALSE,0,5,10439.55,eZona message,Ruzomberok,03401,37,861000,a.s.,FALSE
d732c87a-e1f1-4c65-88e3-6f00166bf12b,ivana.tothova501@gmail.com,12344277,PX-601-384,,FALSE,9/2/2024 14:53:00,9/2/2024 14:53:00,Household,Senior assisted,Electricity,Elektrina Domov,DMP1-PLYN,Prievidza,24ZSS2553857779P,ELM635759,TRUE,Monthly,4/5/2026 17:58:00,24096,4137,0,12/31/2026 0:00:00,Post,Annual,4/30/2026 0:00:00,55.79,0,Direct debit,TRUE,0,FALSE,51.8,TRUE,1/28/2025 7:53:00,"eZona web, API",Android,TRUE,TRUE,FALSE,2,3,1,8/29/2025 21:04:00,Deposit change,7,5,FALSE,TRUE,FALSE,FALSE,1,2,3291.61,Phone,Prievidza,97101,,,,TRUE
1c4d99ee-5219-4cdd-89f1-33aad32800b3,veronika.tothova502@azet.sk,13071384,PX-602-623,,FALSE,7/20/2024 1:23:00,7/20/2024 1:23:00,Household,Solar interest,Electricity + Gas,Online Domov Duo,B2B-GAS,Poprad,24ZSS6311052909M,ELM959965,TRUE,Monthly,4/9/2026 9:55:00,45772,5780,1193,12/31/2026 0:00:00,Email,Monthly,4/30/2026 0:00:00,94.71,0,Direct debit,FALSE,1,FALSE,90.11,TRUE,4/4/2025 15:26:00,"eZona web, mobile web",,TRUE,FALSE,TRUE,3,3,0,,Invoice copy,7,10,FALSE,TRUE,FALSE,TRUE,1,2,1988.91,Email,Poprad,05801,,,,TRUE
d0c8e421-6dc2-41f7-b69b-193cb5a55c1d,simona.kovac503@gmail.com,17352824,TX-603-741,,FALSE,4/14/2019 11:54:00,4/14/2019 11:54:00,Household,Digital household,Electricity + Gas,Firma Energia Plus,B2B-GAS,Trencin,24ZSS4153548444Q,ELM681982,TRUE,Monthly,3/23/2026 1:35:00,45033,3004,1373,12/31/2026 0:00:00,Post,Annual,4/30/2026 0:00:00,94.09,0,Direct debit,TRUE,1,FALSE,109.55,TRUE,4/27/2025 3:12:00,"eZona web, API",Android,TRUE,FALSE,TRUE,5,3,1,,Deposit change,5,4,TRUE,TRUE,FALSE,FALSE,3,7,2446.34,Email,Trencin,91101,,,,TRUE
6fcb165b-235c-4609-99df-3af4cf996a85,miroslav.gregorova504@gmail.com,11651424,ZX-604-482,,FALSE,6/30/2024 20:12:00,6/30/2024 20:12:00,Household,High consumption,Electricity + Gas,Online Domov Duo,VS-ELE,Zvolen,24ZSS6396404194K,ELM466908,TRUE,Monthly,4/15/2026 16:03:00,13572,1723,141,12/31/2026 0:00:00,Post,Monthly,4/30/2026 0:00:00,59.08,160.74,Card,FALSE,1,FALSE,65.76,FALSE,,,,FALSE,FALSE,FALSE,4,0,1,2/8/2026 1:32:00,Solar consultation,0,4,FALSE,FALSE,FALSE,FALSE,0,3,1122.52,SMS,Zvolen,96001,,,,FALSE
5d6bceaa-7dd6-4966-9f18-7129c6882730,daniel.simon505@example-business.sk,23011603,LM-605-700,,TRUE,7/7/2021 6:18:00,7/7/2021 6:18:00,Business,Hospitality,Electricity,Verejna Sprava Elektrina,B2B-DUO,Liptovsky Mikulas,24ZSS1252858041P,ELM255815,TRUE,Monthly,3/4/2026 17:40:00,135188,54597,0,12/31/2026 0:00:00,Email,Quarterly,4/30/2026 0:00:00,90.37,0,Direct debit,FALSE,1,FALSE,101.77,TRUE,1/16/2026 0:21:00,mobile web,Android,TRUE,FALSE,TRUE,2,1,1,,Solar consultation,1,7,FALSE,TRUE,FALSE,TRUE,1,3,6145.16,eZona message,Liptovsky Mikulas,03101,35,620100,a.s.,TRUE
1a9580f4-bb52-473b-922d-93aa12a3ec2f,andrea.simon506@azet.sk,19852687,PX-606-260,,FALSE,6/5/2025 7:22:00,6/5/2025 7:22:00,Household,Digital household,Electricity + Gas,Firma Energia Plus,DD5-SOLAR,Prievidza,24ZSS8475932774P,ELM436909,FALSE,Quarterly,4/6/2026 3:15:00,12175,1591,1493,12/31/2026 0:00:00,Email,Annual,4/30/2026 0:00:00,145.42,0,Card,FALSE,0,FALSE,131.01,TRUE,8/26/2025 12:10:00,"eZona web, mobile web",,TRUE,TRUE,TRUE,3,3,1,7/2/2025 23:31:00,Meter reading,3,3,FALSE,FALSE,TRUE,TRUE,0,0,7998.1,eZona message,Prievidza,97101,,,,TRUE
16ef58bb-32af-4c23-82a8-528ef5d38993,juraj.marekova507@example.sk,16358081,MX-607-259,,FALSE,6/20/2018 5:01:00,6/20/2018 5:01:00,Household,Senior assisted,Electricity,Elektrina Domov,DD1-DOM,Martin,24ZSS3821418755K,ELM133420,TRUE,Monthly,4/17/2026 16:28:00,2032,5297,0,12/31/2026 0:00:00,Email,Annual,4/30/2026 0:00:00,71.01,89.93,Card,FALSE,1,FALSE,62.71,TRUE,3/1/2025 1:45:00,eZona web,,TRUE,FALSE,TRUE,2,1,0,8/8/2025 6:18:00,Invoice copy,7,5,FALSE,FALSE,FALSE,TRUE,1,6,1349.19,Email,Martin,03601,,,,TRUE
08adaec2-cf25-4e75-b0e2-b7b2615363bd,katarina.varga508@energia-client.sk,24667209,PX-608-392,,FALSE,8/9/2025 8:05:00,8/9/2025 8:05:00,Business,Public sector,Gas,Plyn Komfort,B2B-ELE,Poprad,24ZSS4009145718M,GAS490485,TRUE,Monthly,4/24/2026 23:05:00,213095,0,8169,12/31/2026 0:00:00,Email,Monthly,4/30/2026 0:00:00,509.3,1016.61,Postal order,FALSE,4,FALSE,600.27,TRUE,5/8/2025 1:24:00,mobile web,,TRUE,FALSE,TRUE,5,2,1,3/16/2025 15:14:00,Invoice copy,2,4,FALSE,FALSE,TRUE,TRUE,0,6,20372,eZona message,Poprad,05801,35,852000,zivnostnik,TRUE
5973a07c-73ab-49c1-b8df-c3884079bcab,peter.fedorova509@energia-client.sk,29083338,BB-609-501,ADM-653-621,TRUE,2/3/2023 12:18:00,2/3/2023 12:18:00,Business,Retail services,Electricity,Elektrina Online,VS-ELE,Banska Bystrica,24ZSS5815095348Q,ELM806787,TRUE,Monthly,3/13/2026 21:59:00,226333,110243,0,12/31/2026 0:00:00,Email,Monthly,4/30/2026 0:00:00,189.95,161.72,Card,FALSE,0,FALSE,166.85,FALSE,,,,FALSE,FALSE,TRUE,5,3,0,11/20/2025 14:52:00,Complaint,0,10,FALSE,FALSE,FALSE,FALSE,0,6,12156.8,Email,Banska Bystrica,97401,18,861000,s.r.o.,FALSE
7306457d-7e9d-4f40-89a1-f6506cacda3a,simona.lackova510@example.sk,18723756,MX-610-310,,FALSE,9/25/2019 23:44:00,9/25/2019 23:44:00,Household,Solar interest,Electricity + Gas,Duo Komfort,DD2-DOM,Martin,24ZSS9923001373P,ELM808647,FALSE,Annual,3/21/2026 18:29:00,17131,8954,1102,12/31/2026 0:00:00,Email,Quarterly,4/30/2026 0:00:00,127.31,0,Direct debit,TRUE,4,FALSE,117.41,FALSE,,,,FALSE,TRUE,TRUE,2,1,0,,Solar consultation,9,9,FALSE,FALSE,FALSE,FALSE,5,8,3946.61,SMS,Martin,03601,,,,FALSE
0f125737-a558-45fb-a63c-20cf3798d0f2,katarina.mikulas511@municipal.sk,27635879,PX-611-639,ADM-699-966,FALSE,3/5/2019 1:15:00,3/5/2019 1:15:00,Business,SME multi-site,Gas,Firma Plyn Plus,DD1-DOM,Poprad,24ZSS6934856664K,GAS559190,TRUE,Monthly,4/9/2026 11:25:00,103647,0,12561,12/31/2026 0:00:00,Email,Annual,4/30/2026 0:00:00,729.86,0,Direct debit,TRUE,1,FALSE,617.31,TRUE,7/21/2025 19:28:00,"eZona web, API",Android,TRUE,FALSE,FALSE,2,3,3,,Invoice copy,4,3,FALSE,FALSE,FALSE,TRUE,4,7,49630.48,Email,Poprad,05801,16,620100,neziskova organizacia,TRUE
d4126c40-90e7-4516-aa48-ea3fd13f96c8,samuel.novakova512@example.sk,12261243,PX-612-204,,FALSE,2/26/2023 20:43:00,2/26/2023 20:43:00,Household,Green energy,Gas,Plyn Komfort,DD5-SOLAR,Poprad,24ZSS8881691152M,GAS840759,FALSE,Annual,4/9/2026 14:20:00,30913,0,1636,12/31/2026 0:00:00,Email,Quarterly,4/30/2026 0:00:00,134.98,58.22,Direct debit,TRUE,1,FALSE,122.01,TRUE,11/12/2025 4:52:00,"eZona web, API",,FALSE,FALSE,FALSE,2,1,1,11/12/2025 15:16:00,Solar consultation,5,5,FALSE,FALSE,FALSE,TRUE,1,8,6749,Email,Poprad,05801,,,,TRUE
39ffea17-6c50-4848-aa38-b90dddb009ef,michal.simon513@energia-client.sk,29666404,CX-613-269,,TRUE,3/11/2019 16:53:00,3/11/2019 16:53:00,Business,Public sector,Gas,Plyn Komfort,DD1-DOM,Cadca,24ZSS4272071947P,GAS834212,FALSE,Annual,3/10/2026 8:10:00,58384,0,13707,12/31/2026 0:00:00,Email,Monthly,4/30/2026 0:00:00,968.89,0,Card,FALSE,0,FALSE,1100.62,TRUE,10/6/2025 12:31:00,"eZona web, mobile web",,FALSE,TRUE,TRUE,4,2,0,6/9/2025 3:12:00,Contact support,6,1,FALSE,TRUE,FALSE,TRUE,0,1,27128.92,eZona message,Cadca,02201,49,861000,zivnostnik,TRUE
50b0711e-efd9-4c1a-a202-e78ed8783eec,samuel.balaz514@azet.sk,18799995,PX-614-961,,FALSE,7/25/2023 8:14:00,7/25/2023 8:14:00,Household,Solar interest,Electricity + Gas,Duo Komfort,DD2-DOM,Poprad,24ZSS8610445036M,ELM718296,TRUE,Monthly,4/23/2026 8:21:00,46671,3649,877,12/31/2026 0:00:00,Post,Monthly,4/30/2026 0:00:00,66.93,55.2,Card,FALSE,0,FALSE,61.7,FALSE,,,,TRUE,TRUE,TRUE,0,2,1,,Deposit change,10,7,FALSE,FALSE,FALSE,FALSE,0,3,1874.04,Phone,Poprad,05801,,,,FALSE
a3b9d287-64fd-4ac6-a5fd-26cffc0b851b,andrea.lackova515@firma.sk,26674209,CX-615-477,ADM-936-537,TRUE,2/11/2019 9:52:00,2/11/2019 9:52:00,Business,Public sector,Electricity,Firma Elektrina Plus,DD5-SOLAR,Cadca,24ZSS8298621721K,ELM766981,TRUE,Monthly,3/4/2026 20:58:00,54381,71643,0,12/31/2026 0:00:00,Post,Annual,4/30/2026 0:00:00,219.61,172.45,Direct debit,TRUE,1,FALSE,193.32,TRUE,3/29/2026 8:06:00,eZona web,,FALSE,FALSE,FALSE,3,1,0,,Solar consultation,0,9,TRUE,FALSE,FALSE,FALSE,1,4,15372.7,SMS,Cadca,02201,2,471100,s.r.o.,TRUE
081cd77d-112c-43b5-acbc-30debbd6e279,lenka.fedorova516@post.sk,10053301,LM-616-901,,FALSE,2/13/2024 18:31:00,2/13/2024 18:31:00,Household,Senior assisted,Gas,Firma Plyn Plus,B2B-GAS,Liptovsky Mikulas,24ZSS4269352718K,GAS909485,TRUE,Monthly,3/29/2026 17:38:00,43323,0,864,12/31/2026 0:00:00,Post,Monthly,4/30/2026 0:00:00,119.52,0,Direct debit,TRUE,3,FALSE,134.98,FALSE,,,,TRUE,FALSE,TRUE,2,2,0,9/26/2025 15:31:00,Invoice copy,1,5,TRUE,TRUE,TRUE,FALSE,1,7,3824.64,Email,Liptovsky Mikulas,03101,,,,FALSE
ee6cf428-ce68-44a0-8f5c-c9b4c9ffbe7e,katarina.tothova517@energia-client.sk,27544554,PX-617-205,,FALSE,5/19/2022 1:10:00,5/19/2022 1:10:00,Business,SME multi-site,Electricity,Firma Elektrina Plus,B2B-GAS,Poprad,24ZSS6217598805M,ELM634312,FALSE,Annual,3/4/2026 7:39:00,95286,25752,0,12/31/2026 0:00:00,Email,Monthly,4/30/2026 0:00:00,135.89,0,Postal order,FALSE,0,FALSE,113.95,TRUE,11/23/2025 2:09:00,"eZona web, API",Android,TRUE,TRUE,FALSE,1,3,1,4/9/2026 0:55:00,Contact support,6,3,FALSE,TRUE,FALSE,TRUE,1,3,6522.72,Phone,Poprad,05801,52,493200,a.s.,FALSE
e6ea9c17-6200-4564-9e79-5d6df9b93c71,pavol.kovac518@example-business.sk,29173376,CX-618-886,,FALSE,8/30/2020 2:17:00,8/30/2020 2:17:00,Business,Retail services,Electricity + Gas,Online Domov Duo,DMP1-PLYN,Cadca,24ZSS6452603193K,ELM249291,TRUE,Monthly,4/27/2026 2:56:00,163148,40777,1088,12/31/2026 0:00:00,Post,Monthly,4/30/2026 0:00:00,113.59,0,Bank transfer,FALSE,0,FALSE,121.7,FALSE,,,,FALSE,TRUE,FALSE,3,0,1,10/17/2025 18:59:00,Move contract,5,9,TRUE,FALSE,TRUE,FALSE,1,5,4997.96,eZona message,Cadca,02201,52,861000,obec,FALSE
3962bf0e-e9dc-4184-9f66-b65a565ffe42,ivana.gregorova519@gmail.com,16041040,ZX-619-914,,FALSE,4/17/2025 14:51:00,4/17/2025 14:51:00,Household,High consumption,Electricity,Elektrina Domov,DMP1-PLYN,Zilina,24ZSS8725527185P,ELM736603,TRUE,Monthly,4/8/2026 12:09:00,20430,8760,0,12/31/2026 0:00:00,Email,Monthly,4/30/2026 0:00:00,58.66,5.1,Postal order,FALSE,0,FALSE,54.14,TRUE,7/18/2025 0:55:00,eZona web,Android,FALSE,FALSE,FALSE,3,1,2,,Invoice copy,7,10,FALSE,FALSE,FALSE,TRUE,0,6,2053.1,eZona message,Zilina,01001,,,,TRUE
0a53e007-5d2a-4152-bfa0-a492133e92f5,michal.mikulas520@gmail.com,10126508,TX-620-838,,FALSE,10/8/2018 14:30:00,10/8/2018 14:30:00,Household,Solar interest,Electricity + Gas,Firma Energia Plus,DD2-DOM,Trencin,24ZSS7413434919M,ELM852678,TRUE,Monthly,3/12/2026 15:28:00,3543,8899,1665,12/31/2026 0:00:00,Email,Quarterly,4/30/2026 0:00:00,131.27,0,Direct debit,TRUE,0,FALSE,131.7,TRUE,8/11/2025 20:11:00,"eZona web, API",iOS,FALSE,FALSE,TRUE,4,2,0,,Move contract,8,9,FALSE,FALSE,FALSE,TRUE,0,3,7613.66,SMS,Trencin,91101,,,,TRUE
9267d426-58c1-40cc-a976-1f95c1a7ac44,peter.halas521@azet.sk,13162750,MX-621-192,,FALSE,6/20/2023 21:22:00,6/20/2023 21:22:00,Household,Standard household,Electricity + Gas,Online Domov Duo,B2B-ELE,Martin,24ZSS3335152265Q,ELM243923,TRUE,Monthly,4/30/2026 23:12:00,16641,1742,495,12/31/2026 0:00:00,Email,Monthly,4/30/2026 0:00:00,88.56,38.9,Direct debit,TRUE,2,FALSE,100.8,TRUE,4/20/2026 6:15:00,mobile web,,FALSE,FALSE,TRUE,4,3,1,4/24/2025 21:20:00,Solar consultation,0,4,FALSE,FALSE,FALSE,TRUE,1,5,5402.16,SMS,Martin,03601,,,,TRUE
4a3476d1-5950-4d11-ad51-3f9a2d796be6,michal.marekova522@gmail.com,16960883,PX-622-906,,FALSE,8/23/2020 7:52:00,8/23/2020 7:52:00,Household,Solar interest,Electricity,Elektrina Domov,DD2-DOM,Poprad,24ZSS4552857277Q,ELM211922,TRUE,Monthly,3/13/2026 20:39:00,12782,2862,0,12/31/2026 0:00:00,Email,Quarterly,4/30/2026 0:00:00,60.54,0,Card,FALSE,1,FALSE,50.17,FALSE,,,,TRUE,FALSE,TRUE,0,3,1,,Move contract,8,5,FALSE,FALSE,FALSE,FALSE,1,2,2905.92,eZona message,Poprad,05801,,,,FALSE
67cb804e-9ff2-4524-9e27-8c03510c8aaf,pavol.kollarova523@example.sk,16436873,MX-623-827,,FALSE,4/20/2019 8:46:00,4/20/2019 8:46:00,Household,Senior assisted,Electricity + Gas,Online Domov Duo,B2B-GAS,Martin,24ZSS2228998095M,ELM435086,TRUE,Monthly,4/28/2026 0:26:00,22862,3312,1500,12/31/2026 0:00:00,Email,Annual,4/30/2026 0:00:00,127.13,104.32,Bank transfer,FALSE,0,FALSE,139.45,TRUE,8/5/2025 12:12:00,"eZona web, API",,TRUE,TRUE,FALSE,2,3,1,4/6/2026 19:29:00,Solar consultation,6,9,FALSE,FALSE,FALSE,TRUE,0,1,4449.55,eZona message,Martin,03601,,,,TRUE
7176eb91-a880-4d5f-98f5-6b0b6a61cdeb,katarina.fedorova524@example.sk,17105873,LM-624-434,,FALSE,6/9/2025 0:44:00,6/9/2025 0:44:00,Household,Digital household,Gas,Plyn Domov,VS-ELE,Liptovsky Mikulas,24ZSS6036688336M,GAS307688,TRUE,Monthly,3/31/2026 16:06:00,36357,0,1885,12/31/2026 0:00:00,Post,Quarterly,4/30/2026 0:00:00,131.68,85.13,Bank transfer,FALSE,0,FALSE,110.17,FALSE,,,,TRUE,TRUE,TRUE,5,0,0,4/22/2025 1:51:00,Tariff consultation,3,4,FALSE,FALSE,FALSE,FALSE,0,4,7505.76,eZona message,Liptovsky Mikulas,03101,,,,FALSE
a7396315-1a96-404e-97fa-45c301892450,simona.balaz525@gmail.com,17177942,MX-625-548,,FALSE,3/2/2026 11:53:00,3/2/2026 11:53:00,Household,Standard household,Electricity + Gas,Firma Energia Plus,DD1-DOM,Martin,24ZSS7906965511K,ELM970899,TRUE,Monthly,3/7/2026 0:51:00,34583,4822,1510,12/31/2026 0:00:00,Email,Quarterly,4/30/2026 0:00:00,103.97,33.5,Direct debit,FALSE,0,FALSE,93.37,TRUE,6/23/2025 17:05:00,"eZona web, API",,TRUE,TRUE,FALSE,5,2,0,,Move contract,3,10,FALSE,FALSE,TRUE,TRUE,0,5,3431.01,Email,Martin,03601,,,,FALSE
385304df-53fb-4805-b11a-01a8530cdc63,juraj.polak526@gmail.com,17544463,MX-626-698,,FALSE,1/18/2022 4:48:00,1/18/2022 4:48:00,Household,High consumption,Gas,Plyn Domov,DD2-DOM,Martin,24ZSS9906551853K,GAS795775,FALSE,Annual,4/4/2026 9:15:00,26731,0,1939,12/31/2026 0:00:00,Email,Monthly,4/30/2026 0:00:00,180.65,80.21,Direct debit,TRUE,1,FALSE,190.87,TRUE,8/9/2025 20:48:00,eZona web,,FALSE,FALSE,TRUE,1,2,1,1/3/2025 8:25:00,Invoice copy,7,1,FALSE,FALSE,TRUE,TRUE,0,6,11922.9,SMS,Martin,03601,,,,TRUE
4ef9c23c-017f-4ed2-bda3-66de89810c47,marek.balaz527@azet.sk,13605367,ZX-627-344,,FALSE,12/16/2021 1:46:00,12/16/2021 1:46:00,Household,Digital household,Electricity + Gas,Firma Energia Plus,VS-ELE,Zvolen,24ZSS4403758377P,ELM114934,TRUE,Monthly,4/25/2026 2:34:00,7884,7405,2148,12/31/2026 0:00:00,Email,Monthly,4/30/2026 0:00:00,163.55,0,Bank transfer,FALSE,0,FALSE,187.95,TRUE,1/14/2026 21:08:00,"eZona web, mobile web",,TRUE,TRUE,TRUE,0,1,0,8/10/2025 2:23:00,Meter reading,3,10,FALSE,TRUE,FALSE,TRUE,4,0,10140.1,SMS,Zvolen,96001,,,,FALSE
7cb46fb2-39b2-47c0-8177-27b08fedca42,veronika.horvath528@municipal.sk,27663006,PX-628-481,ADM-276-414,FALSE,11/7/2019 8:58:00,11/7/2019 8:58:00,Business,SME multi-site,Electricity,Elektrina Online,VS-ELE,Poprad,24ZSS1230701436K,ELM382135,TRUE,Monthly,4/28/2026 12:11:00,9417,12472,0,12/31/2026 0:00:00,Email,Quarterly,4/30/2026 0:00:00,118.37,164.89,Direct debit,TRUE,1,TRUE,139.3,FALSE,,,,FALSE,FALSE,TRUE,4,1,1,2/4/2025 0:08:00,Invoice copy,4,2,FALSE,FALSE,FALSE,FALSE,1,5,7575.68,SMS,Poprad,05801,17,493200,s.r.o.,FALSE
959c890b-10a8-4dda-8ec3-71ddfbd28ae7,veronika.marekova529@azet.sk,16938564,RX-629-176,,FALSE,7/27/2021 12:17:00,7/27/2021 12:17:00,Household,High consumption,Gas,Plyn Komfort,DD5-SOLAR,Ruzomberok,24ZSS4838655817M,GAS766104,FALSE,Quarterly,3/31/2026 20:08:00,13066,0,142,12/31/2026 0:00:00,Post,Monthly,4/30/2026 0:00:00,65.81,0,Direct debit,FALSE,1,FALSE,72.32,TRUE,5/21/2025 16:13:00,"eZona web, mobile web",,TRUE,FALSE,FALSE,0,0,0,4/14/2025 21:28:00,Contact support,7,3,FALSE,FALSE,FALSE,FALSE,2,3,2105.92,SMS,Ruzomberok,03401,,,,FALSE
0182cd3f-1682-4f31-b4a4-e38adec6148d,juraj.novakova530@example.sk,13481195,MX-630-453,,FALSE,7/22/2018 1:47:00,7/22/2018 1:47:00,Household,Standard household,Gas,Plyn Domov,DD1-DOM,Martin,24ZSS6248133381Q,GAS283778,TRUE,Monthly,5/6/2026 9:48:00,7837,0,336,12/31/2026 0:00:00,Email,Quarterly,4/30/2026 0:00:00,38.48,0,Direct debit,TRUE,1,FALSE,43.73,TRUE,4/17/2026 9:49:00,eZona web,Android,TRUE,FALSE,FALSE,1,0,0,,Tariff consultation,0,2,FALSE,FALSE,FALSE,TRUE,0,5,923.52,SMS,Martin,03601,,,,TRUE
4cf3ec51-0abb-456b-beca-359c6d590a62,samuel.kollarova531@post.sk,17986491,PX-631-396,,FALSE,4/2/2025 7:10:00,4/2/2025 7:10:00,Household,Solar interest,Gas,Firma Plyn Plus,B2B-DUO,Prievidza,24ZSS4273908736K,GAS910330,TRUE,Monthly,3/2/2026 20:04:00,1835,0,1294,12/31/2026 0:00:00,Email,Quarterly,4/30/2026 0:00:00,136.17,13.48,Direct debit,TRUE,0,FALSE,113,TRUE,10/3/2025 16:28:00,eZona web,iOS,TRUE,TRUE,FALSE,5,1,0,,Contact support,9,4,FALSE,FALSE,FALSE,TRUE,0,6,8306.37,Phone,Prievidza,97101,,,,TRUE
9881f286-ed8d-46f5-bb1e-b3fe5cf4d3f9,jana.gregorova532@azet.sk,17799718,CX-632-334,,FALSE,2/20/2025 20:21:00,2/20/2025 20:21:00,Household,Standard household,Electricity + Gas,Duo Komfort,B2B-GAS,Cadca,24ZSS6211334200P,ELM668579,FALSE,Quarterly,3/14/2026 21:32:00,1907,6457,774,12/31/2026 0:00:00,Email,Monthly,4/30/2026 0:00:00,101.8,26.2,Direct debit,TRUE,0,FALSE,105.46,TRUE,8/10/2025 15:08:00,"eZona web, API",iOS,TRUE,FALSE,TRUE,3,2,1,12/15/2025 4:08:00,Invoice copy,2,6,FALSE,FALSE,FALSE,TRUE,0,6,2850.4,Email,Cadca,02201,,,,FALSE
d4097a28-fcfa-4438-b398-659247c40b99,zuzana.varga533@post.sk,19891826,RX-633-340,,FALSE,5/31/2025 1:40:00,5/31/2025 1:40:00,Household,High consumption,Gas,Plyn Domov,B2B-ELE,Ruzomberok,24ZSS7190919263P,GAS844276,FALSE,Annual,4/7/2026 12:20:00,10287,0,2160,12/31/2026 0:00:00,Post,Annual,4/30/2026 0:00:00,141.8,12.79,Direct debit,FALSE,0,FALSE,146.9,FALSE,,,,TRUE,TRUE,TRUE,0,3,1,3/23/2026 14:53:00,Solar consultation,3,2,FALSE,FALSE,FALSE,FALSE,1,4,4254,Phone,Ruzomberok,03401,,,,FALSE
a0c8e96f-d46e-4a35-8353-b3fecdcde9e5,zuzana.gregorova534@firma.sk,29372856,ZX-634-806,,FALSE,12/20/2019 20:16:00,12/20/2019 20:16:00,Business,Industrial,Electricity,Verejna Sprava Elektrina,DMP1-PLYN,Zilina,24ZSS1952481282M,ELM653380,FALSE,Annual,3/13/2026 2:35:00,211792,49628,0,12/31/2026 0:00:00,Email,Quarterly,4/30/2026 0:00:00,100.43,91.16,Bank transfer,FALSE,0,FALSE,99.82,TRUE,10/24/2025 17:50:00,"eZona web, API",Android,TRUE,FALSE,FALSE,4,2,0,3/23/2026 19:42:00,Invoice copy,7,8,FALSE,FALSE,FALSE,TRUE,0,1,6427.52,eZona message,Zilina,01001,209,551000,neziskova organizacia,TRUE
f8476392-6f6f-4e34-8453-9766e12bd394,ivana.gregorova535@example.sk,18688155,PX-635-661,,FALSE,11/16/2022 4:06:00,11/16/2022 4:06:00,Household,Digital household,Gas,Plyn Komfort,DD1-DOM,Prievidza,24ZSS3706219667K,GAS860044,TRUE,Monthly,5/3/2026 18:23:00,14137,0,949,12/31/2026 0:00:00,Email,Annual,4/30/2026 0:00:00,76.19,0,Direct debit,TRUE,0,FALSE,74.93,TRUE,4/15/2026 11:02:00,mobile web,,TRUE,TRUE,FALSE,1,3,0,,Deposit change,6,5,FALSE,FALSE,FALSE,TRUE,1,2,5485.68,Email,Prievidza,97101,,,,FALSE
884d37b6-b379-458c-b41b-e12a09eee7da,peter.danko536@example.sk,18171468,CX-636-701,,FALSE,3/1/2020 21:48:00,3/1/2020 21:48:00,Household,Senior assisted,Electricity,Elektrina Domov,B2B-ELE,Cadca,24ZSS2511120395K,ELM493588,FALSE,Annual,3/19/2026 6:36:00,5178,6364,0,12/31/2026 0:00:00,Post,Quarterly,4/30/2026 0:00:00,66.21,0,Bank transfer,FALSE,1,FALSE,63.79,FALSE,,,,FALSE,TRUE,TRUE,0,2,0,5/20/2025 7:56:00,Deposit change,6,8,FALSE,FALSE,FALSE,FALSE,3,2,4568.49,Phone,Cadca,02201,,,,FALSE
62059e9c-9029-4694-b456-b33fd1361e80,michal.marekova537@azet.sk,16461064,RX-637-135,,FALSE,2/6/2025 4:33:00,2/6/2025 4:33:00,Household,Digital household,Gas,Plyn Domov,DMP1-PLYN,Ruzomberok,24ZSS8972134731P,GAS132571,TRUE,Monthly,5/2/2026 4:06:00,27041,0,1742,12/31/2026 0:00:00,Email,Annual,4/30/2026 0:00:00,124.81,0,Postal order,FALSE,0,FALSE,131.71,TRUE,1/28/2025 22:52:00,"eZona web, mobile web",,TRUE,FALSE,TRUE,5,2,0,3/10/2025 3:00:00,Complaint,6,3,FALSE,FALSE,FALSE,TRUE,0,2,7863.03,SMS,Ruzomberok,03401,,,,FALSE
78e9fad3-1d6b-4aee-a275-95e6ad0db299,andrea.kollarova538@example.sk,17332988,TX-638-358,,FALSE,1/31/2018 21:34:00,1/31/2018 21:34:00,Household,Standard household,Electricity + Gas,Firma Energia Plus,B2B-DUO,Trencin,24ZSS2724559549Q,ELM935525,TRUE,Monthly,4/5/2026 4:24:00,2388,1393,166,12/31/2026 0:00:00,Email,Annual,4/30/2026 0:00:00,41.39,3.42,Direct debit,TRUE,0,FALSE,38,TRUE,9/6/2025 9:06:00,mobile web,,TRUE,FALSE,TRUE,2,0,0,10/16/2025 14:01:00,Solar consultation,6,2,FALSE,FALSE,TRUE,TRUE,0,3,1572.82,eZona message,Trencin,91101,,,,TRUE
c7678bc1-26f3-4d5a-b22b-88333e538365,pavol.kovac539@example.sk,10674422,BB-639-665,,FALSE,5/22/2019 14:44:00,5/22/2019 14:44:00,Household,Digital household,Electricity + Gas,Online Domov Duo,DD5-SOLAR,Banska Bystrica,24ZSS3743809034P,ELM235121,FALSE,Quarterly,4/8/2026 15:09:00,21292,8759,594,12/31/2026 0:00:00,Email,Quarterly,4/30/2026 0:00:00,102.33,106.76,Postal order,FALSE,1,FALSE,115.72,TRUE,3/28/2026 1:50:00,"eZona web, API",,TRUE,FALSE,FALSE,0,3,3,5/29/2025 5:14:00,Complaint,2,10,FALSE,FALSE,FALSE,TRUE,1,7,3172.23,SMS,Banska Bystrica,97401,,,,TRUE
679b1489-bebd-4341-91f7-b69e0a5e65da,natalia.varga540@gmail.com,17434101,ZX-640-220,,FALSE,5/26/2025 8:54:00,5/26/2025 8:54:00,Household,Digital household,Electricity,Elektrina Online,B2B-ELE,Zilina,24ZSS3916325404P,ELM567446,TRUE,Monthly,4/9/2026 6:33:00,35837,3746,0,12/31/2026 0:00:00,Email,Quarterly,4/30/2026 0:00:00,49.71,101.4,Postal order,FALSE,1,FALSE,49.05,TRUE,3/19/2025 9:22:00,"eZona web, API",Android,FALSE,TRUE,FALSE,3,1,1,9/28/2025 11:44:00,Complaint,1,4,FALSE,FALSE,FALSE,TRUE,1,3,3032.31,SMS,Zilina,01001,,,,FALSE
0e8fc1f2-b9bb-4b50-8f53-d7fc0a826955,lenka.kral541@energia-client.sk,25494160,PX-641-868,ADM-605-658,TRUE,2/17/2023 0:11:00,2/17/2023 0:11:00,Business,Retail services,Gas,Plyn Komfort,B2B-DUO,Prievidza,24ZSS5556984283P,GAS862011,FALSE,Annual,4/20/2026 19:12:00,59422,0,10355,12/31/2026 0:00:00,Email,Annual,4/30/2026 0:00:00,714.53,1551.33,Card,FALSE,1,TRUE,692.56,TRUE,1/16/2025 5:21:00,mobile web,Android,TRUE,FALSE,TRUE,2,3,1,1/23/2026 11:02:00,Move contract,4,4,FALSE,FALSE,FALSE,TRUE,1,2,21435.9,Email,Prievidza,97101,58,256200,a.s.,FALSE
a133f22e-46bd-4910-82c8-d51156a53a2a,veronika.varga542@energia-client.sk,22856932,RX-642-444,,TRUE,5/26/2021 13:50:00,5/26/2021 13:50:00,Business,Hospitality,Gas,Plyn Komfort,VS-ELE,Ruzomberok,24ZSS2734904006M,GAS984172,TRUE,Monthly,5/2/2026 14:35:00,136061,0,929,12/31/2026 0:00:00,Email,Quarterly,4/30/2026 0:00:00,290.1,237.41,Direct debit,FALSE,0,FALSE,340.34,TRUE,4/30/2026 21:25:00,mobile web,,FALSE,TRUE,TRUE,2,2,1,3/29/2026 10:31:00,Move contract,5,4,FALSE,FALSE,TRUE,TRUE,1,5,14505,SMS,Ruzomberok,03401,44,620100,neziskova organizacia,TRUE
78931383-392d-47c0-b3b6-7fb4b3d401c2,andrea.halas543@gmail.com,16082180,LM-643-350,,FALSE,11/27/2024 20:48:00,11/27/2024 20:48:00,Household,Solar interest,Electricity + Gas,Duo Komfort,B2B-DUO,Liptovsky Mikulas,24ZSS4688906876K,ELM117546,TRUE,Monthly,4/8/2026 0:14:00,15714,8014,1485,12/31/2026 0:00:00,Email,Quarterly,4/30/2026 0:00:00,115.2,0,Direct debit,TRUE,0,FALSE,132.78,TRUE,3/19/2025 23:00:00,mobile web,,FALSE,TRUE,TRUE,5,1,2,,Meter reading,10,10,FALSE,FALSE,FALSE,TRUE,1,5,2188.8,SMS,Liptovsky Mikulas,03101,,,,TRUE
7f6f6429-15b5-406b-9993-1e28409a406f,zuzana.lackova544@example-business.sk,27029414,TX-644-931,ADM-161-708,FALSE,9/9/2023 22:27:00,9/9/2023 22:27:00,Business,Public sector,Electricity,Elektrina Online,DMP1-PLYN,Trencin,24ZSS2878101604Q,ELM530376,FALSE,Quarterly,4/2/2026 3:56:00,150129,89344,0,12/31/2026 0:00:00,Email,Annual,4/30/2026 0:00:00,51.98,0,Direct debit,TRUE,1,FALSE,48.65,FALSE,,,,FALSE,FALSE,TRUE,3,3,0,,Deposit change,3,10,TRUE,FALSE,FALSE,FALSE,1,4,3430.68,Email,Trencin,91101,49,861000,neziskova organizacia,FALSE
b49590f6-870e-4b75-8b65-0c2b932456d7,katarina.lackova545@gmail.com,19678214,ZX-645-328,,FALSE,4/3/2020 14:43:00,4/3/2020 14:43:00,Household,High consumption,Gas,Plyn Komfort,B2B-GAS,Zilina,24ZSS2883131764P,GAS113891,FALSE,Annual,5/10/2026 10:33:00,46947,0,1673,12/31/2026 0:00:00,Email,Monthly,4/30/2026 0:00:00,114.02,112,Card,FALSE,0,FALSE,98.93,TRUE,10/25/2025 9:29:00,"eZona web, API",,TRUE,TRUE,FALSE,5,0,0,7/4/2025 14:46:00,Invoice copy,3,6,FALSE,TRUE,FALSE,TRUE,1,5,3078.54,eZona message,Zilina,01001,,,,TRUE
81d90883-ff1e-4a6a-a5e5-fc485cc9b452,samuel.kollarova546@firma.sk,29871994,TX-646-959,,TRUE,7/18/2021 17:50:00,7/18/2021 17:50:00,Business,Small business,Gas,Plyn Komfort,VS-ELE,Trencin,24ZSS7711885097K,GAS555442,FALSE,Quarterly,3/20/2026 7:29:00,122200,0,6589,12/31/2026 0:00:00,Email,Annual,4/30/2026 0:00:00,606.4,0,Card,FALSE,0,FALSE,639,TRUE,5/12/2025 10:44:00,"eZona web, API",Android,TRUE,FALSE,TRUE,0,1,1,,Tariff consultation,4,2,TRUE,TRUE,FALSE,FALSE,0,6,42448,SMS,Trencin,91101,38,493200,obec,FALSE
b0354c58-9401-4b61-b85e-a038fdea88f8,monika.balaz547@firma.sk,21909228,TX-647-540,,FALSE,2/28/2023 9:58:00,2/28/2023 9:58:00,Business,Industrial,Electricity + Gas,Firma Energia Plus,DD5-SOLAR,Trencin,24ZSS1960055682Q,ELM727424,TRUE,Monthly,4/9/2026 21:11:00,172867,55790,6615,12/31/2026 0:00:00,Email,Quarterly,4/30/2026 0:00:00,466.43,355.93,Card,FALSE,0,FALSE,514.1,FALSE,,,,TRUE,TRUE,FALSE,4,1,1,5/26/2025 2:50:00,Contact support,0,10,TRUE,FALSE,FALSE,FALSE,1,4,18190.77,SMS,Trencin,91101,81,682000,s.r.o.,FALSE
cd7667cc-3a2c-4683-9c55-561607a5ee18,lenka.balaz548@example-business.sk,21831076,TX-648-155,,FALSE,3/22/2026 22:55:00,3/22/2026 22:55:00,Business,SME multi-site,Electricity + Gas,Online Domov Duo,DD5-SOLAR,Trencin,24ZSS8579379241Q,ELM681267,TRUE,Monthly,4/4/2026 8:53:00,41834,84686,13237,12/31/2026 0:00:00,Email,Annual,4/30/2026 0:00:00,992.13,0,Direct debit,TRUE,0,FALSE,853.96,TRUE,1/31/2026 19:30:00,mobile web,iOS,TRUE,FALSE,TRUE,5,1,1,,Tariff consultation,4,10,FALSE,FALSE,FALSE,FALSE,1,5,19842.6,Phone,Trencin,91101,33,682000,obec,TRUE
2e66883b-7d5e-4884-a85e-cc119dd23a60,tomas.polak549@example.sk,13784774,CX-649-272,,FALSE,12/24/2020 20:43:00,12/24/2020 20:43:00,Household,Digital household,Gas,Firma Plyn Plus,DD2-DOM,Cadca,24ZSS4478318909M,GAS424108,TRUE,Monthly,5/2/2026 4:10:00,16005,0,1791,12/31/2026 0:00:00,Email,Monthly,4/30/2026 0:00:00,139.51,0,Direct debit,TRUE,1,FALSE,153.21,TRUE,5/1/2026 5:25:00,"eZona web, mobile web",,FALSE,FALSE,TRUE,2,1,4,1/5/2025 3:04:00,Meter reading,4,3,FALSE,TRUE,FALSE,TRUE,0,2,3906.28,SMS,Cadca,02201,,,,TRUE
46b0b62c-2ad7-40f3-8ca4-d1d7f369b348,simona.danko550@gmail.com,13161418,BB-650-954,,FALSE,10/27/2024 9:35:00,10/27/2024 9:35:00,Household,Digital household,Gas,Plyn Komfort,B2B-GAS,Banska Bystrica,24ZSS6684549593M,GAS295687,FALSE,Annual,4/19/2026 15:32:00,26894,0,1108,12/31/2026 0:00:00,Email,Monthly,4/30/2026 0:00:00,85.94,0,Direct debit,TRUE,0,FALSE,86.38,TRUE,4/12/2026 10:16:00,"eZona web, API",,TRUE,TRUE,TRUE,1,3,0,2/8/2026 17:57:00,Tariff consultation,6,4,FALSE,FALSE,FALSE,FALSE,5,6,2234.44,eZona message,Banska Bystrica,97401,,,,TRUE
db9e549f-b6d5-47f1-8ed1-831e19aad415,zuzana.kovac551@gmail.com,19862942,TX-651-625,,FALSE,1/17/2020 3:43:00,1/17/2020 3:43:00,Household,Solar interest,Electricity + Gas,Duo Komfort,DD2-DOM,Trencin,24ZSS7968977712Q,ELM249287,FALSE,Annual,4/15/2026 20:29:00,40432,8105,905,12/31/2026 0:00:00,Email,Annual,4/30/2026 0:00:00,84.31,0,Direct debit,FALSE,1,FALSE,80.33,TRUE,4/2/2026 17:23:00,"eZona web, API",iOS,FALSE,TRUE,FALSE,0,1,0,7/15/2025 0:27:00,Solar consultation,10,10,FALSE,FALSE,FALSE,TRUE,0,5,3962.57,eZona message,Trencin,91101,,,,TRUE
856a42ea-3e26-4bcd-ac18-9e7f84903f9a,andrea.simekova552@example.sk,16112465,BB-652-637,,FALSE,3/16/2022 1:56:00,3/16/2022 1:56:00,Household,High consumption,Electricity,Firma Elektrina Plus,B2B-GAS,Banska Bystrica,24ZSS3953003847M,ELM681203,TRUE,Monthly,5/6/2026 15:13:00,18877,7763,0,12/31/2026 0:00:00,Email,Quarterly,4/30/2026 0:00:00,61.47,45.5,Card,FALSE,3,FALSE,54.65,TRUE,2/14/2026 9:17:00,"eZona web, API",,TRUE,FALSE,FALSE,1,2,0,6/14/2025 22:19:00,Contact support,0,8,TRUE,FALSE,FALSE,TRUE,1,10,1290.87,SMS,Banska Bystrica,97401,,,,TRUE
5b860bf3-aaf4-4ba0-85fd-208e0273d6b4,natalia.horvath553@example-business.sk,24024127,MX-653-511,,FALSE,6/22/2018 9:09:00,6/22/2018 9:09:00,Business,SME multi-site,Gas,Firma Plyn Plus,B2B-ELE,Martin,24ZSS5032938731M,GAS388380,TRUE,Monthly,3/6/2026 19:17:00,178772,0,11495,12/31/2026 0:00:00,Email,Annual,4/30/2026 0:00:00,807.23,0,Direct debit,FALSE,1,FALSE,809.58,TRUE,3/27/2026 1:55:00,"eZona web, mobile web",,TRUE,FALSE,FALSE,0,0,0,4/6/2026 16:55:00,Tariff consultation,3,3,TRUE,FALSE,FALSE,TRUE,1,1,25024.13,Email,Martin,03601,11,620100,a.s.,FALSE
074a3e9c-b0ef-40ac-82f9-5c9877af2c10,peter.fedorova554@azet.sk,15741617,ZX-654-599,,FALSE,1/4/2020 19:09:00,1/4/2020 19:09:00,Household,Standard household,Gas,Firma Plyn Plus,DD2-DOM,Zilina,24ZSS5307604896M,GAS172932,TRUE,Monthly,4/1/2026 19:02:00,34898,0,1819,12/31/2026 0:00:00,Email,Monthly,4/30/2026 0:00:00,161.05,0,Card,FALSE,0,FALSE,170.53,TRUE,10/10/2025 0:20:00,"eZona web, mobile web",iOS,TRUE,FALSE,TRUE,4,3,0,8/11/2025 19:40:00,Invoice copy,1,1,FALSE,FALSE,FALSE,TRUE,0,4,9663,Phone,Zilina,01001,,,,TRUE
10d50db2-ac21-4819-97b7-3a725ac6b377,monika.horvath555@azet.sk,15392624,PX-655-100,,FALSE,4/10/2024 15:38:00,4/10/2024 15:38:00,Household,Solar interest,Gas,Plyn Domov,DMP1-PLYN,Poprad,24ZSS1230130273M,GAS129774,TRUE,Monthly,4/26/2026 16:44:00,13393,0,1366,12/31/2026 0:00:00,Email,Quarterly,4/30/2026 0:00:00,104.13,249.21,Direct debit,TRUE,1,TRUE,91.97,TRUE,12/31/2025 9:38:00,eZona web,,FALSE,FALSE,FALSE,2,0,1,9/22/2025 16:45:00,Contact support,8,1,FALSE,FALSE,TRUE,TRUE,1,3,4477.59,Email,Poprad,05801,,,,TRUE
080eeda0-2049-4552-a14e-3299b58d0b6e,marek.tothova556@energia-client.sk,23917436,PX-656-516,,TRUE,2/23/2022 21:23:00,2/23/2022 21:23:00,Business,Hospitality,Gas,Firma Plyn Plus,VS-ELE,Poprad,24ZSS2438159226Q,GAS966101,FALSE,Quarterly,4/22/2026 14:31:00,122497,0,2581,12/31/2026 0:00:00,Email,Monthly,4/30/2026 0:00:00,227.96,0,Direct debit,TRUE,0,FALSE,248.74,TRUE,7/19/2025 11:40:00,mobile web,Android,FALSE,TRUE,TRUE,5,0,0,8/27/2025 12:12:00,Move contract,3,1,FALSE,FALSE,FALSE,TRUE,2,5,5243.08,eZona message,Poprad,05801,9,551000,neziskova organizacia,FALSE
af42453e-5c33-42f3-a6ef-8b7860a80475,robert.kollarova557@post.sk,16303966,LM-657-803,,FALSE,9/20/2023 23:27:00,9/20/2023 23:27:00,Household,Senior assisted,Electricity,Verejna Sprava Elektrina,B2B-ELE,Liptovsky Mikulas,24ZSS6969171042Q,ELM693962,FALSE,Annual,3/30/2026 20:03:00,6294,4620,0,12/31/2026 0:00:00,Post,Quarterly,4/30/2026 0:00:00,20.88,0,Postal order,FALSE,1,FALSE,23.74,FALSE,,,,TRUE,FALSE,TRUE,0,2,0,6/27/2025 9:02:00,Complaint,7,6,FALSE,FALSE,TRUE,FALSE,4,6,1273.68,Email,Liptovsky Mikulas,03101,,,,FALSE
0e64075c-ea9c-4145-935b-04a3e90e49f1,veronika.gregorova558@firma.sk,21012487,MX-658-634,,FALSE,2/5/2022 17:13:00,2/5/2022 17:13:00,Business,Industrial,Gas,Plyn Komfort,B2B-DUO,Martin,24ZSS4017086270K,GAS996441,FALSE,Quarterly,4/10/2026 7:06:00,133260,0,3716,12/31/2026 0:00:00,Email,Quarterly,4/30/2026 0:00:00,355.38,0,Direct debit,FALSE,0,FALSE,306.61,TRUE,4/7/2026 8:07:00,mobile web,Android,FALSE,TRUE,TRUE,2,2,0,,Deposit change,7,3,FALSE,FALSE,FALSE,TRUE,1,6,19901.28,Email,Martin,03601,174,861000,s.r.o.,TRUE
896da811-d6f4-4a58-a596-ea82d2a9952f,marek.halas559@post.sk,16844724,PX-659-472,,FALSE,10/28/2018 6:24:00,10/28/2018 6:24:00,Household,Solar interest,Electricity + Gas,Online Domov Duo,B2B-GAS,Poprad,24ZSS9661758019K,ELM288456,TRUE,Monthly,3/28/2026 13:31:00,12848,1532,753,12/31/2026 0:00:00,Email,Annual,4/30/2026 0:00:00,110.71,45.92,Direct debit,FALSE,0,FALSE,92.6,TRUE,8/25/2025 8:16:00,"eZona web, mobile web",iOS,FALSE,FALSE,TRUE,1,0,1,8/29/2025 8:09:00,Invoice copy,7,3,FALSE,FALSE,FALSE,TRUE,0,7,4649.82,eZona message,Poprad,05801,,,,TRUE
f25a8447-67c6-4467-8bd4-6495f19db698,tomas.bartosova560@energia-client.sk,23099416,RX-660-145,,TRUE,9/7/2023 18:11:00,9/7/2023 18:11:00,Business,Small business,Electricity,Elektrina Online,B2B-GAS,Ruzomberok,24ZSS2588563604M,ELM408744,FALSE,Annual,3/31/2026 10:50:00,199377,108809,0,12/31/2026 0:00:00,Email,Annual,4/30/2026 0:00:00,147.67,135.2,Direct debit,TRUE,0,FALSE,142.52,TRUE,2/2/2026 7:31:00,mobile web,iOS,FALSE,FALSE,TRUE,5,3,0,,Invoice copy,1,10,FALSE,FALSE,FALSE,FALSE,0,7,6497.48,SMS,Ruzomberok,03401,13,551000,neziskova organizacia,TRUE
04d54ba0-6766-4e05-baca-be4f00f27749,peter.danko561@example.sk,10253918,TX-661-612,,FALSE,2/4/2023 18:41:00,2/4/2023 18:41:00,Household,Standard household,Electricity,Verejna Sprava Elektrina,B2B-DUO,Trencin,24ZSS5520094154P,ELM688473,TRUE,Monthly,5/8/2026 10:10:00,23976,4692,0,12/31/2026 0:00:00,Email,Quarterly,4/30/2026 0:00:00,58.89,15,Direct debit,TRUE,0,FALSE,69.44,TRUE,8/20/2025 19:41:00,eZona web,,TRUE,FALSE,TRUE,3,0,1,,Solar consultation,7,8,FALSE,FALSE,FALSE,TRUE,2,1,1884.48,eZona message,Trencin,91101,,,,TRUE
77c8a1a3-2eeb-40d4-b7cd-62c300c1faa6,juraj.kollarova562@municipal.sk,22325480,PX-662-774,ADM-905-272,TRUE,10/6/2020 20:40:00,10/6/2020 20:40:00,Business,Public sector,Electricity,Elektrina Domov,B2B-ELE,Prievidza,24ZSS1032608732P,ELM469104,TRUE,Monthly,5/3/2026 4:31:00,164306,61678,0,12/31/2026 0:00:00,Email,Quarterly,4/30/2026 0:00:00,178.72,0,Card,FALSE,0,FALSE,206.39,TRUE,7/15/2025 22:58:00,"eZona web, mobile web",iOS,TRUE,FALSE,FALSE,5,1,0,12/16/2025 19:19:00,Invoice copy,1,10,FALSE,FALSE,FALSE,TRUE,4,4,10544.48,Email,Prievidza,97101,25,471100,s.r.o.,FALSE
ea9c5537-de60-4ac0-9406-27cc7fdaacfa,simona.balaz563@gmail.com,10647169,RX-663-887,,FALSE,4/20/2020 21:09:00,4/20/2020 21:09:00,Household,Standard household,Electricity,Firma Elektrina Plus,B2B-ELE,Ruzomberok,24ZSS8472087594Q,ELM140886,TRUE,Monthly,4/30/2026 14:14:00,37286,3250,0,12/31/2026 0:00:00,Email,Quarterly,4/30/2026 0:00:00,45.62,0,Postal order,FALSE,1,FALSE,39.09,TRUE,8/4/2025 5:50:00,"eZona web, API",,TRUE,FALSE,TRUE,2,0,0,,Complaint,1,7,TRUE,FALSE,FALSE,TRUE,0,5,958.02,SMS,Ruzomberok,03401,,,,TRUE
fc4c97b3-871a-4824-b230-86ff4a569d42,marek.balaz564@gmail.com,15188558,LM-664-380,,FALSE,3/24/2021 20:54:00,3/24/2021 20:54:00,Household,Price sensitive,Electricity,Verejna Sprava Elektrina,DD1-DOM,Liptovsky Mikulas,24ZSS7625665806P,ELM140403,FALSE,Quarterly,3/28/2026 5:09:00,30958,5377,0,12/31/2026 0:00:00,Post,Quarterly,4/30/2026 0:00:00,58.02,0,Card,FALSE,1,FALSE,59.06,FALSE,,,,TRUE,TRUE,TRUE,4,3,0,3/14/2025 18:50:00,Deposit change,6,5,FALSE,FALSE,FALSE,FALSE,1,7,2610.9,Phone,Liptovsky Mikulas,03101,,,,FALSE
8094493b-ae59-4b27-9579-22cfb8ef2fad,zuzana.bartosova565@energia-client.sk,29571898,RX-665-394,ADM-116-722,TRUE,3/28/2025 9:44:00,3/28/2025 9:44:00,Business,Hospitality,Electricity + Gas,Duo Komfort,B2B-ELE,Ruzomberok,24ZSS4256903281K,ELM900874,TRUE,Monthly,3/22/2026 16:36:00,25560,72377,1701,12/31/2026 0:00:00,Email,Quarterly,4/30/2026 0:00:00,316.31,0,Direct debit,TRUE,0,FALSE,298.64,TRUE,1/11/2026 10:06:00,mobile web,iOS,FALSE,TRUE,TRUE,3,3,2,3/12/2026 8:29:00,Deposit change,2,7,FALSE,FALSE,FALSE,TRUE,0,3,22141.7,eZona message,Ruzomberok,03401,10,256200,a.s.,FALSE
7b3bc04e-4404-44ac-af9a-8b6a00769857,pavol.kovac566@post.sk,16483086,ZX-666-966,,FALSE,9/4/2021 21:21:00,9/4/2021 21:21:00,Household,Green energy,Electricity,Firma Elektrina Plus,VS-ELE,Zvolen,24ZSS9225308022Q,ELM261516,FALSE,Quarterly,4/13/2026 0:05:00,25956,6994,0,12/31/2026 0:00:00,Email,Quarterly,4/30/2026 0:00:00,74.33,0,Direct debit,FALSE,1,FALSE,61.69,TRUE,2/25/2026 12:21:00,"eZona web, mobile web",,FALSE,FALSE,TRUE,1,2,2,2/27/2026 16:34:00,Deposit change,6,8,FALSE,TRUE,TRUE,TRUE,1,3,4236.81,Phone,Zvolen,96001,,,,TRUE
83503966-23d2-4575-8b67-e6abd5b9f42b,katarina.urban567@post.sk,10321550,MX-667-623,,FALSE,9/22/2021 2:21:00,9/22/2021 2:21:00,Household,Digital household,Electricity,Elektrina Online,B2B-DUO,Martin,24ZSS8690188664Q,ELM436034,FALSE,Annual,3/7/2026 16:34:00,24327,5194,0,12/31/2026 0:00:00,Email,Quarterly,4/30/2026 0:00:00,33.99,0,Direct debit,FALSE,1,FALSE,28.74,TRUE,11/10/2025 20:26:00,"eZona web, API",iOS,FALSE,FALSE,TRUE,3,1,1,5/18/2025 11:45:00,Deposit change,2,9,FALSE,FALSE,FALSE,TRUE,0,2,2175.36,Email,Martin,03601,,,,FALSE
3a43f265-731e-499b-9bd7-a99199241bb3,jana.kral568@post.sk,19165540,PX-668-164,,FALSE,7/9/2019 16:33:00,7/9/2019 16:33:00,Household,Solar interest,Gas,Plyn Komfort,DD2-DOM,Poprad,24ZSS6683679748M,GAS795422,TRUE,Monthly,4/5/2026 11:10:00,28269,0,684,12/31/2026 0:00:00,Post,Quarterly,4/30/2026 0:00:00,73.62,0,Direct debit,TRUE,0,FALSE,83.42,FALSE,,,,TRUE,TRUE,FALSE,4,0,0,,Solar consultation,10,1,FALSE,FALSE,FALSE,FALSE,1,0,5227.02,SMS,Poprad,05801,,,,FALSE
651ce42f-f1bd-4316-aca4-73f54fcb0214,michal.gregorova569@firma.sk,23802399,RX-669-761,,FALSE,11/4/2022 12:29:00,11/4/2022 12:29:00,Business,Industrial,Electricity,Elektrina Online,DD1-DOM,Ruzomberok,24ZSS5914641685K,ELM251860,FALSE,Annual,4/27/2026 15:13:00,88506,108928,0,12/31/2026 0:00:00,Email,Annual,4/30/2026 0:00:00,201.7,0,Direct debit,TRUE,4,FALSE,170.95,TRUE,8/6/2025 15:43:00,"eZona web, mobile web",iOS,TRUE,TRUE,FALSE,2,0,1,5/2/2025 15:18:00,Invoice copy,3,10,FALSE,TRUE,FALSE,TRUE,1,6,9076.5,SMS,Ruzomberok,03401,86,620100,zivnostnik,TRUE
25dd139e-4d77-4ff6-b76f-879c4079bd16,monika.lackova570@energia-client.sk,25128105,ZX-670-234,,FALSE,7/15/2025 5:25:00,7/15/2025 5:25:00,Business,Retail services,Electricity,Firma Elektrina Plus,DD1-DOM,Zilina,24ZSS3211073552M,ELM601182,FALSE,Annual,3/19/2026 0:30:00,16053,113156,0,12/31/2026 0:00:00,Email,Monthly,4/30/2026 0:00:00,203.5,0,Direct debit,TRUE,1,FALSE,170.68,TRUE,4/23/2026 16:46:00,"eZona web, API",Android,FALSE,FALSE,TRUE,4,2,1,11/5/2025 11:18:00,Invoice copy,1,10,FALSE,FALSE,FALSE,TRUE,0,2,11192.5,SMS,Zilina,01001,31,471100,a.s.,TRUE
2b5850b8-b323-4e0a-90c2-77709204eef6,michal.polak571@example.sk,16358170,LM-671-353,,FALSE,3/17/2024 9:37:00,3/17/2024 9:37:00,Household,Digital household,Electricity,Firma Elektrina Plus,B2B-DUO,Liptovsky Mikulas,24ZSS2842497360K,ELM955009,TRUE,Monthly,3/30/2026 17:47:00,14247,7890,0,12/31/2026 0:00:00,Email,Quarterly,4/30/2026 0:00:00,66.5,65.08,Card,FALSE,0,FALSE,68.43,TRUE,3/15/2026 10:36:00,mobile web,,FALSE,FALSE,TRUE,3,1,0,12/7/2025 1:01:00,Tariff consultation,4,8,FALSE,TRUE,FALSE,TRUE,0,4,2926,Phone,Liptovsky Mikulas,03101,,,,TRUE
053a70e7-b895-4b47-b388-2b0e91cacd3c,marek.mikulas572@municipal.sk,23707399,PX-672-410,ADM-194-475,FALSE,7/22/2021 19:51:00,7/22/2021 19:51:00,Business,SME multi-site,Electricity + Gas,Online Domov Duo,DD5-SOLAR,Poprad,24ZSS7081498327P,ELM991682,TRUE,Monthly,5/6/2026 4:50:00,198300,23544,11948,12/31/2026 0:00:00,Post,Monthly,4/30/2026 0:00:00,897.61,449.19,Bank transfer,FALSE,1,FALSE,762.66,FALSE,,,,TRUE,TRUE,FALSE,1,2,0,4/14/2026 17:34:00,Contact support,1,5,FALSE,TRUE,FALSE,FALSE,1,5,63730.31,SMS,Poprad,05801,4,256200,zivnostnik,FALSE
9a5cfeac-b96a-4065-896b-378e990ee973,andrea.fedorova573@example.sk,17757715,PX-673-608,,FALSE,11/18/2025 22:07:00,11/18/2025 22:07:00,Household,Standard household,Electricity + Gas,Duo Komfort,DMP1-PLYN,Poprad,24ZSS1111413215K,ELM422207,FALSE,Quarterly,3/23/2026 23:59:00,39682,7030,749,12/31/2026 0:00:00,Email,Monthly,4/30/2026 0:00:00,78.53,0,Bank transfer,FALSE,0,FALSE,76.7,TRUE,1/23/2025 12:32:00,eZona web,iOS,TRUE,TRUE,TRUE,2,1,0,,Tariff consultation,6,10,FALSE,FALSE,FALSE,TRUE,0,1,1649.13,Email,Poprad,05801,,,,TRUE
cb472be2-8995-4129-bd2b-50afbcc0e6b0,ivana.halas574@azet.sk,11115133,CX-674-908,,FALSE,5/13/2018 12:13:00,5/13/2018 12:13:00,Household,High consumption,Gas,Firma Plyn Plus,VS-ELE,Cadca,24ZSS2921118064P,GAS983256,FALSE,Quarterly,3/11/2026 6:18:00,22845,0,1084,12/31/2026 0:00:00,Email,Monthly,4/30/2026 0:00:00,108.62,16.23,Bank transfer,FALSE,0,FALSE,96.37,TRUE,4/22/2025 18:14:00,"eZona web, mobile web",Android,TRUE,TRUE,TRUE,5,1,0,,Complaint,0,6,TRUE,FALSE,FALSE,TRUE,1,3,6734.44,eZona message,Cadca,02201,,,,TRUE
5e6f121d-d87e-4c2d-8391-689ee86ec9cc,samuel.bartosova575@gmail.com,16643542,LM-675-790,,FALSE,2/12/2022 21:16:00,2/12/2022 21:16:00,Household,Green energy,Gas,Plyn Komfort,DMP1-PLYN,Liptovsky Mikulas,24ZSS2389061223Q,GAS334270,TRUE,Monthly,4/29/2026 13:35:00,29463,0,1828,12/31/2026 0:00:00,Email,Monthly,4/30/2026 0:00:00,148.54,95.3,Direct debit,TRUE,0,FALSE,158.93,TRUE,2/27/2026 1:42:00,eZona web,,FALSE,TRUE,FALSE,0,1,0,11/13/2025 0:13:00,Solar consultation,5,3,TRUE,FALSE,FALSE,TRUE,1,5,8763.86,eZona message,Liptovsky Mikulas,03101,,,,TRUE
9805a123-16df-45c2-817d-c7e02547bf89,michal.lackova576@municipal.sk,28062528,PX-676-389,,TRUE,2/15/2025 6:47:00,2/15/2025 6:47:00,Business,Public sector,Electricity,Elektrina Domov,DD1-DOM,Poprad,24ZSS5701427065K,ELM417448,TRUE,Monthly,4/7/2026 4:04:00,163602,101340,0,12/31/2026 0:00:00,Post,Annual,4/30/2026 0:00:00,97.25,0,Postal order,FALSE,0,FALSE,88.59,FALSE,,,,TRUE,FALSE,TRUE,2,3,0,5/7/2025 17:14:00,Solar consultation,6,10,FALSE,FALSE,FALSE,FALSE,0,2,3987.25,eZona message,Poprad,05801,54,471100,neziskova organizacia,FALSE
da084c47-42d3-4720-8cff-5cfb60b3705f,lenka.kral577@municipal.sk,23629924,ZX-677-519,ADM-274-713,FALSE,11/4/2025 2:30:00,11/4/2025 2:30:00,Business,Retail services,Electricity,Elektrina Domov,DD2-DOM,Zilina,24ZSS2935186352Q,ELM357349,TRUE,Monthly,3/28/2026 16:05:00,122057,42427,0,12/31/2026 0:00:00,Email,Annual,4/30/2026 0:00:00,234.06,150.8,Direct debit,TRUE,1,FALSE,197.68,FALSE,,,,TRUE,FALSE,TRUE,0,3,1,,Deposit change,1,7,FALSE,FALSE,FALSE,FALSE,1,5,16150.14,eZona message,Zilina,01001,53,682000,obec,FALSE
40341057-c634-433a-9aae-a269c554a0f6,juraj.fedorova578@azet.sk,15166500,TX-678-859,,FALSE,12/18/2021 12:11:00,12/18/2021 12:11:00,Household,Solar interest,Gas,Firma Plyn Plus,B2B-DUO,Trencin,24ZSS9795356010K,GAS593149,TRUE,Monthly,4/12/2026 1:21:00,28011,0,429,12/31/2026 0:00:00,Email,Monthly,4/30/2026 0:00:00,97.6,26.5,Direct debit,TRUE,0,FALSE,107.69,TRUE,1/22/2025 21:33:00,"eZona web, API",,FALSE,FALSE,FALSE,2,2,1,,Tariff consultation,9,2,FALSE,FALSE,FALSE,TRUE,1,7,1952,SMS,Trencin,91101,,,,TRUE
f2dade75-34e3-4bd2-81dc-b8239d3ccb93,monika.marekova579@post.sk,12335340,MX-679-239,,FALSE,1/7/2018 12:48:00,1/7/2018 12:48:00,Household,High consumption,Electricity,Elektrina Domov,B2B-GAS,Martin,24ZSS6001783897M,ELM384650,TRUE,Monthly,4/23/2026 17:50:00,37772,2856,0,12/31/2026 0:00:00,Post,Quarterly,4/30/2026 0:00:00,50.54,108.89,Direct debit,TRUE,1,FALSE,56.23,FALSE,,,,TRUE,FALSE,FALSE,2,2,1,1/30/2025 23:03:00,Solar consultation,5,6,FALSE,FALSE,FALSE,FALSE,5,2,1516.2,SMS,Martin,03601,,,,FALSE
96c02945-6a3d-4f2a-ab5a-f15471c71893,ivana.balaz580@gmail.com,19093646,TX-680-313,,FALSE,12/24/2025 19:59:00,12/24/2025 19:59:00,Household,Standard household,Electricity,Firma Elektrina Plus,B2B-ELE,Trencin,24ZSS3595609102M,ELM202530,TRUE,Monthly,3/9/2026 15:57:00,3317,7265,0,12/31/2026 0:00:00,Email,Quarterly,4/30/2026 0:00:00,39.38,28.75,Card,FALSE,0,FALSE,38.06,TRUE,2/4/2026 16:50:00,"eZona web, mobile web",Android,FALSE,FALSE,TRUE,3,0,1,,Complaint,5,7,FALSE,FALSE,FALSE,FALSE,1,2,1969,eZona message,Trencin,91101,,,,FALSE
06155271-5e35-41b1-9947-c94634c17286,lenka.polak581@example.sk,15417089,CX-681-640,,FALSE,9/4/2023 9:54:00,9/4/2023 9:54:00,Household,Green energy,Electricity,Elektrina Domov,B2B-DUO,Cadca,24ZSS6054060167P,ELM569211,FALSE,Annual,4/26/2026 23:58:00,30076,5799,0,12/31/2026 0:00:00,Email,Quarterly,4/30/2026 0:00:00,59.1,69.32,Card,FALSE,1,FALSE,64.58,TRUE,3/17/2026 9:02:00,eZona web,,FALSE,FALSE,TRUE,5,1,0,,Complaint,0,7,TRUE,TRUE,FALSE,TRUE,1,5,3782.4,Email,Cadca,02201,,,,TRUE
e948e512-2cc6-447c-940d-41ff41880ea8,andrea.urban582@example.sk,13989464,RX-682-514,,FALSE,9/18/2023 13:10:00,9/18/2023 13:10:00,Household,Solar interest,Gas,Firma Plyn Plus,DD1-DOM,Ruzomberok,24ZSS2687186041M,GAS918156,FALSE,Annual,4/17/2026 15:50:00,19444,0,963,12/31/2026 0:00:00,Email,Annual,4/30/2026 0:00:00,88.97,23,Direct debit,TRUE,0,FALSE,104.75,TRUE,1/8/2025 1:26:00,eZona web,Android,FALSE,TRUE,TRUE,0,3,1,12/22/2025 3:58:00,Contact support,7,2,FALSE,TRUE,FALSE,TRUE,0,4,5160.26,Email,Ruzomberok,03401,,,,TRUE
1c41a4af-7e82-486e-9c2d-b8c73537bdf6,robert.marekova583@example-business.sk,21492483,BB-683-992,,FALSE,9/28/2025 5:10:00,9/28/2025 5:10:00,Business,Public sector,Electricity + Gas,Online Domov Duo,DD2-DOM,Banska Bystrica,24ZSS3640323578M,ELM775046,TRUE,Monthly,3/15/2026 21:12:00,232767,93779,13573,12/31/2026 0:00:00,Email,Monthly,4/30/2026 0:00:00,810.33,0,Direct debit,TRUE,0,FALSE,768.75,TRUE,7/14/2025 22:07:00,eZona web,,FALSE,FALSE,TRUE,3,0,0,3/1/2026 17:56:00,Complaint,4,10,TRUE,TRUE,FALSE,TRUE,0,2,38895.84,SMS,Banska Bystrica,97401,50,493200,s.r.o.,TRUE
04a96ff8-2dcd-4dff-9c5f-0bbdb38239d0,natalia.gregorova584@post.sk,19168235,ZX-684-800,,FALSE,5/25/2018 15:47:00,5/25/2018 15:47:00,Household,Senior assisted,Electricity + Gas,Duo Komfort,B2B-DUO,Zilina,24ZSS9088131026K,ELM627252,FALSE,Quarterly,3/16/2026 20:02:00,2222,3049,315,12/31/2026 0:00:00,Email,Annual,4/30/2026 0:00:00,56.9,0,Direct debit,TRUE,3,FALSE,62.51,TRUE,12/10/2025 19:19:00,"eZona web, mobile web",,TRUE,FALSE,TRUE,1,0,0,4/23/2026 2:29:00,Solar consultation,6,6,TRUE,FALSE,TRUE,TRUE,0,8,1593.2,Phone,Zilina,01001,,,,TRUE
d95aaad5-0d59-4da1-abd4-693c3c681aa9,juraj.kollarova585@firma.sk,21455228,BB-685-712,,TRUE,12/4/2020 7:41:00,12/4/2020 7:41:00,Business,Retail services,Electricity,Firma Elektrina Plus,DD2-DOM,Banska Bystrica,24ZSS1386969950Q,ELM243890,TRUE,Monthly,3/29/2026 3:31:00,77755,70920,0,12/31/2026 0:00:00,Email,Monthly,4/30/2026 0:00:00,141.47,168.13,Postal order,FALSE,1,FALSE,151.78,TRUE,5/10/2026 12:43:00,"eZona web, API",Android,FALSE,FALSE,TRUE,1,2,0,,Contact support,5,10,FALSE,FALSE,FALSE,TRUE,2,5,7639.38,SMS,Banska Bystrica,97401,35,561000,obec,FALSE
8d0e7194-d7db-488d-b208-03766dce276f,juraj.polak586@energia-client.sk,26995561,PX-686-351,ADM-668-315,FALSE,9/22/2025 22:00:00,9/22/2025 22:00:00,Business,SME multi-site,Electricity + Gas,Duo Komfort,VS-ELE,Prievidza,24ZSS6182769055K,ELM685165,TRUE,Monthly,3/23/2026 16:40:00,183843,27748,9564,12/31/2026 0:00:00,Email,Annual,4/30/2026 0:00:00,685.29,0,Direct debit,TRUE,1,FALSE,765.84,TRUE,1/28/2025 1:39:00,"eZona web, API",,TRUE,TRUE,TRUE,4,3,0,,Solar consultation,6,4,FALSE,TRUE,FALSE,TRUE,1,7,13020.51,SMS,Prievidza,97101,56,551000,s.r.o.,FALSE
7d56e1cd-6827-44e0-bf33-c4322c36cdd9,veronika.halas587@azet.sk,11236150,BB-687-127,,FALSE,1/23/2022 15:42:00,1/23/2022 15:42:00,Household,Digital household,Gas,Firma Plyn Plus,B2B-ELE,Banska Bystrica,24ZSS6314079584Q,GAS893642,FALSE,Annual,4/18/2026 23:50:00,45909,0,178,12/31/2026 0:00:00,Email,Annual,4/30/2026 0:00:00,76.79,0,Direct debit,FALSE,1,FALSE,88.44,TRUE,12/27/2025 9:53:00,mobile web,iOS,TRUE,TRUE,FALSE,0,2,1,1/30/2025 17:37:00,Deposit change,1,6,TRUE,FALSE,TRUE,TRUE,0,6,3148.39,eZona message,Banska Bystrica,97401,,,,TRUE
c4b366f5-e7b1-4665-8394-ad51f32db4d8,monika.urban588@gmail.com,19846136,BB-688-221,,FALSE,2/17/2023 18:00:00,2/17/2023 18:00:00,Household,Green energy,Electricity + Gas,Duo Komfort,DD2-DOM,Banska Bystrica,24ZSS2863100952M,ELM742690,TRUE,Monthly,5/5/2026 14:18:00,46154,2643,2085,12/31/2026 0:00:00,Email,Annual,4/30/2026 0:00:00,145.18,0,Direct debit,TRUE,0,FALSE,155.44,TRUE,8/16/2025 5:29:00,eZona web,iOS,TRUE,TRUE,TRUE,3,1,1,,Tariff consultation,0,7,FALSE,FALSE,TRUE,TRUE,1,0,6097.56,Email,Banska Bystrica,97401,,,,TRUE
805c1106-dd09-4908-85a5-250f187a4a89,peter.simon589@gmail.com,13583041,ZX-689-230,,FALSE,12/28/2024 3:35:00,12/28/2024 3:35:00,Household,Senior assisted,Electricity + Gas,Online Domov Duo,B2B-GAS,Zilina,24ZSS7897379151M,ELM986016,TRUE,Monthly,4/2/2026 19:31:00,4773,1776,1429,12/31/2026 0:00:00,Email,Quarterly,4/30/2026 0:00:00,150.93,0,Direct debit,TRUE,0,FALSE,128.3,TRUE,2/23/2025 7:30:00,"eZona web, API",Android,TRUE,FALSE,TRUE,3,2,1,3/25/2025 0:35:00,Meter reading,6,2,FALSE,FALSE,FALSE,TRUE,0,6,7395.57,Phone,Zilina,01001,,,,TRUE
3b339feb-21c3-419a-a9e0-cedfc9006502,tomas.horvath590@gmail.com,17779170,PX-690-815,,FALSE,8/22/2025 8:06:00,8/22/2025 8:06:00,Household,Digital household,Electricity,Verejna Sprava Elektrina,DD5-SOLAR,Poprad,24ZSS6676392385P,ELM626551,FALSE,Annual,3/2/2026 20:52:00,41665,4657,0,12/31/2026 0:00:00,Email,Monthly,4/30/2026 0:00:00,40.88,0,Direct debit,TRUE,1,FALSE,37.96,TRUE,3/27/2025 10:55:00,mobile web,,FALSE,TRUE,TRUE,0,3,1,,Meter reading,6,10,FALSE,FALSE,TRUE,TRUE,1,2,2943.36,Email,Poprad,05801,,,,TRUE
c6d5da9a-823a-4695-956d-106c621914a1,natalia.horvath591@municipal.sk,28672231,PX-691-828,,TRUE,9/11/2019 18:08:00,9/11/2019 18:08:00,Business,Retail services,Electricity + Gas,Firma Energia Plus,B2B-ELE,Poprad,24ZSS4741517110K,ELM826924,TRUE,Monthly,3/12/2026 18:44:00,208455,47797,6044,12/31/2026 0:00:00,Email,Annual,4/30/2026 0:00:00,596.5,0,Direct debit,TRUE,0,FALSE,632,TRUE,5/27/2025 0:31:00,mobile web,,FALSE,TRUE,TRUE,1,0,0,,Tariff consultation,0,8,FALSE,FALSE,FALSE,TRUE,1,0,11333.5,Email,Poprad,05801,60,620100,obec,TRUE
35eff2b0-1e1f-49c4-ab84-26c30e27af4b,peter.danko592@example.sk,17178724,CX-692-785,,FALSE,10/18/2025 15:09:00,10/18/2025 15:09:00,Household,Senior assisted,Electricity + Gas,Duo Komfort,B2B-ELE,Cadca,24ZSS8183188322Q,ELM133480,TRUE,Monthly,4/29/2026 4:19:00,23959,6057,1161,12/31/2026 0:00:00,Email,Quarterly,4/30/2026 0:00:00,97.01,0,Direct debit,TRUE,0,FALSE,91.74,TRUE,10/3/2025 3:12:00,mobile web,Android,TRUE,FALSE,FALSE,2,3,1,,Tariff consultation,1,9,FALSE,FALSE,FALSE,TRUE,0,5,1940.2,SMS,Cadca,02201,,,,TRUE
cb79c7b3-4431-4916-83ff-1a1cac76ee94,monika.marekova593@post.sk,13643506,PX-693-906,,FALSE,1/23/2018 1:20:00,1/23/2018 1:20:00,Household,Senior assisted,Electricity,Elektrina Online,B2B-ELE,Prievidza,24ZSS4901120241K,ELM278376,TRUE,Monthly,3/13/2026 0:12:00,2507,2049,0,12/31/2026 0:00:00,Email,Quarterly,4/30/2026 0:00:00,72.39,0,Direct debit,TRUE,0,FALSE,65.66,TRUE,9/26/2025 13:46:00,eZona web,,FALSE,TRUE,TRUE,2,3,0,8/9/2025 5:17:00,Complaint,7,5,FALSE,TRUE,TRUE,TRUE,4,0,2171.7,Email,Prievidza,97101,,,,TRUE
f1ab8618-280e-4dc9-a039-7ab4c47324bd,simona.danko594@azet.sk,15553829,TX-694-127,,FALSE,10/20/2021 1:13:00,10/20/2021 1:13:00,Household,Digital household,Electricity + Gas,Online Domov Duo,DMP1-PLYN,Trencin,24ZSS2717239069K,ELM497977,FALSE,Quarterly,3/21/2026 12:51:00,17104,8438,1891,12/31/2026 0:00:00,Email,Monthly,4/30/2026 0:00:00,130.61,0,Bank transfer,FALSE,0,FALSE,131.64,TRUE,8/8/2025 6:27:00,mobile web,Android,FALSE,FALSE,FALSE,2,0,0,11/11/2025 19:46:00,Contact support,2,8,FALSE,FALSE,FALSE,TRUE,0,0,8881.48,eZona message,Trencin,91101,,,,TRUE
76f499fc-8376-43a6-81af-c088fe6d00cb,michal.varga595@azet.sk,18238101,TX-695-922,,FALSE,4/21/2025 16:15:00,4/21/2025 16:15:00,Household,Green energy,Gas,Plyn Domov,DD1-DOM,Trencin,24ZSS1901501024P,GAS378210,TRUE,Monthly,5/10/2026 8:25:00,27728,0,717,12/31/2026 0:00:00,Post,Annual,4/30/2026 0:00:00,57.44,0,Bank transfer,FALSE,1,FALSE,66.31,FALSE,,,,TRUE,TRUE,TRUE,3,3,0,6/11/2025 12:46:00,Move contract,3,3,FALSE,FALSE,TRUE,FALSE,0,3,3503.84,Phone,Trencin,91101,,,,FALSE
00bfe689-2007-4249-ad82-a0367a179b3c,natalia.marekova596@municipal.sk,20801447,ZX-696-619,,FALSE,10/29/2023 23:48:00,10/29/2023 23:48:00,Business,SME multi-site,Gas,Plyn Domov,B2B-GAS,Zilina,24ZSS9026154124M,GAS881076,TRUE,Monthly,4/5/2026 21:15:00,68254,0,11340,12/31/2026 0:00:00,Email,Monthly,4/30/2026 0:00:00,829.7,0,Postal order,FALSE,1,FALSE,907.18,TRUE,5/10/2025 19:23:00,eZona web,iOS,FALSE,FALSE,TRUE,5,2,0,,Tariff consultation,3,2,FALSE,FALSE,FALSE,TRUE,1,5,40655.3,eZona message,Zilina,01001,59,256200,s.r.o.,TRUE
60241d74-5069-420d-bffb-36420c730523,natalia.simekova597@post.sk,10709501,BB-697-559,,FALSE,11/16/2024 18:22:00,11/16/2024 18:22:00,Household,Digital household,Electricity + Gas,Duo Komfort,B2B-DUO,Banska Bystrica,24ZSS1558585701K,ELM937793,TRUE,Monthly,4/24/2026 1:47:00,7412,4262,539,12/31/2026 0:00:00,Email,Monthly,4/30/2026 0:00:00,96.45,2.73,Direct debit,TRUE,0,FALSE,81.24,TRUE,4/24/2025 4:13:00,eZona web,iOS,FALSE,FALSE,TRUE,0,2,1,,Deposit change,0,5,TRUE,FALSE,FALSE,TRUE,0,6,4533.15,SMS,Banska Bystrica,97401,,,,TRUE
28d7baec-6ad5-48c8-b9f3-2443406237bb,natalia.varga598@energia-client.sk,27588479,CX-698-670,ADM-434-533,FALSE,12/12/2018 20:08:00,12/12/2018 20:08:00,Business,Industrial,Gas,Plyn Komfort,VS-ELE,Cadca,24ZSS4102414800Q,GAS724957,FALSE,Quarterly,3/23/2026 3:28:00,161628,0,2620,12/31/2026 0:00:00,Email,Quarterly,4/30/2026 0:00:00,289.1,232.84,Direct debit,FALSE,1,FALSE,309.33,TRUE,3/11/2025 6:37:00,mobile web,,TRUE,TRUE,TRUE,2,1,0,9/9/2025 21:43:00,Complaint,0,3,FALSE,FALSE,TRUE,TRUE,2,7,9540.3,Email,Cadca,02201,163,682000,s.r.o.,TRUE
52ebbb86-079e-49fd-8dfa-62e5e2c74eb6,daniel.tothova599@gmail.com,10161304,LM-699-908,,FALSE,3/11/2019 11:14:00,3/11/2019 11:14:00,Household,Senior assisted,Gas,Plyn Domov,B2B-DUO,Liptovsky Mikulas,24ZSS6003271493K,GAS374723,FALSE,Quarterly,3/6/2026 1:08:00,9591,0,575,12/31/2026 0:00:00,Post,Annual,4/30/2026 0:00:00,92.63,238.16,Direct debit,TRUE,1,TRUE,100.43,FALSE,,,,FALSE,TRUE,FALSE,4,0,3,10/18/2025 20:30:00,Tariff consultation,3,6,TRUE,FALSE,FALSE,FALSE,0,5,2593.64,Email,Liptovsky Mikulas,03101,,,,FALSE
0a3d7754-009e-42ab-be80-7080abc7413c,robert.simon600@firma.sk,24732571,CX-700-712,,TRUE,5/18/2025 12:56:00,5/18/2025 12:56:00,Business,Public sector,Gas,Plyn Komfort,VS-ELE,Cadca,24ZSS4330733776M,GAS362174,TRUE,Monthly,3/21/2026 20:21:00,138526,0,5194,12/31/2026 0:00:00,Email,Quarterly,4/30/2026 0:00:00,519.67,0,Postal order,FALSE,1,FALSE,604.55,TRUE,7/17/2025 23:37:00,"eZona web, API",,FALSE,FALSE,TRUE,5,3,1,6/23/2025 1:03:00,Invoice copy,5,1,TRUE,FALSE,TRUE,TRUE,2,6,27542.51,Email,Cadca,02201,30,471100,obec,FALSE
0de445e3-a9e4-49aa-810e-1a6258f1a795,veronika.varga601@azet.sk,11786566,LM-701-406,,FALSE,11/14/2021 14:54:00,11/14/2021 14:54:00,Household,Standard household,Electricity + Gas,Firma Energia Plus,DD2-DOM,Liptovsky Mikulas,24ZSS1676162375M,ELM999651,TRUE,Monthly,4/8/2026 6:57:00,22026,5060,2119,12/31/2026 0:00:00,Email,Quarterly,4/30/2026 0:00:00,169.51,0,Bank transfer,FALSE,1,FALSE,145.64,FALSE,,,,FALSE,FALSE,FALSE,2,2,0,4/12/2025 20:29:00,Contact support,5,5,FALSE,FALSE,FALSE,FALSE,1,1,3898.73,eZona message,Liptovsky Mikulas,03101,,,,FALSE
468f6e94-2be8-412f-826f-bcd15b1de0c3,peter.halas602@gmail.com,16681540,ZX-702-459,,FALSE,8/27/2022 1:43:00,8/27/2022 1:43:00,Household,Green energy,Electricity + Gas,Duo Komfort,DD1-DOM,Zilina,24ZSS7076016757M,ELM561542,TRUE,Monthly,5/10/2026 13:09:00,33788,7486,1559,12/31/2026 0:00:00,Email,Annual,4/30/2026 0:00:00,151.17,0,Bank transfer,FALSE,1,FALSE,149.58,TRUE,4/15/2025 0:20:00,eZona web,Android,FALSE,TRUE,FALSE,2,3,1,1/6/2025 14:57:00,Complaint,4,9,TRUE,FALSE,TRUE,FALSE,0,4,9977.22,SMS,Zilina,01001,,,,TRUE
84ab9c34-935f-4c0e-b534-e08e046c0022,juraj.kollarova603@example.sk,14030558,CX-703-914,,FALSE,2/9/2023 16:53:00,2/9/2023 16:53:00,Household,Digital household,Electricity,Elektrina Online,DD1-DOM,Cadca,24ZSS5360855613P,ELM842457,FALSE,Annual,3/14/2026 22:25:00,25407,6788,0,12/31/2026 0:00:00,Email,Annual,4/30/2026 0:00:00,58.29,0,Bank transfer,FALSE,0,FALSE,54.66,FALSE,,,,FALSE,FALSE,FALSE,1,3,0,5/8/2025 9:46:00,Complaint,7,8,FALSE,FALSE,FALSE,FALSE,0,5,2972.79,Phone,Cadca,02201,,,,FALSE
508d7959-563c-4ce1-be25-ca92bd68f6bc,jana.simon604@azet.sk,13541343,BB-704-703,,FALSE,9/9/2022 20:24:00,9/9/2022 20:24:00,Household,Solar interest,Gas,Plyn Domov,VS-ELE,Banska Bystrica,24ZSS4401684601P,GAS818688,TRUE,Monthly,4/5/2026 7:51:00,16389,0,406,12/31/2026 0:00:00,Post,Monthly,4/30/2026 0:00:00,56.33,0,Direct debit,TRUE,0,FALSE,51.49,FALSE,,,,FALSE,FALSE,TRUE,4,3,1,2/5/2025 12:44:00,Deposit change,8,3,FALSE,TRUE,FALSE,FALSE,1,4,3886.77,Email,Banska Bystrica,97401,,,,FALSE
2a01cde2-7255-408a-9d42-461f4f19b370,zuzana.mikulas605@gmail.com,15386782,CX-705-791,,FALSE,10/13/2025 6:07:00,10/13/2025 6:07:00,Household,Price sensitive,Electricity,Elektrina Domov,B2B-ELE,Cadca,24ZSS5494834437M,ELM611730,FALSE,Quarterly,4/7/2026 22:24:00,6774,8672,0,12/31/2026 0:00:00,Email,Annual,4/30/2026 0:00:00,61.65,49.42,Bank transfer,FALSE,0,FALSE,52.14,TRUE,3/25/2026 15:47:00,"eZona web, API",iOS,FALSE,TRUE,TRUE,0,3,1,,Deposit change,3,9,FALSE,TRUE,TRUE,TRUE,0,2,3329.1,SMS,Cadca,02201,,,,TRUE
9a178186-3349-42e3-ab41-bb664e99007c,daniel.danko606@azet.sk,14834951,ZX-706-347,,FALSE,6/15/2021 18:15:00,6/15/2021 18:15:00,Household,High consumption,Gas,Plyn Domov,DD2-DOM,Zilina,24ZSS9468867552M,GAS830742,TRUE,Monthly,3/20/2026 21:43:00,38551,0,480,12/31/2026 0:00:00,Email,Monthly,4/30/2026 0:00:00,47.4,0,Direct debit,FALSE,1,FALSE,52.75,TRUE,1/18/2026 3:24:00,"eZona web, mobile web",Android,TRUE,FALSE,TRUE,4,3,0,,Solar consultation,4,4,FALSE,FALSE,FALSE,TRUE,0,6,1185,Phone,Zilina,01001,,,,TRUE
1c31746f-7c5d-4376-9272-8dfbac7d10e0,zuzana.halas607@example.sk,11961667,PX-707-685,,FALSE,2/5/2025 22:41:00,2/5/2025 22:41:00,Household,Price sensitive,Electricity,Elektrina Online,DD1-DOM,Prievidza,24ZSS6845160662Q,ELM322551,FALSE,Quarterly,3/22/2026 13:59:00,28853,8537,0,12/31/2026 0:00:00,Email,Annual,4/30/2026 0:00:00,74.62,0,Direct debit,TRUE,1,FALSE,66.04,TRUE,1/2/2025 14:34:00,"eZona web, API",,FALSE,FALSE,FALSE,0,3,2,,Meter reading,7,9,FALSE,FALSE,FALSE,TRUE,1,5,4029.48,Email,Prievidza,97101,,,,FALSE
79ce82c3-cbfd-4e9f-8a84-143b59eace40,marek.kollarova608@example-business.sk,26889149,ZX-708-342,,FALSE,9/22/2023 8:06:00,9/22/2023 8:06:00,Business,SME multi-site,Electricity + Gas,Online Domov Duo,VS-ELE,Zvolen,24ZSS4712442678M,ELM964473,TRUE,Monthly,4/10/2026 12:22:00,142171,80952,9043,12/31/2026 0:00:00,Email,Annual,4/30/2026 0:00:00,672.75,707.56,Bank transfer,FALSE,2,FALSE,699.66,TRUE,10/29/2025 7:29:00,mobile web,,FALSE,TRUE,FALSE,0,3,4,,Invoice copy,7,10,FALSE,FALSE,FALSE,FALSE,0,3,46419.75,eZona message,Zvolen,96001,41,682000,s.r.o.,TRUE
ec5f414e-325f-45f0-abb3-10728201f3fb,veronika.varga609@energia-client.sk,25221033,LM-709-405,ADM-919-727,TRUE,2/23/2025 18:12:00,2/23/2025 18:12:00,Business,Public sector,Electricity + Gas,Online Domov Duo,DD5-SOLAR,Liptovsky Mikulas,24ZSS6516519609Q,ELM514774,TRUE,Monthly,4/4/2026 11:56:00,2223,84004,10324,12/31/2026 0:00:00,Email,Quarterly,4/30/2026 0:00:00,840.78,0,Bank transfer,FALSE,1,FALSE,738.77,TRUE,6/26/2025 7:54:00,"eZona web, mobile web",,FALSE,TRUE,TRUE,4,2,3,8/30/2025 7:35:00,Deposit change,0,10,FALSE,TRUE,FALSE,TRUE,4,7,54650.7,eZona message,Liptovsky Mikulas,03101,37,493200,zivnostnik,TRUE
e81458cb-0686-4438-a969-07448e4702d9,andrea.tothova610@gmail.com,17648553,LM-710-999,,FALSE,1/11/2020 18:00:00,1/11/2020 18:00:00,Household,High consumption,Electricity + Gas,Online Domov Duo,B2B-ELE,Liptovsky Mikulas,24ZSS7641976555K,ELM947019,TRUE,Monthly,3/27/2026 20:52:00,32789,6228,128,12/31/2026 0:00:00,Email,Quarterly,4/30/2026 0:00:00,67.22,89.23,Direct debit,FALSE,1,FALSE,55.96,TRUE,4/2/2025 0:09:00,mobile web,,TRUE,FALSE,TRUE,0,1,0,1/21/2025 8:59:00,Deposit change,3,9,FALSE,FALSE,TRUE,TRUE,1,7,2621.58,eZona message,Liptovsky Mikulas,03101,,,,FALSE
3c72108b-bb97-441f-a992-1f2c0a03f1d5,robert.polak611@municipal.sk,26090384,MX-711-772,,FALSE,10/25/2024 6:13:00,10/25/2024 6:13:00,Business,SME multi-site,Electricity,Firma Elektrina Plus,DD2-DOM,Martin,24ZSS6488900660M,ELM432666,TRUE,Monthly,5/3/2026 20:55:00,76016,89218,0,12/31/2026 0:00:00,Email,Annual,4/30/2026 0:00:00,232.95,35.39,Direct debit,TRUE,0,FALSE,209.73,TRUE,1/18/2025 16:05:00,mobile web,Android,TRUE,FALSE,TRUE,4,3,0,1/5/2025 4:26:00,Invoice copy,1,8,FALSE,FALSE,FALSE,TRUE,1,6,13977,Phone,Martin,03601,9,493200,obec,TRUE
bd67ebca-ad9f-4aed-8c6b-bfffa7d13b5a,robert.simekova612@example.sk,13385616,LM-712-517,,FALSE,7/25/2025 7:12:00,7/25/2025 7:12:00,Household,Solar interest,Electricity,Elektrina Online,B2B-ELE,Liptovsky Mikulas,24ZSS8219969866M,ELM504464,TRUE,Monthly,4/30/2026 12:09:00,28417,4935,0,12/31/2026 0:00:00,Post,Quarterly,4/30/2026 0:00:00,22.94,0,Bank transfer,FALSE,1,FALSE,22.61,FALSE,,,,TRUE,FALSE,FALSE,5,2,0,,Meter reading,8,9,TRUE,FALSE,FALSE,FALSE,1,4,1491.1,Email,Liptovsky Mikulas,03101,,,,FALSE
04c4d27f-ed81-4970-9440-2bdb91adedfc,marek.lackova613@post.sk,12207111,ZX-713-835,,FALSE,7/29/2019 17:22:00,7/29/2019 17:22:00,Household,Digital household,Gas,Plyn Komfort,DMP1-PLYN,Zvolen,24ZSS1850747640M,GAS857561,FALSE,Quarterly,3/22/2026 11:28:00,17425,0,2073,12/31/2026 0:00:00,Email,Monthly,4/30/2026 0:00:00,178.02,0,Direct debit,TRUE,4,FALSE,146.59,FALSE,,,,FALSE,FALSE,TRUE,0,1,2,1/29/2026 16:51:00,Contact support,7,5,FALSE,TRUE,FALSE,FALSE,1,4,8366.94,SMS,Zvolen,96001,,,,FALSE
77a32517-075b-4a2b-8775-cb1be44f5af2,miroslav.halas614@example-business.sk,28501905,PX-714-227,ADM-853-303,FALSE,1/21/2025 6:20:00,1/21/2025 6:20:00,Business,Industrial,Electricity + Gas,Duo Komfort,DMP1-PLYN,Prievidza,24ZSS4514429259P,ELM433689,TRUE,Monthly,5/4/2026 9:07:00,120932,110812,12998,12/31/2026 0:00:00,Email,Monthly,4/30/2026 0:00:00,815.94,0,Direct debit,TRUE,0,FALSE,888.53,FALSE,,,,FALSE,TRUE,FALSE,3,3,0,,Solar consultation,6,10,FALSE,TRUE,TRUE,FALSE,1,0,46508.58,eZona message,Prievidza,97101,60,861000,s.r.o.,FALSE
b5154f7a-c209-4e0b-b400-4fe8a961455e,jana.novakova615@post.sk,18225509,PX-715-676,,FALSE,8/9/2018 23:08:00,8/9/2018 23:08:00,Household,Price sensitive,Electricity + Gas,Duo Komfort,B2B-GAS,Poprad,24ZSS9879813306Q,ELM691483,FALSE,Quarterly,3/17/2026 13:35:00,26732,2930,1537,12/31/2026 0:00:00,Email,Quarterly,4/30/2026 0:00:00,151.09,267.81,Card,FALSE,1,FALSE,146.22,FALSE,,,,TRUE,TRUE,TRUE,3,3,0,1/31/2025 1:20:00,Meter reading,3,6,FALSE,FALSE,FALSE,FALSE,1,5,6043.6,SMS,Poprad,05801,,,,FALSE
093d0ddf-bed2-4021-9536-1d59e14718b3,katarina.novakova616@energia-client.sk,24608393,ZX-716-634,ADM-275-334,TRUE,12/10/2020 17:09:00,12/10/2020 17:09:00,Business,Retail services,Electricity,Firma Elektrina Plus,B2B-ELE,Zilina,24ZSS7219128884P,ELM479956,TRUE,Monthly,4/26/2026 22:35:00,18254,54148,0,12/31/2026 0:00:00,Email,Monthly,4/30/2026 0:00:00,256.29,0,Direct debit,TRUE,3,FALSE,294.32,TRUE,4/13/2026 20:43:00,"eZona web, API",,TRUE,FALSE,TRUE,5,1,1,3/23/2026 13:32:00,Solar consultation,6,10,FALSE,FALSE,FALSE,TRUE,0,5,9226.44,Email,Zilina,01001,19,493200,s.r.o.,TRUE
92604575-f90d-4716-aa59-30f0822c5680,michal.mikulas617@azet.sk,12041335,MX-717-452,,FALSE,12/3/2024 4:57:00,12/3/2024 4:57:00,Household,Senior assisted,Electricity + Gas,Firma Energia Plus,B2B-ELE,Martin,24ZSS6735102757Q,ELM592368,FALSE,Quarterly,5/4/2026 23:32:00,7836,3024,1551,12/31/2026 0:00:00,Email,Monthly,4/30/2026 0:00:00,142.88,211.72,Direct debit,TRUE,1,TRUE,151.12,TRUE,4/24/2025 1:22:00,mobile web,,TRUE,TRUE,FALSE,1,2,0,1/2/2025 18:31:00,Tariff consultation,7,9,FALSE,FALSE,FALSE,TRUE,1,5,9430.08,Phone,Martin,03601,,,,TRUE
40087241-a9af-4f24-aa8b-9270cb4d908a,ivana.mikulas618@azet.sk,15532203,TX-718-311,,FALSE,1/17/2024 20:05:00,1/17/2024 20:05:00,Household,Solar interest,Electricity,Elektrina Domov,DMP1-PLYN,Trencin,24ZSS7569481197K,ELM185142,FALSE,Quarterly,5/5/2026 4:22:00,21019,8158,0,12/31/2026 0:00:00,Email,Monthly,4/30/2026 0:00:00,41.55,0,Direct debit,TRUE,0,FALSE,35.87,TRUE,3/29/2026 15:33:00,eZona web,Android,FALSE,FALSE,TRUE,1,0,0,,Complaint,7,9,FALSE,FALSE,FALSE,TRUE,1,4,2493,Email,Trencin,91101,,,,FALSE
db9d4061-c03e-4d50-acd3-acc36de1ae59,katarina.tothova619@example.sk,16001679,LM-719-636,,FALSE,4/8/2020 7:02:00,4/8/2020 7:02:00,Household,Senior assisted,Gas,Plyn Komfort,DD1-DOM,Liptovsky Mikulas,24ZSS9542176396K,GAS865819,TRUE,Monthly,3/10/2026 2:13:00,36969,0,448,12/31/2026 0:00:00,Email,Annual,4/30/2026 0:00:00,63.64,0,Direct debit,TRUE,0,FALSE,58.81,TRUE,7/2/2025 19:50:00,eZona web,,FALSE,TRUE,FALSE,2,2,0,12/8/2025 23:13:00,Meter reading,5,6,FALSE,FALSE,FALSE,FALSE,1,2,4072.96,Email,Liptovsky Mikulas,03101,,,,TRUE
538d9c7c-fa6a-427f-b59f-797c1fd26a35,daniel.novakova620@azet.sk,19958830,TX-720-572,,FALSE,5/4/2018 3:36:00,5/4/2018 3:36:00,Household,Solar interest,Gas,Firma Plyn Plus,VS-ELE,Trencin,24ZSS3534137408K,GAS276518,FALSE,Quarterly,3/12/2026 18:51:00,19643,0,370,12/31/2026 0:00:00,Email,Quarterly,4/30/2026 0:00:00,43.35,0,Direct debit,TRUE,0,FALSE,41.31,FALSE,,,,TRUE,TRUE,FALSE,2,1,0,3/21/2025 18:22:00,Complaint,9,5,FALSE,FALSE,FALSE,FALSE,0,5,2601,SMS,Trencin,91101,,,,FALSE
8df2ebd6-fdda-4c85-8514-90726af53420,tomas.gregorova621@gmail.com,19369720,CX-721-749,,FALSE,1/30/2024 5:14:00,1/30/2024 5:14:00,Household,Senior assisted,Gas,Plyn Komfort,B2B-GAS,Cadca,24ZSS6579570534Q,GAS444867,TRUE,Monthly,3/22/2026 19:25:00,14818,0,1388,12/31/2026 0:00:00,Email,Monthly,4/30/2026 0:00:00,116.34,0,Postal order,FALSE,1,FALSE,114.91,TRUE,3/4/2026 3:13:00,mobile web,iOS,FALSE,FALSE,FALSE,5,1,0,2/28/2026 17:13:00,Solar consultation,3,5,FALSE,FALSE,FALSE,TRUE,0,3,3373.86,eZona message,Cadca,02201,,,,TRUE
6b58ed08-7c28-448e-973a-a4d7e456df90,zuzana.kollarova622@azet.sk,18954637,PX-722-844,,FALSE,8/28/2019 7:06:00,8/28/2019 7:06:00,Household,Standard household,Electricity + Gas,Duo Komfort,DD5-SOLAR,Prievidza,24ZSS2577522520P,ELM210224,FALSE,Quarterly,4/4/2026 1:50:00,12009,6773,1601,12/31/2026 0:00:00,Email,Quarterly,4/30/2026 0:00:00,116.34,0,Bank transfer,FALSE,2,FALSE,130.64,TRUE,5/10/2026 16:24:00,"eZona web, mobile web",,TRUE,FALSE,TRUE,4,3,0,,Deposit change,0,9,FALSE,FALSE,TRUE,TRUE,0,7,7911.12,Email,Prievidza,97101,,,,TRUE
94b4c056-0f1f-4dfb-9131-06029b658b84,lenka.fedorova623@energia-client.sk,29101545,RX-723-154,ADM-962-172,TRUE,12/17/2021 23:32:00,12/17/2021 23:32:00,Business,SME multi-site,Electricity + Gas,Online Domov Duo,DD2-DOM,Ruzomberok,24ZSS1250074209M,ELM287997,TRUE,Monthly,3/4/2026 12:15:00,213495,74196,10002,12/31/2026 0:00:00,Email,Annual,4/30/2026 0:00:00,724.21,1989.23,Direct debit,TRUE,1,FALSE,656.8,TRUE,4/30/2026 17:36:00,"eZona web, mobile web",,FALSE,TRUE,TRUE,0,0,1,6/26/2025 22:47:00,Tariff consultation,3,10,FALSE,TRUE,FALSE,TRUE,1,4,29692.61,SMS,Ruzomberok,03401,42,682000,s.r.o.,TRUE
7c962ed6-57d0-4e5a-b5cf-38f58c3fb377,robert.kovac624@gmail.com,17941685,LM-724-798,,FALSE,10/21/2022 15:53:00,10/21/2022 15:53:00,Household,Standard household,Electricity,Firma Elektrina Plus,DD5-SOLAR,Liptovsky Mikulas,24ZSS6382612055P,ELM924509,FALSE,Annual,4/15/2026 5:35:00,24289,5459,0,12/31/2026 0:00:00,Email,Quarterly,4/30/2026 0:00:00,56.04,0,Bank transfer,FALSE,0,FALSE,53.23,FALSE,,,,FALSE,FALSE,FALSE,1,0,1,12/11/2025 16:32:00,Invoice copy,1,6,FALSE,FALSE,FALSE,FALSE,1,4,1120.8,Phone,Liptovsky Mikulas,03101,,,,FALSE
05a85bc2-e2b8-4b92-995c-e803c68460ea,marek.lackova625@gmail.com,13504870,PX-725-580,,FALSE,4/16/2023 10:14:00,4/16/2023 10:14:00,Household,Solar interest,Gas,Plyn Domov,DMP1-PLYN,Prievidza,24ZSS4178324871K,GAS618005,TRUE,Monthly,4/21/2026 16:16:00,26483,0,1174,12/31/2026 0:00:00,Email,Monthly,4/30/2026 0:00:00,102.57,0,Direct debit,FALSE,0,FALSE,118.42,TRUE,3/16/2026 22:06:00,"eZona web, mobile web",,FALSE,TRUE,TRUE,3,1,0,9/2/2025 17:09:00,Meter reading,9,1,FALSE,FALSE,FALSE,TRUE,0,6,5333.64,eZona message,Prievidza,97101,,,,FALSE
137de4bf-e61d-45b4-83cc-60dbb297f760,jana.fedorova626@azet.sk,16000722,ZX-726-752,,FALSE,6/8/2021 10:23:00,6/8/2021 10:23:00,Household,High consumption,Electricity + Gas,Online Domov Duo,VS-ELE,Zilina,24ZSS3374158619P,ELM310061,FALSE,Quarterly,5/5/2026 20:19:00,17790,7004,810,12/31/2026 0:00:00,Email,Quarterly,4/30/2026 0:00:00,92.88,0,Direct debit,TRUE,0,FALSE,95.31,TRUE,1/25/2025 23:11:00,"eZona web, API",Android,TRUE,TRUE,FALSE,1,2,1,,Complaint,1,9,FALSE,FALSE,FALSE,TRUE,1,3,2136.24,eZona message,Zilina,01001,,,,TRUE
883f33be-7dbd-43b0-946d-931bd673095e,miroslav.simekova627@energia-client.sk,29704010,PX-727-184,,FALSE,7/17/2023 13:15:00,7/17/2023 13:15:00,Business,Public sector,Gas,Firma Plyn Plus,DD2-DOM,Prievidza,24ZSS3644241678K,GAS374930,TRUE,Monthly,3/3/2026 18:29:00,45812,0,10917,12/31/2026 0:00:00,Email,Annual,4/30/2026 0:00:00,695.44,0,Card,FALSE,0,FALSE,814.89,TRUE,6/24/2025 3:53:00,"eZona web, API",,TRUE,FALSE,TRUE,4,1,1,4/7/2025 8:27:00,Contact support,5,3,FALSE,FALSE,FALSE,TRUE,1,2,19472.32,SMS,Prievidza,97101,10,682000,s.r.o.,TRUE
f50cc056-0f9b-48a2-92a6-83dc4bd880ef,veronika.tothova628@gmail.com,17367810,BB-728-433,,FALSE,4/21/2025 6:57:00,4/21/2025 6:57:00,Household,Price sensitive,Electricity + Gas,Duo Komfort,VS-ELE,Banska Bystrica,24ZSS8292336792P,ELM742464,FALSE,Quarterly,5/7/2026 1:12:00,32019,7524,801,12/31/2026 0:00:00,Email,Monthly,4/30/2026 0:00:00,70.48,0,Card,FALSE,1,FALSE,65.88,FALSE,,,,FALSE,FALSE,TRUE,0,3,0,,Contact support,1,10,FALSE,FALSE,FALSE,FALSE,4,6,4510.72,SMS,Banska Bystrica,97401,,,,FALSE
b32720c5-0f50-467a-8038-ba6d49ef37f4,miroslav.horvath629@gmail.com,18112559,MX-729-263,,FALSE,3/10/2023 8:30:00,3/10/2023 8:30:00,Household,Solar interest,Gas,Plyn Domov,DD1-DOM,Martin,24ZSS9514233856P,GAS876479,TRUE,Monthly,3/14/2026 2:25:00,15503,0,1392,12/31/2026 0:00:00,Email,Quarterly,4/30/2026 0:00:00,151.56,98.1,Card,FALSE,0,FALSE,171.96,TRUE,6/4/2025 21:38:00,"eZona web, API",iOS,TRUE,FALSE,FALSE,4,1,4,12/31/2025 17:34:00,Complaint,8,2,FALSE,FALSE,FALSE,TRUE,0,4,3637.44,eZona message,Martin,03601,,,,TRUE
b0fd030a-2912-4583-ab57-8e854f1ee92d,miroslav.mikulas630@example.sk,17035523,PX-730-226,,FALSE,2/17/2021 13:08:00,2/17/2021 13:08:00,Household,Green energy,Electricity + Gas,Online Domov Duo,B2B-GAS,Poprad,24ZSS8118829104K,ELM441737,FALSE,Quarterly,5/2/2026 19:22:00,23428,7462,741,12/31/2026 0:00:00,Email,Annual,4/30/2026 0:00:00,115.17,0,Card,FALSE,0,FALSE,95.57,TRUE,2/16/2025 1:12:00,"eZona web, mobile web",Android,TRUE,FALSE,FALSE,2,2,0,,Contact support,3,7,FALSE,FALSE,TRUE,TRUE,1,1,3800.61,Email,Poprad,05801,,,,TRUE
66df90e6-d3c5-4d10-8af4-018ba0c7bbdd,andrea.mikulas631@example.sk,12425546,ZX-731-842,,FALSE,6/21/2022 6:44:00,6/21/2022 6:44:00,Household,Price sensitive,Gas,Firma Plyn Plus,DD2-DOM,Zvolen,24ZSS7611978150M,GAS756599,FALSE,Quarterly,5/3/2026 22:46:00,19484,0,1427,12/31/2026 0:00:00,Email,Annual,4/30/2026 0:00:00,96.49,95.98,Direct debit,TRUE,1,FALSE,84.89,TRUE,3/19/2025 16:52:00,eZona web,,FALSE,FALSE,TRUE,4,3,1,5/22/2025 5:38:00,Contact support,7,1,FALSE,TRUE,FALSE,TRUE,0,5,4149.07,eZona message,Zvolen,96001,,,,TRUE
69ade633-c58e-41db-828e-235a5da3cc8d,katarina.bartosova632@municipal.sk,20964512,MX-732-925,,FALSE,12/30/2019 16:46:00,12/30/2019 16:46:00,Business,Small business,Electricity + Gas,Online Domov Duo,VS-ELE,Martin,24ZSS8397586459P,ELM974648,TRUE,Monthly,3/31/2026 0:10:00,88954,90940,6894,12/31/2026 0:00:00,Post,Annual,4/30/2026 0:00:00,639.45,0,Direct debit,FALSE,0,FALSE,677.3,FALSE,,,,TRUE,TRUE,FALSE,5,1,0,,Solar consultation,7,9,FALSE,FALSE,FALSE,FALSE,1,3,24938.55,eZona message,Martin,03601,15,493200,s.r.o.,FALSE
378e9794-7fa0-4b3f-897e-92a807dcb2c2,ivana.danko633@firma.sk,27112104,BB-733-382,,FALSE,8/6/2024 14:50:00,8/6/2024 14:50:00,Business,Retail services,Electricity,Elektrina Online,VS-ELE,Banska Bystrica,24ZSS3261901950K,ELM743421,TRUE,Monthly,3/4/2026 4:47:00,41395,80422,0,12/31/2026 0:00:00,Email,Quarterly,4/30/2026 0:00:00,251.28,0,Postal order,FALSE,0,FALSE,208.42,TRUE,12/29/2025 20:17:00,"eZona web, mobile web",,FALSE,FALSE,TRUE,2,0,1,3/17/2025 19:00:00,Meter reading,6,10,FALSE,FALSE,FALSE,TRUE,1,2,13317.84,SMS,Banska Bystrica,97401,57,861000,neziskova organizacia,TRUE
25a51953-8de4-46a2-86b4-38424e9f92f3,marek.lackova634@azet.sk,15764197,PX-734-697,,FALSE,7/4/2019 20:32:00,7/4/2019 20:32:00,Household,High consumption,Gas,Plyn Domov,B2B-GAS,Prievidza,24ZSS6709376911P,GAS250890,TRUE,Monthly,4/20/2026 10:31:00,36436,0,1171,12/31/2026 0:00:00,Email,Monthly,4/30/2026 0:00:00,129.41,0,Direct debit,TRUE,1,FALSE,121.76,TRUE,3/5/2026 20:23:00,eZona web,,FALSE,TRUE,TRUE,4,2,0,,Solar consultation,4,5,FALSE,FALSE,FALSE,TRUE,1,1,9317.52,eZona message,Prievidza,97101,,,,TRUE
d31006da-131e-4ea3-a00b-9a2752d00eec,katarina.tothova635@energia-client.sk,28932369,CX-735-549,ADM-421-704,FALSE,5/12/2024 13:54:00,5/12/2024 13:54:00,Business,SME multi-site,Gas,Firma Plyn Plus,DD1-DOM,Cadca,24ZSS6251805426Q,GAS215788,FALSE,Quarterly,3/21/2026 3:39:00,23005,0,12442,12/31/2026 0:00:00,Email,Quarterly,4/30/2026 0:00:00,846.31,1462.67,Card,FALSE,1,TRUE,804.08,FALSE,,,,FALSE,FALSE,FALSE,1,0,0,,Deposit change,3,5,FALSE,TRUE,FALSE,FALSE,0,6,36391.33,SMS,Cadca,02201,52,561000,obec,FALSE
bd237210-972c-4c4c-91de-4332eb3455a8,daniel.halas636@example.sk,13930588,ZX-736-127,,FALSE,12/5/2025 18:48:00,12/5/2025 18:48:00,Household,Green energy,Electricity,Elektrina Domov,DD2-DOM,Zilina,24ZSS8850693318Q,ELM769917,TRUE,Monthly,3/21/2026 7:50:00,11712,5282,0,12/31/2026 0:00:00,Email,Annual,4/30/2026 0:00:00,68,0,Direct debit,TRUE,2,FALSE,73.8,FALSE,,,,TRUE,FALSE,TRUE,0,2,1,3/27/2025 5:53:00,Contact support,0,7,FALSE,FALSE,TRUE,FALSE,1,6,2312,eZona message,Zilina,01001,,,,FALSE
ab5bf47d-0974-4ce9-b458-742ba3943391,zuzana.kral637@gmail.com,11259338,ZX-737-854,,FALSE,5/26/2020 15:47:00,5/26/2020 15:47:00,Household,Solar interest,Gas,Firma Plyn Plus,VS-ELE,Zvolen,24ZSS3881909786Q,GAS475565,TRUE,Monthly,4/6/2026 17:44:00,37458,0,1963,12/31/2026 0:00:00,Email,Quarterly,4/30/2026 0:00:00,142.97,0,Card,FALSE,1,FALSE,150.34,TRUE,7/2/2025 5:45:00,mobile web,,TRUE,TRUE,TRUE,5,1,1,8/19/2025 2:44:00,Tariff consultation,8,2,FALSE,FALSE,FALSE,TRUE,0,3,6719.59,Email,Zvolen,96001,,,,TRUE
100d6d3d-6c4d-490e-92c7-0aab64465157,michal.kovac638@post.sk,11794376,RX-738-877,,FALSE,12/10/2018 12:58:00,12/10/2018 12:58:00,Household,Senior assisted,Electricity,Elektrina Domov,DMP1-PLYN,Ruzomberok,24ZSS6645059684K,ELM267980,TRUE,Monthly,5/5/2026 14:25:00,21807,3487,0,12/31/2026 0:00:00,Email,Quarterly,4/30/2026 0:00:00,68.66,62.25,Bank transfer,FALSE,0,FALSE,78.63,TRUE,10/19/2025 4:26:00,eZona web,,TRUE,TRUE,TRUE,2,2,1,,Solar consultation,1,6,FALSE,FALSE,FALSE,TRUE,1,3,4600.22,eZona message,Ruzomberok,03401,,,,TRUE
12b04407-1508-4a0a-b669-88939a09a520,juraj.fedorova639@example-business.sk,27248588,ZX-739-826,,FALSE,8/7/2022 14:46:00,8/7/2022 14:46:00,Business,Public sector,Electricity,Firma Elektrina Plus,B2B-ELE,Zilina,24ZSS5630003250Q,ELM538940,FALSE,Annual,4/6/2026 23:07:00,9992,115341,0,12/31/2026 0:00:00,Email,Quarterly,4/30/2026 0:00:00,107.91,184.06,Postal order,FALSE,1,FALSE,122.68,FALSE,,,,FALSE,FALSE,TRUE,0,3,1,8/6/2025 13:15:00,Tariff consultation,0,10,FALSE,FALSE,FALSE,FALSE,1,6,5503.41,Email,Zilina,01001,23,256200,neziskova organizacia,FALSE
06804ebb-77de-4381-9609-1af764e5f9ff,marek.novakova640@energia-client.sk,26323897,CX-740-741,,FALSE,12/21/2019 22:54:00,12/21/2019 22:54:00,Business,Retail services,Electricity + Gas,Online Domov Duo,DMP1-PLYN,Cadca,24ZSS7308393610M,ELM101593,FALSE,Annual,4/12/2026 17:42:00,168214,24840,7556,12/31/2026 0:00:00,Post,Quarterly,4/30/2026 0:00:00,512.3,0,Postal order,FALSE,1,FALSE,594.66,TRUE,8/24/2025 6:02:00,eZona web,,FALSE,FALSE,FALSE,4,0,1,4/24/2026 4:09:00,Complaint,6,5,FALSE,FALSE,FALSE,FALSE,3,2,24078.1,SMS,Cadca,02201,20,682000,a.s.,TRUE
38fc455f-3bb2-4bf9-a152-7455f029a4c9,ivana.urban641@example.sk,13777650,TX-741-559,,FALSE,2/11/2022 2:51:00,2/11/2022 2:51:00,Household,High consumption,Electricity + Gas,Online Domov Duo,DD2-DOM,Trencin,24ZSS1798837330M,ELM946893,TRUE,Monthly,3/21/2026 18:12:00,5618,8774,951,12/31/2026 0:00:00,Post,Monthly,4/30/2026 0:00:00,87.97,0,Bank transfer,FALSE,3,FALSE,81.56,FALSE,,,,FALSE,FALSE,TRUE,3,1,1,10/28/2025 4:42:00,Tariff consultation,7,10,FALSE,FALSE,FALSE,FALSE,0,6,3694.74,SMS,Trencin,91101,,,,FALSE
2be66b55-e9cf-41dd-a5cd-1e71506d8a2e,marek.kovac642@post.sk,16538803,PX-742-274,,FALSE,11/9/2022 7:02:00,11/9/2022 7:02:00,Household,Digital household,Electricity + Gas,Duo Komfort,B2B-DUO,Poprad,24ZSS6953250444M,ELM136629,TRUE,Monthly,3/5/2026 13:06:00,16509,5547,899,12/31/2026 0:00:00,Email,Quarterly,4/30/2026 0:00:00,100.5,131.63,Direct debit,TRUE,1,FALSE,84.63,FALSE,,,,FALSE,FALSE,TRUE,0,1,1,10/7/2025 13:27:00,Complaint,2,7,FALSE,FALSE,TRUE,FALSE,1,5,2211,Phone,Poprad,05801,,,,FALSE
8fb23a93-94c2-44fe-8214-1341a3460d0a,monika.kovac643@example.sk,12789613,PX-743-921,,FALSE,9/19/2018 22:59:00,9/19/2018 22:59:00,Household,Green energy,Gas,Plyn Komfort,DD1-DOM,Poprad,24ZSS3266276817P,GAS671047,FALSE,Quarterly,5/9/2026 9:37:00,36389,0,513,12/31/2026 0:00:00,Email,Monthly,4/30/2026 0:00:00,57.22,0,Direct debit,TRUE,1,FALSE,55.42,TRUE,8/6/2025 15:08:00,mobile web,Android,TRUE,FALSE,FALSE,4,0,1,,Solar consultation,7,3,FALSE,FALSE,TRUE,TRUE,0,4,3147.1,Phone,Poprad,05801,,,,TRUE
6d6d4db2-661c-4764-a495-df858ef60860,peter.tothova644@post.sk,16289208,PX-744-509,,FALSE,12/24/2024 14:25:00,12/24/2024 14:25:00,Household,Senior assisted,Electricity + Gas,Online Domov Duo,B2B-ELE,Poprad,24ZSS2977606877Q,ELM667862,TRUE,Monthly,3/24/2026 12:27:00,18634,6949,1001,12/31/2026 0:00:00,Email,Quarterly,4/30/2026 0:00:00,107.38,0,Direct debit,TRUE,0,FALSE,111.48,TRUE,4/8/2026 9:18:00,eZona web,,FALSE,TRUE,TRUE,1,0,1,3/17/2025 8:25:00,Meter reading,6,9,FALSE,FALSE,FALSE,FALSE,0,1,4617.34,Phone,Poprad,05801,,,,TRUE
a96e925e-8fb4-40c6-9118-d9b37651f45e,marek.polak645@azet.sk,14677321,LM-745-521,,FALSE,9/28/2020 0:09:00,9/28/2020 0:09:00,Household,Price sensitive,Electricity,Elektrina Domov,B2B-GAS,Liptovsky Mikulas,24ZSS9509766560Q,ELM221367,FALSE,Annual,4/3/2026 15:11:00,29956,5139,0,12/31/2026 0:00:00,Email,Annual,4/30/2026 0:00:00,21.98,0,Card,FALSE,0,FALSE,24.49,TRUE,11/15/2025 12:49:00,eZona web,,TRUE,TRUE,FALSE,0,3,0,,Solar consultation,6,6,TRUE,FALSE,TRUE,TRUE,1,0,835.24,Email,Liptovsky Mikulas,03101,,,,TRUE
408471fc-9685-4f92-8848-9cd1ef31ab1b,katarina.marekova646@example.sk,18674260,TX-746-406,,FALSE,6/22/2021 14:06:00,6/22/2021 14:06:00,Household,Senior assisted,Electricity,Firma Elektrina Plus,B2B-ELE,Trencin,24ZSS7137594615P,ELM933272,TRUE,Monthly,3/9/2026 17:58:00,47518,4704,0,12/31/2026 0:00:00,Email,Annual,4/30/2026 0:00:00,32.89,31.88,Bank transfer,FALSE,0,FALSE,34.43,TRUE,3/4/2025 8:36:00,"eZona web, mobile web",,FALSE,FALSE,FALSE,5,1,0,,Contact support,4,7,FALSE,FALSE,FALSE,FALSE,0,4,789.36,Phone,Trencin,91101,,,,TRUE
4c554ec6-a2ad-4052-976d-1bbfb4c595d8,michal.halas647@example-business.sk,26214600,BB-747-404,,TRUE,4/14/2023 17:53:00,4/14/2023 17:53:00,Business,Public sector,Electricity + Gas,Firma Energia Plus,B2B-GAS,Banska Bystrica,24ZSS4389742101Q,ELM912147,TRUE,Monthly,3/30/2026 4:41:00,147768,51471,944,12/31/2026 0:00:00,Email,Annual,4/30/2026 0:00:00,144.7,0,Direct debit,TRUE,0,FALSE,120.03,TRUE,2/28/2026 8:07:00,"eZona web, mobile web",,FALSE,FALSE,TRUE,4,2,1,9/24/2025 6:05:00,Complaint,2,9,FALSE,TRUE,FALSE,TRUE,0,4,4919.8,SMS,Banska Bystrica,97401,38,852000,s.r.o.,TRUE
fc5f5998-6ba0-466a-8be6-19c269c13356,natalia.novakova648@gmail.com,14883104,TX-748-443,,FALSE,5/26/2022 10:17:00,5/26/2022 10:17:00,Household,High consumption,Electricity + Gas,Duo Komfort,B2B-DUO,Trencin,24ZSS7614736599M,ELM793806,FALSE,Annual,4/1/2026 0:50:00,11080,7318,702,12/31/2026 0:00:00,Post,Monthly,4/30/2026 0:00:00,74,0,Direct debit,TRUE,0,FALSE,82.46,TRUE,7/8/2025 2:33:00,"eZona web, API",,TRUE,FALSE,TRUE,3,0,1,,Solar consultation,4,7,FALSE,FALSE,FALSE,FALSE,1,4,4588,Email,Trencin,91101,,,,FALSE
e178aec6-5ae7-44ab-9016-afd5856c4f3a,katarina.kollarova649@gmail.com,18610438,ZX-749-378,,FALSE,10/30/2020 1:08:00,10/30/2020 1:08:00,Household,Standard household,Electricity,Verejna Sprava Elektrina,B2B-ELE,Zilina,24ZSS1157511550K,ELM864544,FALSE,Annual,4/13/2026 11:52:00,28248,1276,0,12/31/2026 0:00:00,Email,Monthly,4/30/2026 0:00:00,41.24,0,Direct debit,FALSE,1,FALSE,34.33,TRUE,3/1/2026 17:58:00,"eZona web, mobile web",iOS,FALSE,TRUE,TRUE,5,2,1,1/11/2026 16:33:00,Move contract,4,7,FALSE,FALSE,FALSE,FALSE,0,1,824.8,Phone,Zilina,01001,,,,TRUE
87928fc5-ac14-40d7-8725-d244d9639d9f,ivana.bartosova650@gmail.com,11080574,RX-750-311,,FALSE,9/27/2020 4:38:00,9/27/2020 4:38:00,Household,Green energy,Electricity,Firma Elektrina Plus,DMP1-PLYN,Ruzomberok,24ZSS9277967090Q,ELM629002,TRUE,Monthly,4/23/2026 9:20:00,29205,7160,0,12/31/2026 0:00:00,Email,Annual,4/30/2026 0:00:00,30.36,5.14,Postal order,FALSE,0,FALSE,26.91,TRUE,11/27/2025 11:50:00,eZona web,,TRUE,FALSE,TRUE,2,1,1,4/2/2026 11:36:00,Tariff consultation,6,10,FALSE,TRUE,TRUE,TRUE,1,6,1032.24,Phone,Ruzomberok,03401,,,,FALSE
a750ef23-d5b8-4758-a313-0aad14b76e30,ivana.balaz651@post.sk,17671514,ZX-751-390,,FALSE,7/17/2019 19:14:00,7/17/2019 19:14:00,Household,Digital household,Electricity + Gas,Duo Komfort,VS-ELE,Zilina,24ZSS1689986668P,ELM391549,TRUE,Monthly,4/30/2026 12:46:00,25682,8786,2200,12/31/2026 0:00:00,Email,Monthly,4/30/2026 0:00:00,141.67,0,Direct debit,TRUE,5,FALSE,156.69,TRUE,8/6/2025 22:06:00,"eZona web, mobile web",,TRUE,FALSE,FALSE,1,3,4,10/27/2025 1:37:00,Deposit change,7,10,FALSE,FALSE,FALSE,TRUE,1,9,7650.18,eZona message,Zilina,01001,,,,TRUE
49ec8032-af29-4be5-81ae-519ff3aebc63,daniel.danko652@firma.sk,28699762,PX-752-773,,TRUE,9/16/2022 10:30:00,9/16/2022 10:30:00,Business,SME multi-site,Gas,Firma Plyn Plus,B2B-DUO,Poprad,24ZSS8828586333P,GAS907150,FALSE,Annual,5/10/2026 17:32:00,34400,0,1699,12/31/2026 0:00:00,Email,Monthly,4/30/2026 0:00:00,281.45,714.26,Direct debit,TRUE,1,TRUE,303.5,TRUE,9/12/2025 22:47:00,"eZona web, mobile web",,TRUE,FALSE,TRUE,5,1,1,10/10/2025 16:48:00,Tariff consultation,6,3,FALSE,FALSE,TRUE,TRUE,1,3,16605.55,eZona message,Poprad,05801,57,861000,s.r.o.,TRUE
5d359656-f89f-4e7a-8386-2fc690b13fff,natalia.polak653@example-business.sk,27304778,CX-753-859,ADM-138-758,TRUE,6/25/2019 22:58:00,6/25/2019 22:58:00,Business,Small business,Electricity + Gas,Firma Energia Plus,DD5-SOLAR,Cadca,24ZSS6533099979P,ELM692906,TRUE,Monthly,4/7/2026 1:46:00,38548,75710,11810,12/31/2026 0:00:00,Email,Monthly,4/30/2026 0:00:00,749.93,0,Direct debit,TRUE,0,FALSE,789.82,FALSE,,,,TRUE,FALSE,TRUE,0,1,0,,Move contract,1,10,FALSE,FALSE,FALSE,FALSE,1,3,26247.55,Email,Cadca,02201,36,551000,a.s.,FALSE
09106aaf-e784-45fc-8b88-1abca7c6021e,tomas.varga654@municipal.sk,22815955,ZX-754-487,,TRUE,1/25/2026 2:43:00,1/25/2026 2:43:00,Business,Retail services,Gas,Plyn Komfort,DMP1-PLYN,Zvolen,24ZSS1274495584M,GAS780785,FALSE,Quarterly,5/1/2026 6:00:00,103226,0,9707,12/31/2026 0:00:00,Post,Annual,4/30/2026 0:00:00,745.89,0,Bank transfer,FALSE,1,FALSE,663.88,TRUE,11/24/2025 9:59:00,"eZona web, API",Android,FALSE,FALSE,TRUE,4,2,0,7/5/2025 21:23:00,Meter reading,1,4,TRUE,FALSE,FALSE,FALSE,0,4,44753.4,SMS,Zvolen,96001,19,852000,zivnostnik,TRUE
8dbec82f-231b-4cc1-9a5f-285a9a514b03,jana.fedorova655@post.sk,19165244,PX-755-813,,FALSE,12/23/2018 17:27:00,12/23/2018 17:27:00,Household,High consumption,Gas,Firma Plyn Plus,DMP1-PLYN,Poprad,24ZSS6080564197Q,GAS425065,TRUE,Monthly,3/24/2026 18:56:00,26658,0,1872,12/31/2026 0:00:00,Post,Quarterly,4/30/2026 0:00:00,170.96,0,Direct debit,TRUE,1,FALSE,172,TRUE,8/4/2025 9:47:00,"eZona web, mobile web",,TRUE,TRUE,TRUE,0,3,3,,Contact support,0,5,FALSE,FALSE,TRUE,FALSE,0,4,7351.28,eZona message,Poprad,05801,,,,TRUE
1635e195-316c-43f7-9800-dad9784c0ed7,veronika.lackova656@post.sk,11067757,BB-756-539,,FALSE,9/1/2018 21:04:00,9/1/2018 21:04:00,Household,Standard household,Electricity + Gas,Firma Energia Plus,B2B-GAS,Banska Bystrica,24ZSS1007661203M,ELM551149,FALSE,Annual,5/8/2026 2:34:00,21927,5355,1027,12/31/2026 0:00:00,Email,Monthly,4/30/2026 0:00:00,91.5,18.61,Card,FALSE,0,FALSE,79.25,TRUE,5/13/2025 23:51:00,eZona web,,FALSE,FALSE,TRUE,0,2,0,,Complaint,3,10,TRUE,FALSE,FALSE,TRUE,3,6,2196,Email,Banska Bystrica,97401,,,,TRUE
07628319-425d-42fb-81d6-470aae57d520,robert.bartosova657@gmail.com,12230476,PX-757-575,,FALSE,1/13/2023 6:20:00,1/13/2023 6:20:00,Household,Green energy,Gas,Firma Plyn Plus,DD5-SOLAR,Poprad,24ZSS7956609194M,GAS111667,TRUE,Monthly,4/19/2026 12:34:00,35229,0,890,12/31/2026 0:00:00,Email,Quarterly,4/30/2026 0:00:00,110.95,0,Direct debit,TRUE,0,FALSE,105.71,TRUE,12/17/2025 12:13:00,"eZona web, mobile web",Android,FALSE,TRUE,FALSE,4,3,0,9/26/2025 20:09:00,Move contract,3,3,FALSE,FALSE,TRUE,TRUE,1,0,4881.8,SMS,Poprad,05801,,,,TRUE
ef2655c6-2f70-47a9-b32b-abb0f4c0826a,pavol.marekova658@energia-client.sk,27497486,PX-758-934,,FALSE,5/21/2018 10:07:00,5/21/2018 10:07:00,Business,Hospitality,Gas,Plyn Domov,B2B-GAS,Poprad,24ZSS2853765111P,GAS759446,TRUE,Monthly,5/1/2026 9:46:00,148326,0,4145,12/31/2026 0:00:00,Email,Annual,4/30/2026 0:00:00,317.98,0,Card,FALSE,0,FALSE,278.48,TRUE,8/18/2025 10:03:00,eZona web,iOS,TRUE,FALSE,FALSE,2,3,0,1/27/2025 9:37:00,Invoice copy,7,5,TRUE,TRUE,FALSE,TRUE,1,6,8267.48,Email,Poprad,05801,47,620100,neziskova organizacia,TRUE
b8effacd-a46b-4627-b7bf-91f90ddf38a3,simona.simekova659@example-business.sk,20509094,PX-759-866,,FALSE,10/27/2025 7:02:00,10/27/2025 7:02:00,Business,Small business,Electricity,Verejna Sprava Elektrina,B2B-ELE,Prievidza,24ZSS2295548188M,ELM337346,TRUE,Monthly,5/4/2026 10:58:00,87292,33350,0,12/31/2026 0:00:00,Email,Annual,4/30/2026 0:00:00,104.34,0,Direct debit,TRUE,5,FALSE,90.11,TRUE,12/16/2025 4:15:00,"eZona web, API",,FALSE,TRUE,TRUE,3,2,0,6/24/2025 12:08:00,Complaint,6,6,FALSE,TRUE,FALSE,TRUE,0,5,5321.34,Email,Prievidza,97101,26,561000,a.s.,TRUE
d6bf9246-e609-49fb-a60a-40912d18ff32,simona.tothova660@example.sk,13637384,ZX-760-906,,FALSE,5/25/2024 14:50:00,5/25/2024 14:50:00,Household,Green energy,Electricity + Gas,Duo Komfort,VS-ELE,Zvolen,24ZSS5427206769K,ELM489518,TRUE,Monthly,4/2/2026 23:07:00,18933,3051,1855,12/31/2026 0:00:00,Email,Quarterly,4/30/2026 0:00:00,133.6,0,Direct debit,TRUE,1,FALSE,141.33,TRUE,3/3/2026 15:05:00,eZona web,,TRUE,TRUE,TRUE,4,2,0,,Tariff consultation,6,6,FALSE,FALSE,FALSE,TRUE,1,4,6546.4,Email,Zvolen,96001,,,,TRUE
c6197b5a-03a9-46ab-81cb-78d2ce96489f,simona.halas661@azet.sk,19311832,LM-761-792,,FALSE,4/16/2021 15:41:00,4/16/2021 15:41:00,Household,High consumption,Electricity,Elektrina Online,DD2-DOM,Liptovsky Mikulas,24ZSS5523083418P,ELM773968,FALSE,Annual,4/8/2026 16:11:00,25220,1668,0,12/31/2026 0:00:00,Email,Annual,4/30/2026 0:00:00,73.32,0,Bank transfer,FALSE,1,FALSE,65.24,TRUE,2/23/2026 9:23:00,mobile web,,TRUE,TRUE,TRUE,3,1,0,,Meter reading,7,3,FALSE,FALSE,FALSE,TRUE,0,1,3152.76,Phone,Liptovsky Mikulas,03101,,,,TRUE
1e3edca4-34c9-40fd-9281-6df2892c33a2,pavol.marekova662@gmail.com,16431744,TX-762-819,,FALSE,8/5/2022 8:07:00,8/5/2022 8:07:00,Household,Price sensitive,Gas,Plyn Domov,DD2-DOM,Trencin,24ZSS9126831945M,GAS649441,TRUE,Monthly,3/28/2026 16:03:00,20264,0,941,12/31/2026 0:00:00,Email,Monthly,4/30/2026 0:00:00,72.76,80.08,Postal order,FALSE,1,FALSE,82.85,TRUE,5/5/2025 20:13:00,eZona web,,TRUE,FALSE,TRUE,2,3,2,6/2/2025 10:11:00,Contact support,5,6,FALSE,FALSE,FALSE,TRUE,5,5,4074.56,Email,Trencin,91101,,,,FALSE
30b092ff-ce17-4a41-b78e-19c637b10725,lenka.simon663@azet.sk,19676814,MX-763-722,,FALSE,8/24/2023 7:40:00,8/24/2023 7:40:00,Household,Green energy,Electricity + Gas,Online Domov Duo,DMP1-PLYN,Martin,24ZSS5399447100M,ELM701527,TRUE,Monthly,4/14/2026 22:57:00,32338,5601,1288,12/31/2026 0:00:00,Email,Monthly,4/30/2026 0:00:00,125.9,0,Postal order,FALSE,0,FALSE,104.7,TRUE,3/2/2026 1:01:00,"eZona web, API",Android,TRUE,TRUE,TRUE,3,0,1,2/25/2026 1:13:00,Move contract,0,7,FALSE,FALSE,TRUE,TRUE,1,6,8057.6,Phone,Martin,03601,,,,FALSE
7abca6c5-577d-4be1-b1c2-d640f392e3b0,natalia.balaz664@azet.sk,18049157,TX-764-141,,FALSE,11/11/2024 19:52:00,11/11/2024 19:52:00,Household,Green energy,Gas,Firma Plyn Plus,DMP1-PLYN,Trencin,24ZSS8307360253K,GAS652713,TRUE,Monthly,5/9/2026 18:18:00,24427,0,1928,12/31/2026 0:00:00,Email,Quarterly,4/30/2026 0:00:00,148.04,0,Direct debit,TRUE,0,FALSE,165.75,TRUE,2/23/2025 10:07:00,eZona web,,FALSE,TRUE,FALSE,5,2,1,,Move contract,2,2,FALSE,FALSE,TRUE,TRUE,2,5,6069.64,eZona message,Trencin,91101,,,,FALSE
6188a3fe-da12-4788-ae09-becb644a2615,robert.bartosova665@municipal.sk,23407410,PX-765-175,ADM-848-861,TRUE,1/29/2025 6:40:00,1/29/2025 6:40:00,Business,Public sector,Gas,Firma Plyn Plus,B2B-DUO,Prievidza,24ZSS5909857219K,GAS455553,TRUE,Monthly,3/21/2026 5:16:00,155312,0,13246,12/31/2026 0:00:00,Post,Annual,4/30/2026 0:00:00,978.53,0,Direct debit,FALSE,1,FALSE,901.16,FALSE,,,,TRUE,TRUE,TRUE,3,3,0,12/19/2025 17:17:00,Invoice copy,0,2,FALSE,TRUE,FALSE,FALSE,1,3,52840.62,Email,Prievidza,97101,43,256200,zivnostnik,FALSE
0206314d-1fbc-408c-aead-c98dd32908c0,natalia.mikulas666@post.sk,14506042,PX-766-407,,FALSE,8/1/2024 17:31:00,8/1/2024 17:31:00,Household,Solar interest,Electricity,Elektrina Online,B2B-GAS,Prievidza,24ZSS4342054867P,ELM828973,FALSE,Annual,5/1/2026 17:31:00,17003,3240,0,12/31/2026 0:00:00,Email,Quarterly,4/30/2026 0:00:00,66.62,52.2,Card,FALSE,0,FALSE,77,TRUE,1/24/2026 15:12:00,mobile web,,TRUE,FALSE,TRUE,5,0,0,1/20/2026 0:16:00,Tariff consultation,7,9,FALSE,FALSE,FALSE,TRUE,0,2,3264.38,Phone,Prievidza,97101,,,,TRUE
bdc264a1-ef66-484c-8cf5-aaaf04dd0dce,samuel.balaz667@gmail.com,11298382,LM-767-435,,FALSE,12/10/2025 14:09:00,12/10/2025 14:09:00,Household,Green energy,Gas,Plyn Domov,B2B-DUO,Liptovsky Mikulas,24ZSS5860179037M,GAS195972,TRUE,Monthly,3/13/2026 10:28:00,43814,0,1237,12/31/2026 0:00:00,Email,Quarterly,4/30/2026 0:00:00,99.04,0,Direct debit,TRUE,0,FALSE,105.69,TRUE,1/28/2026 7:02:00,mobile web,,FALSE,FALSE,TRUE,2,2,1,,Invoice copy,1,2,FALSE,FALSE,TRUE,TRUE,1,4,6338.56,Phone,Liptovsky Mikulas,03101,,,,TRUE
2cb08ccc-9763-418d-99e0-52183fbc341f,juraj.kral668@gmail.com,12108789,PX-768-280,,FALSE,3/20/2024 3:40:00,3/20/2024 3:40:00,Household,Digital household,Electricity,Verejna Sprava Elektrina,B2B-ELE,Prievidza,24ZSS6932984283Q,ELM858343,TRUE,Monthly,5/3/2026 1:03:00,36557,8163,0,12/31/2026 0:00:00,Email,Quarterly,4/30/2026 0:00:00,75.55,0,Direct debit,TRUE,0,FALSE,70.02,TRUE,12/19/2025 21:42:00,eZona web,Android,TRUE,FALSE,FALSE,5,1,1,2/26/2026 2:20:00,Complaint,2,9,TRUE,TRUE,TRUE,TRUE,1,5,3173.1,eZona message,Prievidza,97101,,,,TRUE
fc0c6de3-f367-4aed-bd72-86c5cb90c64b,katarina.bartosova669@energia-client.sk,29916612,ZX-769-168,,FALSE,11/1/2023 14:46:00,11/1/2023 14:46:00,Business,SME multi-site,Electricity + Gas,Online Domov Duo,B2B-GAS,Zilina,24ZSS4986049977P,ELM315294,FALSE,Quarterly,3/21/2026 18:19:00,48883,84770,13211,12/31/2026 0:00:00,Email,Quarterly,4/30/2026 0:00:00,780.71,702.87,Bank transfer,FALSE,0,FALSE,879.17,TRUE,3/26/2025 14:53:00,eZona web,Android,TRUE,TRUE,TRUE,3,1,1,6/21/2025 23:42:00,Meter reading,6,10,FALSE,TRUE,FALSE,FALSE,1,7,28105.56,SMS,Zilina,01001,36,852000,zivnostnik,FALSE
b8a4d026-cbea-4684-ac14-bc6298ebfa36,daniel.fedorova670@firma.sk,26005374,LM-770-469,ADM-635-423,TRUE,10/11/2022 12:44:00,10/11/2022 12:44:00,Business,SME multi-site,Gas,Plyn Domov,VS-ELE,Liptovsky Mikulas,24ZSS6945614513P,GAS633063,TRUE,Monthly,4/2/2026 12:55:00,228055,0,5971,12/31/2026 0:00:00,Email,Annual,4/30/2026 0:00:00,384.41,813.02,Postal order,FALSE,1,TRUE,356.83,TRUE,5/2/2025 7:24:00,"eZona web, API",iOS,FALSE,FALSE,FALSE,5,1,1,4/21/2025 11:37:00,Move contract,6,3,FALSE,FALSE,TRUE,TRUE,1,3,14991.99,SMS,Liptovsky Mikulas,03101,48,682000,zivnostnik,TRUE
70100c9f-f295-4ccb-b43c-5b00f173d683,natalia.polak671@example.sk,16975348,RX-771-404,,FALSE,1/12/2021 23:11:00,1/12/2021 23:11:00,Household,High consumption,Electricity,Elektrina Online,B2B-DUO,Ruzomberok,24ZSS2092923157P,ELM874671,FALSE,Annual,4/26/2026 1:20:00,16299,6888,0,12/31/2026 0:00:00,Post,Monthly,4/30/2026 0:00:00,55.31,0,Direct debit,TRUE,5,FALSE,59.39,TRUE,2/17/2026 22:03:00,eZona web,Android,TRUE,FALSE,FALSE,5,1,4,,Solar consultation,1,8,FALSE,FALSE,FALSE,FALSE,0,10,1603.99,eZona message,Ruzomberok,03401,,,,TRUE
0d83332a-b3a6-45ff-be2b-4ab949709fa2,andrea.kovac672@firma.sk,28604319,ZX-772-161,ADM-542-177,FALSE,8/25/2020 17:36:00,8/25/2020 17:36:00,Business,Small business,Electricity + Gas,Firma Energia Plus,DD1-DOM,Zvolen,24ZSS7382110621Q,ELM794173,TRUE,Monthly,3/28/2026 17:36:00,209332,102380,8867,12/31/2026 0:00:00,Email,Annual,4/30/2026 0:00:00,674.14,416.12,Postal order,FALSE,0,FALSE,638.86,TRUE,3/3/2026 11:33:00,"eZona web, API",iOS,TRUE,FALSE,FALSE,2,3,0,,Tariff consultation,4,10,FALSE,FALSE,FALSE,TRUE,1,5,48538.08,eZona message,Zvolen,96001,3,493200,s.r.o.,TRUE
bd298b1b-c468-4969-b477-869e8b6ba0f3,simona.halas673@post.sk,11275240,ZX-773-600,,FALSE,9/4/2021 19:36:00,9/4/2021 19:36:00,Household,Standard household,Electricity,Elektrina Domov,DD2-DOM,Zilina,24ZSS5980151395Q,ELM433974,FALSE,Quarterly,3/17/2026 6:45:00,8036,7306,0,12/31/2026 0:00:00,Email,Quarterly,4/30/2026 0:00:00,31.39,0,Direct debit,FALSE,0,FALSE,34.66,TRUE,4/23/2025 0:55:00,mobile web,Android,FALSE,FALSE,TRUE,2,0,1,,Complaint,1,9,FALSE,FALSE,TRUE,TRUE,0,5,2008.96,Phone,Zilina,01001,,,,TRUE
20887a35-e699-4ade-8bd8-1467adf8acb0,robert.varga674@firma.sk,27985927,ZX-774-372,,FALSE,5/8/2018 11:53:00,5/8/2018 11:53:00,Business,Public sector,Electricity + Gas,Duo Komfort,DD2-DOM,Zilina,24ZSS1983744060K,ELM307506,TRUE,Monthly,4/6/2026 23:29:00,137041,54211,3022,12/31/2026 0:00:00,Email,Quarterly,4/30/2026 0:00:00,213.51,525.26,Direct debit,TRUE,1,TRUE,237.82,TRUE,6/10/2025 15:58:00,mobile web,,FALSE,TRUE,TRUE,0,1,1,2/3/2025 2:53:00,Contact support,4,10,FALSE,FALSE,FALSE,TRUE,1,2,10889.01,Phone,Zilina,01001,40,861000,s.r.o.,TRUE
1ee7d8dc-c6de-49a5-b9c5-63ef15e6fafe,jana.polak675@post.sk,13042869,ZX-775-716,,FALSE,1/25/2025 18:11:00,1/25/2025 18:11:00,Household,High consumption,Electricity,Elektrina Domov,B2B-GAS,Zilina,24ZSS1127966608Q,ELM303323,TRUE,Monthly,3/15/2026 13:42:00,39295,5322,0,12/31/2026 0:00:00,Email,Quarterly,4/30/2026 0:00:00,32.01,0,Direct debit,TRUE,1,FALSE,30.14,TRUE,3/21/2026 7:14:00,eZona web,Android,FALSE,FALSE,FALSE,5,1,1,10/29/2025 20:42:00,Tariff consultation,6,10,TRUE,FALSE,FALSE,TRUE,2,3,832.26,Phone,Zilina,01001,,,,TRUE
357a3869-e867-4022-ae28-ae46c1471d05,pavol.balaz676@example.sk,15906767,RX-776-962,,FALSE,5/5/2021 8:20:00,5/5/2021 8:20:00,Household,Senior assisted,Electricity + Gas,Online Domov Duo,DD1-DOM,Ruzomberok,24ZSS2836361247P,ELM724342,FALSE,Quarterly,4/10/2026 14:08:00,1537,5227,2049,12/31/2026 0:00:00,Email,Monthly,4/30/2026 0:00:00,167.69,148.33,Direct debit,TRUE,0,FALSE,158.36,TRUE,3/26/2025 15:45:00,"eZona web, mobile web",iOS,FALSE,TRUE,TRUE,2,1,1,12/28/2025 6:39:00,Solar consultation,2,9,FALSE,FALSE,TRUE,TRUE,0,4,10732.16,Email,Ruzomberok,03401,,,,TRUE
cfe9db4d-6d59-4847-acde-cbb4cab1722c,jana.kral677@example.sk,12247630,PX-777-768,,FALSE,3/14/2022 22:45:00,3/14/2022 22:45:00,Household,Green energy,Electricity,Firma Elektrina Plus,DMP1-PLYN,Poprad,24ZSS7275847641P,ELM856263,TRUE,Monthly,4/8/2026 15:55:00,38292,1313,0,12/31/2026 0:00:00,Email,Quarterly,4/30/2026 0:00:00,35.25,0,Direct debit,FALSE,0,FALSE,39.11,TRUE,11/30/2025 17:50:00,"eZona web, mobile web",,FALSE,TRUE,TRUE,5,1,0,10/16/2025 17:07:00,Solar consultation,7,5,FALSE,FALSE,FALSE,TRUE,1,4,1797.75,SMS,Poprad,05801,,,,TRUE
ef26bba6-9101-4aa9-83a9-43ed3706886a,michal.marekova678@example.sk,13909873,ZX-778-328,,FALSE,3/23/2023 1:53:00,3/23/2023 1:53:00,Household,Solar interest,Electricity,Firma Elektrina Plus,DD5-SOLAR,Zvolen,24ZSS9554097531P,ELM637171,FALSE,Annual,4/24/2026 22:40:00,43587,1893,0,12/31/2026 0:00:00,Email,Annual,4/30/2026 0:00:00,44.36,90.53,Postal order,FALSE,1,FALSE,47.08,TRUE,1/16/2026 14:42:00,mobile web,iOS,TRUE,FALSE,FALSE,4,0,1,5/19/2025 17:19:00,Solar consultation,9,7,FALSE,FALSE,FALSE,TRUE,1,5,1863.12,Phone,Zvolen,96001,,,,TRUE
2e44c075-60fb-4466-b5c4-994e95dfc0ab,juraj.lackova679@post.sk,17882345,MX-779-619,,FALSE,9/2/2021 13:19:00,9/2/2021 13:19:00,Household,Solar interest,Gas,Plyn Domov,B2B-DUO,Martin,24ZSS3805606804Q,GAS497283,TRUE,Monthly,5/1/2026 2:38:00,30184,0,361,12/31/2026 0:00:00,Email,Monthly,4/30/2026 0:00:00,66.86,41.94,Direct debit,FALSE,1,FALSE,72.24,TRUE,10/5/2025 22:00:00,eZona web,iOS,FALSE,FALSE,TRUE,2,2,0,3/5/2025 13:56:00,Solar consultation,9,1,FALSE,FALSE,FALSE,TRUE,0,3,1671.5,Email,Martin,03601,,,,TRUE
6293665f-bb38-48ca-b5b5-3dec4af28376,katarina.urban680@post.sk,15881226,RX-780-119,,FALSE,1/2/2023 11:00:00,1/2/2023 11:00:00,Household,Senior assisted,Electricity,Elektrina Online,VS-ELE,Ruzomberok,24ZSS1450499945P,ELM538738,FALSE,Annual,4/9/2026 12:21:00,26527,2935,0,12/31/2026 0:00:00,Email,Quarterly,4/30/2026 0:00:00,23.56,0,Postal order,FALSE,1,FALSE,27.61,FALSE,,,,TRUE,FALSE,TRUE,3,0,1,7/30/2025 8:28:00,Move contract,4,3,FALSE,FALSE,FALSE,FALSE,0,2,541.88,Email,Ruzomberok,03401,,,,FALSE
a083c922-7118-4821-93d3-123060c23bd9,veronika.danko681@example.sk,12196726,RX-781-222,,FALSE,11/25/2019 21:13:00,11/25/2019 21:13:00,Household,Green energy,Electricity + Gas,Duo Komfort,B2B-ELE,Ruzomberok,24ZSS9453058341K,ELM738511,TRUE,Monthly,3/1/2026 17:38:00,29167,2351,309,12/31/2026 0:00:00,Post,Monthly,4/30/2026 0:00:00,83.44,0,Direct debit,TRUE,1,FALSE,82.66,TRUE,2/1/2025 18:51:00,"eZona web, API",,FALSE,FALSE,FALSE,0,3,1,,Contact support,5,8,FALSE,TRUE,TRUE,FALSE,1,1,5840.8,Phone,Ruzomberok,03401,,,,TRUE
b351d88d-1855-4f83-a48f-28d93243a29b,peter.simekova682@municipal.sk,21130268,CX-782-852,ADM-990-979,FALSE,9/21/2019 3:41:00,9/21/2019 3:41:00,Business,Small business,Electricity,Verejna Sprava Elektrina,DD1-DOM,Cadca,24ZSS9575827190K,ELM736251,TRUE,Monthly,4/5/2026 12:01:00,57358,81264,0,12/31/2026 0:00:00,Email,Quarterly,4/30/2026 0:00:00,235.44,0,Direct debit,FALSE,1,FALSE,276.23,TRUE,3/18/2025 1:12:00,mobile web,,FALSE,TRUE,TRUE,3,3,0,,Meter reading,7,8,FALSE,FALSE,TRUE,FALSE,1,6,11301.12,Phone,Cadca,02201,12,682000,obec,TRUE
ec5cc08d-f380-431f-8a1d-adb5a9a2db50,natalia.halas683@post.sk,17537567,LM-783-357,,FALSE,1/1/2025 2:15:00,1/1/2025 2:15:00,Household,Standard household,Gas,Plyn Komfort,DD2-DOM,Liptovsky Mikulas,24ZSS3342713963M,GAS145141,FALSE,Annual,4/22/2026 0:59:00,25745,0,840,12/31/2026 0:00:00,Post,Quarterly,4/30/2026 0:00:00,93.2,0,Direct debit,TRUE,1,FALSE,79.9,TRUE,6/6/2025 5:28:00,mobile web,,FALSE,FALSE,TRUE,3,0,1,,Tariff consultation,4,3,FALSE,FALSE,TRUE,FALSE,5,7,2423.2,SMS,Liptovsky Mikulas,03101,,,,TRUE
4af3e61d-ede4-4674-97d1-f3746d9ee4af,marek.lackova684@municipal.sk,20534187,BB-784-739,,FALSE,3/11/2022 12:43:00,3/11/2022 12:43:00,Business,Hospitality,Electricity,Verejna Sprava Elektrina,DD5-SOLAR,Banska Bystrica,24ZSS4411896216Q,ELM998791,FALSE,Annual,4/11/2026 18:10:00,194807,68574,0,12/31/2026 0:00:00,Email,Quarterly,4/30/2026 0:00:00,166.03,0,Direct debit,TRUE,0,FALSE,150.44,TRUE,1/7/2026 10:35:00,"eZona web, mobile web",,TRUE,FALSE,FALSE,2,1,1,8/27/2025 21:16:00,Complaint,4,10,FALSE,FALSE,FALSE,TRUE,1,0,8799.59,SMS,Banska Bystrica,97401,54,256200,a.s.,FALSE
3ae4154b-54dc-401c-be74-c3bcc956acb5,daniel.mikulas685@post.sk,15406712,BB-785-388,,FALSE,11/14/2023 18:18:00,11/14/2023 18:18:00,Household,Standard household,Electricity,Verejna Sprava Elektrina,DD2-DOM,Banska Bystrica,24ZSS6896977121P,ELM375780,TRUE,Monthly,3/9/2026 2:36:00,9625,4861,0,12/31/2026 0:00:00,Email,Quarterly,4/30/2026 0:00:00,65.92,0,Direct debit,TRUE,0,FALSE,71.54,TRUE,3/19/2025 0:29:00,eZona web,Android,FALSE,FALSE,TRUE,1,0,0,,Tariff consultation,0,5,TRUE,FALSE,FALSE,TRUE,0,4,1648,Phone,Banska Bystrica,97401,,,,TRUE
583c2e40-c722-454e-9f13-b208d60bd9b0,juraj.halas686@example-business.sk,23104616,PX-786-579,,FALSE,1/2/2021 21:47:00,1/2/2021 21:47:00,Business,Public sector,Electricity + Gas,Firma Energia Plus,DD1-DOM,Poprad,24ZSS9351713412P,ELM896427,TRUE,Monthly,3/18/2026 19:18:00,136695,19829,6240,12/31/2026 0:00:00,Email,Annual,4/30/2026 0:00:00,490.97,0,Bank transfer,FALSE,0,FALSE,532.77,TRUE,1/27/2026 1:26:00,mobile web,Android,TRUE,FALSE,TRUE,2,0,0,,Solar consultation,0,4,FALSE,TRUE,FALSE,TRUE,1,0,28476.26,Email,Poprad,05801,44,852000,s.r.o.,TRUE
11c9a5e3-3111-4cac-a916-51d6529a1a80,robert.lackova687@gmail.com,11117559,ZX-787-491,,FALSE,9/9/2022 16:26:00,9/9/2022 16:26:00,Household,Senior assisted,Electricity + Gas,Firma Energia Plus,VS-ELE,Zvolen,24ZSS4414477299M,ELM194447,FALSE,Annual,3/28/2026 12:41:00,12657,1321,1733,12/31/2026 0:00:00,Email,Monthly,4/30/2026 0:00:00,131.57,0,Direct debit,TRUE,0,FALSE,145.22,FALSE,,,,FALSE,FALSE,FALSE,5,2,3,3/7/2026 11:37:00,Move contract,7,4,FALSE,FALSE,FALSE,FALSE,3,6,2631.4,SMS,Zvolen,96001,,,,FALSE
a8e5c948-4e19-45c1-91a4-de2a9b640af6,marek.tothova688@azet.sk,12363723,PX-788-564,,FALSE,7/17/2023 11:33:00,7/17/2023 11:33:00,Household,Senior assisted,Gas,Firma Plyn Plus,B2B-ELE,Poprad,24ZSS4314880790K,GAS781815,FALSE,Quarterly,3/30/2026 5:07:00,7968,0,2118,12/31/2026 0:00:00,Email,Quarterly,4/30/2026 0:00:00,158.49,0,Direct debit,TRUE,0,FALSE,142.45,TRUE,4/24/2026 19:26:00,eZona web,,TRUE,FALSE,TRUE,1,2,1,,Complaint,1,1,FALSE,TRUE,TRUE,TRUE,0,4,9033.93,SMS,Poprad,05801,,,,TRUE
4de0a4eb-a76c-4eb3-b600-94c164b6c759,robert.novakova689@example.sk,14714852,CX-789-923,,FALSE,5/7/2020 0:34:00,5/7/2020 0:34:00,Household,Green energy,Electricity,Elektrina Online,B2B-GAS,Cadca,24ZSS8573449409M,ELM397045,FALSE,Quarterly,4/9/2026 14:14:00,22083,4928,0,12/31/2026 0:00:00,Post,Quarterly,4/30/2026 0:00:00,57.94,28.77,Direct debit,TRUE,0,FALSE,51.2,FALSE,,,,FALSE,FALSE,FALSE,4,3,2,4/20/2025 3:04:00,Meter reading,3,8,FALSE,FALSE,TRUE,FALSE,0,2,3244.64,Email,Cadca,02201,,,,FALSE
69534687-bcd2-4470-aba5-7dc64097eb09,tomas.kral690@post.sk,12894540,ZX-790-892,,FALSE,7/19/2021 10:26:00,7/19/2021 10:26:00,Household,Senior assisted,Electricity + Gas,Online Domov Duo,B2B-GAS,Zilina,24ZSS5581510234Q,ELM373995,TRUE,Monthly,4/21/2026 21:46:00,21638,6009,1824,12/31/2026 0:00:00,Email,Quarterly,4/30/2026 0:00:00,140.46,0,Direct debit,TRUE,0,FALSE,146.74,TRUE,5/12/2025 13:26:00,"eZona web, API",iOS,TRUE,FALSE,FALSE,2,0,0,9/10/2025 8:09:00,Meter reading,4,8,FALSE,TRUE,FALSE,TRUE,5,2,4635.18,Email,Zilina,01001,,,,TRUE
694b79bb-c028-409b-9110-f311833dd79d,miroslav.polak691@post.sk,14664010,MX-791-301,,FALSE,3/5/2019 0:42:00,3/5/2019 0:42:00,Household,Price sensitive,Electricity + Gas,Duo Komfort,B2B-ELE,Martin,24ZSS2600455749K,ELM899225,FALSE,Quarterly,3/5/2026 9:57:00,4700,5674,1714,12/31/2026 0:00:00,Post,Monthly,4/30/2026 0:00:00,132.35,0,Direct debit,TRUE,0,FALSE,115.31,FALSE,,,,FALSE,FALSE,TRUE,4,3,0,6/25/2025 17:03:00,Deposit change,0,10,TRUE,FALSE,FALSE,FALSE,0,3,6617.5,Email,Martin,03601,,,,FALSE
045a723f-c6a4-4675-877e-1333dbd7092c,miroslav.horvath692@example.sk,13118082,CX-792-540,,FALSE,3/26/2026 23:19:00,3/26/2026 23:19:00,Household,High consumption,Gas,Plyn Domov,DD2-DOM,Cadca,24ZSS5627462813K,GAS513671,FALSE,Annual,4/25/2026 15:00:00,23411,0,680,12/31/2026 0:00:00,Post,Quarterly,4/30/2026 0:00:00,111.4,95.44,Bank transfer,FALSE,0,FALSE,125.05,TRUE,3/1/2025 9:25:00,eZona web,,TRUE,FALSE,TRUE,3,3,0,12/5/2025 9:17:00,Invoice copy,5,2,FALSE,TRUE,FALSE,FALSE,5,7,5124.4,SMS,Cadca,02201,,,,FALSE
49ee4671-fda6-4418-a815-785d2098b302,jana.tothova693@example.sk,11543327,PX-793-244,,FALSE,3/27/2021 22:38:00,3/27/2021 22:38:00,Household,Standard household,Gas,Plyn Komfort,DD1-DOM,Prievidza,24ZSS5596334973P,GAS198157,TRUE,Monthly,4/4/2026 4:26:00,43320,0,137,12/31/2026 0:00:00,Post,Monthly,4/30/2026 0:00:00,44.54,61.12,Direct debit,TRUE,1,FALSE,43.79,TRUE,3/12/2025 17:40:00,"eZona web, mobile web",Android,FALSE,FALSE,TRUE,2,3,0,6/17/2025 14:49:00,Meter reading,3,3,FALSE,FALSE,FALSE,FALSE,0,5,2048.84,Phone,Prievidza,97101,,,,TRUE
0acdd2e5-f558-4f7c-b24e-469bc21442d5,jana.bartosova694@municipal.sk,28416714,TX-794-451,ADM-453-345,TRUE,3/28/2021 6:55:00,3/28/2021 6:55:00,Business,Retail services,Gas,Plyn Komfort,B2B-GAS,Trencin,24ZSS4839803184K,GAS199123,FALSE,Quarterly,3/7/2026 3:43:00,178690,0,1168,12/31/2026 0:00:00,Email,Annual,4/30/2026 0:00:00,165.24,0,Direct debit,TRUE,0,FALSE,160.25,FALSE,,,,TRUE,FALSE,TRUE,5,3,1,8/14/2025 17:12:00,Deposit change,1,5,FALSE,FALSE,FALSE,FALSE,0,5,9749.16,Phone,Trencin,91101,30,682000,neziskova organizacia,FALSE
f0107a44-257e-4df7-9f58-c1274b36d606,andrea.tothova695@azet.sk,18399516,CX-795-888,,FALSE,2/4/2025 20:30:00,2/4/2025 20:30:00,Household,Solar interest,Electricity,Elektrina Online,DD2-DOM,Cadca,24ZSS4039264382K,ELM273232,TRUE,Monthly,4/19/2026 13:37:00,2820,6720,0,12/31/2026 0:00:00,Email,Monthly,4/30/2026 0:00:00,22.28,0,Direct debit,TRUE,5,FALSE,18.81,TRUE,1/28/2026 8:05:00,eZona web,,TRUE,FALSE,TRUE,1,0,1,,Invoice copy,7,10,FALSE,FALSE,FALSE,TRUE,1,5,1515.04,eZona message,Cadca,02201,,,,TRUE
ecf103d3-69e1-4976-9747-e905aaf35d04,andrea.mikulas696@gmail.com,12190661,ZX-796-622,,FALSE,12/17/2025 20:22:00,12/17/2025 20:22:00,Household,Green energy,Electricity,Elektrina Online,DD5-SOLAR,Zilina,24ZSS3836675498K,ELM640623,FALSE,Quarterly,4/4/2026 10:28:00,37790,6885,0,12/31/2026 0:00:00,Email,Quarterly,4/30/2026 0:00:00,20.31,0,Postal order,FALSE,2,FALSE,20.17,TRUE,1/23/2025 7:22:00,mobile web,,TRUE,TRUE,TRUE,0,1,4,1/28/2026 21:55:00,Move contract,2,10,FALSE,TRUE,TRUE,TRUE,2,5,1360.77,SMS,Zilina,01001,,,,TRUE
b0b0b743-a930-4963-9691-3a83fc96c7d7,tomas.horvath697@gmail.com,10504755,CX-797-408,,FALSE,5/24/2023 10:49:00,5/24/2023 10:49:00,Household,High consumption,Electricity,Firma Elektrina Plus,DD2-DOM,Cadca,24ZSS1395342744M,ELM378365,TRUE,Monthly,4/26/2026 23:59:00,18077,5500,0,12/31/2026 0:00:00,Email,Monthly,4/30/2026 0:00:00,54.05,0,Direct debit,TRUE,0,FALSE,46.07,TRUE,3/20/2026 19:22:00,"eZona web, mobile web",iOS,TRUE,TRUE,TRUE,3,1,0,3/2/2026 3:10:00,Solar consultation,2,9,FALSE,FALSE,FALSE,TRUE,0,5,1783.65,eZona message,Cadca,02201,,,,TRUE
3df58a5f-9cd9-49c1-a252-930cf22ea5ce,katarina.lackova698@azet.sk,14641916,ZX-798-792,,FALSE,9/2/2021 12:51:00,9/2/2021 12:51:00,Household,High consumption,Gas,Plyn Komfort,DMP1-PLYN,Zvolen,24ZSS1546456195Q,GAS210434,FALSE,Annual,3/13/2026 10:36:00,40189,0,2095,12/31/2026 0:00:00,Email,Monthly,4/30/2026 0:00:00,160.23,0,Postal order,FALSE,1,FALSE,158.86,TRUE,7/8/2025 16:23:00,"eZona web, mobile web",iOS,TRUE,FALSE,TRUE,1,0,0,4/21/2025 17:22:00,Solar consultation,5,6,FALSE,FALSE,FALSE,TRUE,1,5,11216.1,Email,Zvolen,96001,,,,TRUE
3594262a-2d7a-40a4-967e-5f3bfac39d5d,pavol.halas699@post.sk,18231023,PX-799-404,,FALSE,12/30/2024 8:59:00,12/30/2024 8:59:00,Household,High consumption,Gas,Plyn Domov,B2B-ELE,Prievidza,24ZSS9492412950Q,GAS764053,FALSE,Annual,3/31/2026 5:42:00,5506,0,398,12/31/2026 0:00:00,Email,Quarterly,4/30/2026 0:00:00,53.89,40.51,Direct debit,TRUE,0,FALSE,62.81,TRUE,12/26/2025 17:37:00,eZona web,iOS,FALSE,TRUE,TRUE,2,2,1,,Invoice copy,2,3,FALSE,TRUE,FALSE,TRUE,5,4,1185.58,Email,Prievidza,97101,,,,TRUE
623ed179-7fcd-4ce8-96fe-265b26f99d77,robert.gregorova700@post.sk,12144761,BB-800-319,,FALSE,12/29/2018 8:49:00,12/29/2018 8:49:00,Household,Solar interest,Electricity + Gas,Online Domov Duo,DMP1-PLYN,Banska Bystrica,24ZSS1844146844K,ELM231984,FALSE,Quarterly,3/22/2026 13:41:00,42221,7502,428,12/31/2026 0:00:00,Email,Monthly,4/30/2026 0:00:00,57.97,0,Card,FALSE,0,FALSE,68.3,TRUE,10/4/2025 16:28:00,eZona web,iOS,TRUE,FALSE,TRUE,3,1,1,,Invoice copy,7,7,FALSE,TRUE,FALSE,TRUE,0,0,4115.87,SMS,Banska Bystrica,97401,,,,TRUE
495f5a78-98c4-41de-8366-d465d16bd364,simona.horvath701@azet.sk,16779073,TX-801-726,,FALSE,10/24/2024 3:17:00,10/24/2024 3:17:00,Household,Digital household,Gas,Plyn Komfort,DD5-SOLAR,Trencin,24ZSS7216613048P,GAS396563,FALSE,Quarterly,4/28/2026 13:02:00,44101,0,1684,12/31/2026 0:00:00,Post,Monthly,4/30/2026 0:00:00,128.62,0,Direct debit,FALSE,1,FALSE,133.85,TRUE,6/22/2025 5:02:00,mobile web,,FALSE,FALSE,TRUE,5,3,1,,Meter reading,1,3,FALSE,FALSE,FALSE,FALSE,0,5,8874.78,SMS,Trencin,91101,,,,FALSE
42c52a4c-f903-49b5-9be9-799cd5ff4b1f,marek.marekova702@azet.sk,13864554,ZX-802-831,,FALSE,8/27/2023 1:22:00,8/27/2023 1:22:00,Household,Standard household,Electricity,Verejna Sprava Elektrina,DD5-SOLAR,Zilina,24ZSS3946108792K,ELM867835,TRUE,Monthly,3/5/2026 6:38:00,42281,8605,0,12/31/2026 0:00:00,Email,Quarterly,4/30/2026 0:00:00,26.63,0,Bank transfer,FALSE,0,FALSE,31.18,FALSE,,,,FALSE,FALSE,TRUE,3,0,0,3/22/2025 14:35:00,Tariff consultation,5,10,FALSE,FALSE,FALSE,FALSE,0,0,639.12,eZona message,Zilina,01001,,,,FALSE
3f852d16-98b2-4c5c-9b87-0167a6b77f8d,katarina.halas703@post.sk,19353339,RX-803-508,,FALSE,1/23/2025 12:41:00,1/23/2025 12:41:00,Household,Digital household,Electricity + Gas,Firma Energia Plus,B2B-GAS,Ruzomberok,24ZSS3961104480K,ELM613415,TRUE,Monthly,5/10/2026 15:27:00,43751,7538,250,12/31/2026 0:00:00,Email,Monthly,4/30/2026 0:00:00,49.18,0,Postal order,FALSE,0,FALSE,41.24,TRUE,3/20/2026 2:03:00,eZona web,,TRUE,FALSE,TRUE,5,1,0,4/11/2025 16:39:00,Tariff consultation,2,8,FALSE,FALSE,FALSE,TRUE,1,0,3245.88,SMS,Ruzomberok,03401,,,,TRUE
93faf7aa-cc69-480a-b7cf-0825ee192a4b,tomas.tothova704@energia-client.sk,28264776,ZX-804-821,,FALSE,4/13/2020 2:23:00,4/13/2020 2:23:00,Business,Retail services,Electricity,Elektrina Domov,B2B-GAS,Zilina,24ZSS7950328397P,ELM797490,TRUE,Monthly,3/17/2026 12:59:00,64598,114149,0,12/31/2026 0:00:00,Email,Monthly,4/30/2026 0:00:00,122.69,6.02,Direct debit,TRUE,0,FALSE,130.45,TRUE,5/26/2025 10:36:00,"eZona web, mobile web",,TRUE,FALSE,TRUE,1,1,1,4/9/2026 6:01:00,Deposit change,0,10,FALSE,FALSE,FALSE,TRUE,1,6,4539.53,Phone,Zilina,01001,3,682000,zivnostnik,FALSE
4a93f2cf-a03d-4513-bd4d-10651b9cb37e,michal.simon705@azet.sk,13206577,MX-805-921,,FALSE,7/26/2025 6:53:00,7/26/2025 6:53:00,Household,Price sensitive,Gas,Plyn Komfort,DD2-DOM,Martin,24ZSS8791882365P,GAS674278,FALSE,Quarterly,3/4/2026 18:11:00,33283,0,311,12/31/2026 0:00:00,Email,Quarterly,4/30/2026 0:00:00,48.11,0,Card,FALSE,2,FALSE,54.52,TRUE,2/12/2025 10:05:00,mobile web,Android,TRUE,FALSE,TRUE,1,2,0,12/31/2025 10:48:00,Deposit change,5,3,FALSE,TRUE,FALSE,TRUE,5,8,1828.18,Phone,Martin,03601,,,,TRUE
95e7d444-a506-46c8-a734-47087a2c02c0,simona.polak706@azet.sk,11653725,RX-806-805,,FALSE,1/29/2019 18:01:00,1/29/2019 18:01:00,Household,Standard household,Electricity,Elektrina Domov,DMP1-PLYN,Ruzomberok,24ZSS3018866987P,ELM413424,TRUE,Monthly,3/22/2026 7:08:00,8963,1387,0,12/31/2026 0:00:00,Email,Monthly,4/30/2026 0:00:00,46.26,21.72,Direct debit,TRUE,0,FALSE,41.72,TRUE,5/10/2025 4:13:00,"eZona web, mobile web",,FALSE,FALSE,TRUE,3,3,0,2/2/2026 14:22:00,Contact support,4,2,FALSE,FALSE,FALSE,TRUE,1,5,2544.3,Email,Ruzomberok,03401,,,,TRUE
48bca6e9-6ab9-4d9f-b28e-06f66896b92c,daniel.danko707@firma.sk,29947518,ZX-807-427,,TRUE,10/1/2021 0:32:00,10/1/2021 0:32:00,Business,Small business,Electricity + Gas,Firma Energia Plus,DMP1-PLYN,Zvolen,24ZSS4881479520M,ELM985788,TRUE,Monthly,4/11/2026 0:36:00,152494,92975,6065,12/31/2026 0:00:00,Post,Monthly,4/30/2026 0:00:00,518.24,0,Direct debit,TRUE,1,FALSE,449.21,FALSE,,,,FALSE,TRUE,TRUE,2,2,1,,Meter reading,6,10,TRUE,TRUE,FALSE,FALSE,0,4,27466.72,Email,Zvolen,96001,55,493200,neziskova organizacia,FALSE
2cdd640f-de48-47a2-920d-4ffe4cceae01,natalia.mikulas708@firma.sk,20816474,BB-808-902,ADM-496-517,FALSE,8/10/2024 4:25:00,8/10/2024 4:25:00,Business,SME multi-site,Electricity,Elektrina Domov,DD1-DOM,Banska Bystrica,24ZSS3334898320Q,ELM612751,FALSE,Quarterly,4/26/2026 9:01:00,64866,107884,0,12/31/2026 0:00:00,Email,Monthly,4/30/2026 0:00:00,235.5,0,Direct debit,TRUE,1,FALSE,212.89,FALSE,,,,TRUE,FALSE,TRUE,1,1,1,3/4/2025 14:46:00,Complaint,5,10,FALSE,FALSE,FALSE,FALSE,0,7,9184.5,Phone,Banska Bystrica,97401,38,551000,obec,FALSE
f2c353b3-95d0-456f-8a56-968155351d5e,jana.tothova709@example-business.sk,29514626,PX-809-258,,TRUE,8/27/2024 11:57:00,8/27/2024 11:57:00,Business,Public sector,Electricity + Gas,Duo Komfort,DMP1-PLYN,Prievidza,24ZSS4965644089M,ELM470213,TRUE,Monthly,4/21/2026 0:10:00,31307,116352,1567,12/31/2026 0:00:00,Email,Monthly,4/30/2026 0:00:00,307.29,0,Direct debit,TRUE,1,FALSE,325.12,TRUE,12/7/2025 4:00:00,"eZona web, mobile web",,FALSE,FALSE,FALSE,5,2,0,2/3/2025 5:03:00,Invoice copy,2,10,FALSE,FALSE,FALSE,FALSE,3,3,16900.95,Email,Prievidza,97101,60,561000,zivnostnik,TRUE
c7d0fd65-253c-410b-9375-cb9bec7512be,daniel.danko710@gmail.com,18007721,MX-810-433,,FALSE,2/19/2020 2:46:00,2/19/2020 2:46:00,Household,High consumption,Electricity + Gas,Firma Energia Plus,B2B-ELE,Martin,24ZSS2845883694K,ELM883907,FALSE,Annual,4/3/2026 3:09:00,47020,7171,2068,12/31/2026 0:00:00,Post,Quarterly,4/30/2026 0:00:00,181.1,0,Direct debit,TRUE,5,FALSE,210.22,FALSE,,,,FALSE,FALSE,TRUE,3,3,0,8/5/2025 4:20:00,Complaint,0,8,FALSE,FALSE,FALSE,FALSE,0,5,10684.9,Email,Martin,03601,,,,FALSE
f6dddebf-d953-42d7-a449-04ea696ddc0c,lenka.kral711@example.sk,17700243,PX-811-212,,FALSE,11/22/2021 20:13:00,11/22/2021 20:13:00,Household,Digital household,Electricity,Firma Elektrina Plus,DD2-DOM,Poprad,24ZSS9639230025P,ELM720610,TRUE,Monthly,4/9/2026 5:54:00,24797,8032,0,12/31/2026 0:00:00,Email,Monthly,4/30/2026 0:00:00,66.53,0,Direct debit,TRUE,3,FALSE,74.07,FALSE,,,,FALSE,TRUE,FALSE,0,3,1,10/19/2025 11:32:00,Contact support,1,10,FALSE,FALSE,FALSE,FALSE,0,9,3259.97,SMS,Poprad,05801,,,,FALSE
f41805c6-21d4-46e1-bb66-3ec9b6924989,michal.mikulas712@azet.sk,13379751,RX-812-292,,FALSE,7/1/2020 10:09:00,7/1/2020 10:09:00,Household,Digital household,Gas,Plyn Komfort,DD5-SOLAR,Ruzomberok,24ZSS2309817283Q,GAS908673,TRUE,Monthly,3/9/2026 5:03:00,46697,0,2104,12/31/2026 0:00:00,Post,Quarterly,4/30/2026 0:00:00,167.72,0,Bank transfer,FALSE,0,FALSE,193.69,FALSE,,,,TRUE,TRUE,FALSE,4,3,1,7/14/2025 4:28:00,Contact support,7,4,FALSE,FALSE,FALSE,FALSE,1,4,6205.64,Email,Ruzomberok,03401,,,,FALSE
ff5598f7-0887-4194-8f78-8250a3a599b7,peter.horvath713@example.sk,15916992,MX-813-552,,FALSE,6/8/2025 4:21:00,6/8/2025 4:21:00,Household,Standard household,Gas,Plyn Komfort,DD2-DOM,Martin,24ZSS6125257506M,GAS124408,FALSE,Quarterly,3/11/2026 3:59:00,7086,0,403,12/31/2026 0:00:00,Post,Monthly,4/30/2026 0:00:00,77.16,8.87,Direct debit,TRUE,0,FALSE,73.19,FALSE,,,,TRUE,TRUE,TRUE,2,3,1,,Invoice copy,7,1,FALSE,FALSE,FALSE,FALSE,1,5,3163.56,SMS,Martin,03601,,,,FALSE
196236f1-af0b-4cc9-8b2b-1947824bc2d8,monika.polak714@gmail.com,10242948,ZX-814-997,,FALSE,8/13/2022 5:40:00,8/13/2022 5:40:00,Household,Solar interest,Gas,Plyn Domov,B2B-GAS,Zilina,24ZSS2829726714K,GAS731864,TRUE,Monthly,4/3/2026 21:09:00,10148,0,611,12/31/2026 0:00:00,Email,Annual,4/30/2026 0:00:00,81.6,70.82,Direct debit,FALSE,0,FALSE,87.45,TRUE,6/28/2025 6:23:00,mobile web,iOS,FALSE,TRUE,FALSE,2,0,1,8/30/2025 10:17:00,Solar consultation,10,1,FALSE,FALSE,FALSE,TRUE,1,3,5059.2,Phone,Zilina,01001,,,,TRUE
a523de82-7f24-44f1-abb7-ba2f2e319f5b,juraj.danko715@example.sk,11085600,RX-815-747,,FALSE,10/9/2025 2:55:00,10/9/2025 2:55:00,Household,Senior assisted,Electricity,Elektrina Online,B2B-DUO,Ruzomberok,24ZSS8225312511P,ELM809431,TRUE,Monthly,3/27/2026 23:09:00,14954,7371,0,12/31/2026 0:00:00,Email,Quarterly,4/30/2026 0:00:00,33.4,4.7,Card,FALSE,0,FALSE,30.81,TRUE,1/14/2025 9:01:00,"eZona web, API",,FALSE,FALSE,TRUE,0,0,1,4/23/2026 10:50:00,Complaint,4,9,TRUE,FALSE,FALSE,TRUE,5,5,2171,SMS,Ruzomberok,03401,,,,TRUE
5b5c66ce-de85-4c34-8213-caf3a0e57672,juraj.gregorova716@gmail.com,10693968,PX-816-401,,FALSE,8/21/2020 23:30:00,8/21/2020 23:30:00,Household,Solar interest,Electricity + Gas,Duo Komfort,B2B-GAS,Prievidza,24ZSS8604846876K,ELM410997,FALSE,Annual,5/4/2026 11:33:00,29848,2790,1805,12/31/2026 0:00:00,Email,Annual,4/30/2026 0:00:00,133.81,0,Card,FALSE,0,FALSE,153.47,TRUE,9/22/2025 1:12:00,"eZona web, mobile web",Android,FALSE,FALSE,TRUE,5,1,1,12/27/2025 14:28:00,Tariff consultation,8,3,TRUE,FALSE,FALSE,TRUE,1,2,8697.65,SMS,Prievidza,97101,,,,TRUE
4e9c241f-6e0c-45f8-9c9f-635642aa693e,jana.danko717@example.sk,10737832,LM-817-279,,FALSE,12/30/2023 3:47:00,12/30/2023 3:47:00,Household,Standard household,Electricity + Gas,Duo Komfort,B2B-DUO,Liptovsky Mikulas,24ZSS4485127123Q,ELM754308,FALSE,Quarterly,3/10/2026 23:00:00,6211,7366,175,12/31/2026 0:00:00,Email,Monthly,4/30/2026 0:00:00,70.02,0,Direct debit,FALSE,4,FALSE,74.87,TRUE,5/11/2025 23:05:00,"eZona web, mobile web",,TRUE,FALSE,FALSE,4,0,1,,Deposit change,5,10,TRUE,FALSE,FALSE,TRUE,0,8,3430.98,SMS,Liptovsky Mikulas,03101,,,,TRUE
2b57a134-12e5-4eaa-9723-0d4ffcdfbe22,miroslav.fedorova718@azet.sk,10519616,BB-818-340,,FALSE,2/7/2018 16:02:00,2/7/2018 16:02:00,Household,Senior assisted,Gas,Plyn Komfort,B2B-DUO,Banska Bystrica,24ZSS7893411662P,GAS552702,FALSE,Quarterly,5/2/2026 15:20:00,18339,0,1159,12/31/2026 0:00:00,Email,Quarterly,4/30/2026 0:00:00,135.75,0,Bank transfer,FALSE,1,FALSE,141.86,TRUE,3/27/2026 20:39:00,eZona web,,TRUE,FALSE,TRUE,1,2,1,,Complaint,4,6,FALSE,FALSE,TRUE,TRUE,1,1,3665.25,eZona message,Banska Bystrica,97401,,,,TRUE
b99dbb51-8180-475d-b23d-6ef6bf5f78b4,natalia.kovac719@firma.sk,24030862,TX-819-523,,TRUE,12/6/2018 11:32:00,12/6/2018 11:32:00,Business,SME multi-site,Gas,Plyn Domov,VS-ELE,Trencin,24ZSS8311663297Q,GAS647718,TRUE,Monthly,3/5/2026 5:08:00,135350,0,7417,12/31/2026 0:00:00,Email,Annual,4/30/2026 0:00:00,555.93,0,Direct debit,TRUE,0,FALSE,556.53,FALSE,,,,FALSE,FALSE,TRUE,0,3,0,,Meter reading,5,4,FALSE,FALSE,FALSE,FALSE,1,1,11674.53,SMS,Trencin,91101,60,682000,neziskova organizacia,FALSE
00ff5075-2e7f-4f31-a570-7eecd7587361,tomas.simekova720@azet.sk,16905974,ZX-820-300,,FALSE,11/30/2019 2:44:00,11/30/2019 2:44:00,Household,Solar interest,Gas,Firma Plyn Plus,DD1-DOM,Zvolen,24ZSS7123359893P,GAS808181,TRUE,Monthly,4/10/2026 1:52:00,4120,0,1980,12/31/2026 0:00:00,Email,Monthly,4/30/2026 0:00:00,182.9,492.55,Direct debit,TRUE,5,TRUE,210.57,TRUE,4/1/2025 2:34:00,eZona web,iOS,TRUE,FALSE,FALSE,4,2,0,8/17/2025 23:26:00,Move contract,10,6,FALSE,FALSE,TRUE,TRUE,1,8,3292.2,SMS,Zvolen,96001,,,,TRUE
ac8889a9-6911-4084-bffe-df9d0267db37,tomas.horvath721@firma.sk,27528401,CX-821-503,,FALSE,5/31/2025 2:59:00,5/31/2025 2:59:00,Business,Public sector,Electricity,Elektrina Domov,DD2-DOM,Cadca,24ZSS6499267905Q,ELM991467,TRUE,Monthly,3/1/2026 22:18:00,195476,45396,0,12/31/2026 0:00:00,Post,Quarterly,4/30/2026 0:00:00,110.63,184.66,Direct debit,TRUE,1,FALSE,120.88,FALSE,,,,FALSE,TRUE,TRUE,0,1,1,11/28/2025 16:54:00,Deposit change,1,9,FALSE,FALSE,FALSE,FALSE,1,3,4314.57,Phone,Cadca,02201,22,852000,obec,FALSE
4ca0a437-3ed6-4982-a8b1-5ab2853d66ed,tomas.urban722@azet.sk,14763654,RX-822-203,,FALSE,7/16/2018 22:31:00,7/16/2018 22:31:00,Household,Solar interest,Electricity + Gas,Firma Energia Plus,B2B-GAS,Ruzomberok,24ZSS3152594520M,ELM609285,TRUE,Monthly,4/28/2026 2:45:00,34603,3061,1560,12/31/2026 0:00:00,Email,Quarterly,4/30/2026 0:00:00,108.38,0,Direct debit,FALSE,0,FALSE,123.23,TRUE,10/9/2025 11:40:00,mobile web,,TRUE,FALSE,TRUE,3,2,1,6/15/2025 2:02:00,Contact support,9,8,TRUE,FALSE,FALSE,TRUE,0,6,4226.82,Phone,Ruzomberok,03401,,,,TRUE
fda87846-718e-4e9f-aa37-620e481de239,samuel.simekova723@post.sk,13708508,PX-823-642,,FALSE,6/24/2018 23:46:00,6/24/2018 23:46:00,Household,Standard household,Electricity,Elektrina Online,DD2-DOM,Poprad,24ZSS8268422345Q,ELM985504,FALSE,Quarterly,4/24/2026 22:04:00,11701,4157,0,12/31/2026 0:00:00,Post,Monthly,4/30/2026 0:00:00,48.79,0,Bank transfer,FALSE,4,FALSE,50.06,TRUE,4/21/2025 23:16:00,eZona web,Android,FALSE,FALSE,FALSE,3,0,2,9/5/2025 15:44:00,Complaint,1,7,TRUE,FALSE,FALSE,FALSE,0,10,2634.66,SMS,Poprad,05801,,,,TRUE
6d0d8f1c-b69a-45e8-b118-c83005a0efef,samuel.fedorova724@azet.sk,14694595,ZX-824-439,,FALSE,10/30/2025 14:34:00,10/30/2025 14:34:00,Household,Senior assisted,Electricity,Elektrina Domov,DD2-DOM,Zvolen,24ZSS2721271623M,ELM984884,FALSE,Quarterly,3/9/2026 20:56:00,10329,3551,0,12/31/2026 0:00:00,Post,Quarterly,4/30/2026 0:00:00,66.67,0,Direct debit,TRUE,0,FALSE,58.06,TRUE,11/24/2025 21:41:00,"eZona web, API",,TRUE,FALSE,TRUE,4,1,1,4/24/2025 1:46:00,Solar consultation,2,6,FALSE,FALSE,TRUE,FALSE,1,1,2800.14,SMS,Zvolen,96001,,,,TRUE
a111ff6b-8505-4d37-ad87-f45c8afc4775,tomas.simekova725@gmail.com,10326540,LM-825-579,,FALSE,1/16/2020 18:35:00,1/16/2020 18:35:00,Household,Green energy,Electricity,Verejna Sprava Elektrina,DD1-DOM,Liptovsky Mikulas,24ZSS8711715528Q,ELM598663,TRUE,Monthly,5/6/2026 2:26:00,18637,5118,0,12/31/2026 0:00:00,Email,Annual,4/30/2026 0:00:00,73.97,0,Direct debit,TRUE,0,FALSE,74.28,TRUE,6/25/2025 16:28:00,"eZona web, mobile web",iOS,FALSE,TRUE,TRUE,4,0,1,9/11/2025 13:14:00,Invoice copy,1,5,FALSE,FALSE,TRUE,TRUE,0,2,2071.16,eZona message,Liptovsky Mikulas,03101,,,,FALSE
37395318-51d6-4466-b8af-a90af9bf4098,juraj.varga726@gmail.com,16613277,ZX-826-155,,FALSE,10/17/2024 3:58:00,10/17/2024 3:58:00,Household,Green energy,Electricity,Verejna Sprava Elektrina,B2B-DUO,Zvolen,24ZSS4355087688K,ELM966081,FALSE,Quarterly,4/25/2026 23:24:00,18113,3504,0,12/31/2026 0:00:00,Email,Monthly,4/30/2026 0:00:00,43.67,0,Direct debit,TRUE,1,FALSE,47.72,TRUE,6/14/2025 10:53:00,"eZona web, mobile web",,TRUE,FALSE,FALSE,0,3,0,,Meter reading,1,4,TRUE,FALSE,FALSE,TRUE,0,5,2969.56,SMS,Zvolen,96001,,,,TRUE
88334e77-b246-45fd-83a9-3840c847562c,ivana.kollarova727@post.sk,14046872,BB-827-163,,FALSE,6/24/2024 6:47:00,6/24/2024 6:47:00,Household,Price sensitive,Electricity,Elektrina Online,B2B-GAS,Banska Bystrica,24ZSS3705166537M,ELM951484,FALSE,Quarterly,3/25/2026 5:06:00,41880,6285,0,12/31/2026 0:00:00,Post,Quarterly,4/30/2026 0:00:00,74.19,0,Direct debit,TRUE,0,FALSE,69.56,FALSE,,,,TRUE,TRUE,TRUE,0,2,0,,Solar consultation,4,10,FALSE,FALSE,TRUE,FALSE,1,0,2448.27,Phone,Banska Bystrica,97401,,,,FALSE
24642dac-df35-45fa-a3b3-aecf4ca62bc4,ivana.horvath728@municipal.sk,20311555,BB-828-315,,FALSE,12/8/2024 8:44:00,12/8/2024 8:44:00,Business,Industrial,Electricity,Verejna Sprava Elektrina,B2B-GAS,Banska Bystrica,24ZSS1509965190K,ELM560875,TRUE,Monthly,4/10/2026 20:45:00,65353,83501,0,12/31/2026 0:00:00,Email,Annual,4/30/2026 0:00:00,89.87,0,Bank transfer,FALSE,4,FALSE,100.59,TRUE,10/23/2025 1:56:00,"eZona web, API",Android,TRUE,FALSE,TRUE,5,1,0,9/19/2025 1:49:00,Deposit change,5,8,FALSE,FALSE,TRUE,TRUE,0,10,5212.46,Phone,Banska Bystrica,97401,110,861000,obec,FALSE
bed32d48-7d31-4ab3-8e60-37be8393737f,ivana.kovac729@energia-client.sk,25862401,MX-829-705,,TRUE,3/13/2018 7:30:00,3/13/2018 7:30:00,Business,Small business,Electricity,Verejna Sprava Elektrina,DMP1-PLYN,Martin,24ZSS6783458312P,ELM563531,TRUE,Monthly,4/3/2026 20:24:00,73150,113892,0,12/31/2026 0:00:00,Email,Annual,4/30/2026 0:00:00,184.64,0,Postal order,FALSE,0,FALSE,217.48,TRUE,3/29/2026 18:56:00,eZona web,Android,TRUE,FALSE,TRUE,1,3,1,,Deposit change,5,10,FALSE,FALSE,FALSE,TRUE,0,3,5354.56,Phone,Martin,03601,46,861000,zivnostnik,TRUE
ab2dced8-504b-465d-a953-ee4c0315e8bc,lenka.marekova730@example-business.sk,24072222,ZX-830-287,,TRUE,5/24/2019 11:03:00,5/24/2019 11:03:00,Business,Retail services,Gas,Firma Plyn Plus,DMP1-PLYN,Zvolen,24ZSS1750901782M,GAS278946,TRUE,Monthly,3/12/2026 10:12:00,198630,0,5907,12/31/2026 0:00:00,Email,Monthly,4/30/2026 0:00:00,379.89,0,Direct debit,TRUE,0,FALSE,447.18,TRUE,7/18/2025 1:35:00,"eZona web, API",Android,TRUE,FALSE,TRUE,3,0,1,10/1/2025 12:40:00,Contact support,7,4,FALSE,FALSE,FALSE,TRUE,1,6,19754.28,Phone,Zvolen,96001,42,471100,a.s.,TRUE
b9090345-02fe-4202-aa8b-93db2dbc1d76,veronika.simon731@post.sk,17739378,LM-831-395,,FALSE,9/28/2025 7:01:00,9/28/2025 7:01:00,Household,Senior assisted,Electricity + Gas,Online Domov Duo,DD1-DOM,Liptovsky Mikulas,24ZSS8879332524P,ELM212255,FALSE,Annual,3/17/2026 5:32:00,24062,3319,1144,12/31/2026 0:00:00,Email,Quarterly,4/30/2026 0:00:00,110.55,0,Postal order,FALSE,4,FALSE,129.92,TRUE,12/6/2025 12:30:00,eZona web,,TRUE,FALSE,TRUE,4,1,1,1/23/2025 13:07:00,Deposit change,4,5,FALSE,FALSE,FALSE,TRUE,1,8,6411.9,eZona message,Liptovsky Mikulas,03101,,,,TRUE
d7def9db-f82e-4ecb-964c-5c616ffa843a,katarina.fedorova732@energia-client.sk,20650292,PX-832-457,ADM-166-699,TRUE,1/17/2021 9:13:00,1/17/2021 9:13:00,Business,Small business,Gas,Plyn Domov,DD5-SOLAR,Prievidza,24ZSS7610057966M,GAS902529,TRUE,Monthly,4/19/2026 17:45:00,87994,0,3379,12/31/2026 0:00:00,Post,Monthly,4/30/2026 0:00:00,231.85,0,Direct debit,TRUE,4,FALSE,206.65,TRUE,3/29/2025 14:02:00,mobile web,iOS,FALSE,FALSE,TRUE,0,3,0,11/15/2025 12:27:00,Contact support,0,6,FALSE,TRUE,FALSE,FALSE,1,9,6955.5,Email,Prievidza,97101,57,852000,a.s.,TRUE
951b6b5e-3357-4903-b25e-c43b246cf6c0,tomas.marekova733@azet.sk,19040106,BB-833-704,,FALSE,9/26/2019 19:27:00,9/26/2019 19:27:00,Household,Green energy,Gas,Firma Plyn Plus,B2B-GAS,Banska Bystrica,24ZSS4747314608K,GAS122566,FALSE,Annual,3/27/2026 1:16:00,6335,0,1264,12/31/2026 0:00:00,Post,Monthly,4/30/2026 0:00:00,102.52,0,Card,FALSE,1,FALSE,112.35,TRUE,3/28/2026 2:07:00,"eZona web, mobile web",Android,FALSE,TRUE,TRUE,4,0,0,3/6/2025 1:06:00,Complaint,2,5,FALSE,TRUE,TRUE,FALSE,0,3,6766.32,SMS,Banska Bystrica,97401,,,,TRUE
44522b29-2323-4c1f-805b-3b3479a680cc,ivana.fedorova734@example.sk,17819381,CX-834-229,,FALSE,6/12/2022 6:29:00,6/12/2022 6:29:00,Household,Standard household,Electricity,Verejna Sprava Elektrina,DMP1-PLYN,Cadca,24ZSS3877469439Q,ELM305812,TRUE,Monthly,4/4/2026 5:07:00,30479,4741,0,12/31/2026 0:00:00,Email,Annual,4/30/2026 0:00:00,25.9,0,Postal order,FALSE,1,FALSE,28.64,TRUE,8/23/2025 10:04:00,mobile web,,FALSE,TRUE,TRUE,2,1,0,,Complaint,2,10,TRUE,FALSE,FALSE,TRUE,1,3,932.4,eZona message,Cadca,02201,,,,FALSE
9ce84b1d-fd77-48f2-9e17-a35c1b502b43,michal.danko735@azet.sk,17847638,BB-835-527,,FALSE,8/1/2025 4:26:00,8/1/2025 4:26:00,Household,High consumption,Electricity,Firma Elektrina Plus,B2B-ELE,Banska Bystrica,24ZSS1337245382Q,ELM438151,TRUE,Monthly,3/18/2026 2:10:00,15785,7153,0,12/31/2026 0:00:00,Email,Annual,4/30/2026 0:00:00,69.36,0,Bank transfer,FALSE,0,FALSE,71.58,TRUE,4/28/2025 0:14:00,"eZona web, mobile web",,TRUE,FALSE,FALSE,3,1,3,8/15/2025 12:25:00,Invoice copy,2,9,FALSE,FALSE,FALSE,TRUE,0,1,3190.56,eZona message,Banska Bystrica,97401,,,,TRUE
bcbe3167-50dd-4599-a722-0cae00999e13,michal.lackova736@firma.sk,20402979,RX-836-500,,TRUE,11/6/2023 6:29:00,11/6/2023 6:29:00,Business,Small business,Gas,Plyn Domov,B2B-ELE,Ruzomberok,24ZSS7569627102M,GAS354727,FALSE,Quarterly,4/29/2026 19:45:00,186194,0,11281,12/31/2026 0:00:00,Email,Monthly,4/30/2026 0:00:00,853.46,0,Direct debit,TRUE,0,FALSE,749.53,TRUE,9/2/2025 2:09:00,eZona web,iOS,FALSE,TRUE,FALSE,4,2,1,10/2/2025 11:24:00,Deposit change,1,1,FALSE,TRUE,FALSE,TRUE,1,2,29017.64,eZona message,Ruzomberok,03401,38,852000,obec,TRUE
26f564a2-a96f-4c2f-ad0b-8c00ea062fee,andrea.simon737@example.sk,11602669,BB-837-493,,FALSE,12/16/2020 16:37:00,12/16/2020 16:37:00,Household,Solar interest,Gas,Firma Plyn Plus,DD1-DOM,Banska Bystrica,24ZSS3499543498K,GAS460719,FALSE,Quarterly,4/19/2026 20:07:00,39706,0,1554,12/31/2026 0:00:00,Email,Quarterly,4/30/2026 0:00:00,136.47,0,Direct debit,FALSE,0,FALSE,160.6,TRUE,4/2/2026 11:49:00,eZona web,iOS,FALSE,FALSE,TRUE,3,2,0,3/20/2026 13:10:00,Tariff consultation,7,2,TRUE,FALSE,TRUE,TRUE,0,2,6141.15,SMS,Banska Bystrica,97401,,,,TRUE
1138af3b-5530-499a-9b68-bad00f449b2f,juraj.lackova738@example.sk,16740312,RX-838-210,,FALSE,3/3/2024 14:45:00,3/3/2024 14:45:00,Household,Green energy,Electricity + Gas,Firma Energia Plus,DD2-DOM,Ruzomberok,24ZSS2196469821Q,ELM360200,TRUE,Monthly,4/21/2026 21:44:00,25547,6043,985,12/31/2026 0:00:00,Email,Quarterly,4/30/2026 0:00:00,106.32,0,Direct debit,TRUE,0,FALSE,114.64,TRUE,3/23/2025 23:12:00,"eZona web, API",Android,TRUE,FALSE,TRUE,5,0,1,4/13/2026 0:12:00,Tariff consultation,0,7,FALSE,FALSE,FALSE,TRUE,1,0,4040.16,SMS,Ruzomberok,03401,,,,TRUE
530bcf07-a427-41f8-8d24-8048bf290fe5,zuzana.gregorova739@post.sk,16456458,TX-839-582,,FALSE,1/6/2024 8:01:00,1/6/2024 8:01:00,Household,Green energy,Electricity,Verejna Sprava Elektrina,B2B-GAS,Trencin,24ZSS2637208537P,ELM846541,TRUE,Monthly,5/3/2026 2:59:00,2976,8830,0,12/31/2026 0:00:00,Email,Monthly,4/30/2026 0:00:00,57.68,50.6,Direct debit,TRUE,1,FALSE,60.82,TRUE,2/20/2026 7:37:00,eZona web,,TRUE,TRUE,TRUE,5,2,0,5/25/2025 18:15:00,Deposit change,3,8,FALSE,FALSE,TRUE,TRUE,0,3,2826.32,Email,Trencin,91101,,,,TRUE
c2358bc2-3501-4b3d-9cf2-c6ce66e3fbdd,natalia.simekova740@energia-client.sk,26179118,MX-840-328,ADM-356-445,FALSE,6/27/2025 19:43:00,6/27/2025 19:43:00,Business,Industrial,Gas,Plyn Domov,B2B-GAS,Martin,24ZSS8515278207M,GAS683923,FALSE,Quarterly,4/24/2026 5:00:00,178489,0,7525,12/31/2026 0:00:00,Email,Quarterly,4/30/2026 0:00:00,638.88,0,Direct debit,TRUE,1,FALSE,697.81,TRUE,1/31/2025 6:47:00,"eZona web, mobile web",Android,TRUE,TRUE,TRUE,5,2,0,11/4/2025 19:33:00,Tariff consultation,4,5,FALSE,FALSE,FALSE,FALSE,1,1,45360.48,Phone,Martin,03601,58,861000,obec,TRUE
ac44ab55-1cfc-4066-b8a2-429133cb1cb8,simona.marekova741@energia-client.sk,23248020,MX-841-970,ADM-175-169,TRUE,9/10/2025 4:32:00,9/10/2025 4:32:00,Business,Hospitality,Electricity + Gas,Duo Komfort,DMP1-PLYN,Martin,24ZSS6464956612P,ELM889171,TRUE,Monthly,5/6/2026 6:32:00,231082,86638,7025,12/31/2026 0:00:00,Email,Monthly,4/30/2026 0:00:00,509.84,983.42,Direct debit,TRUE,1,TRUE,485.35,TRUE,2/16/2026 8:15:00,"eZona web, API",iOS,TRUE,TRUE,FALSE,2,3,1,5/1/2025 21:32:00,Move contract,5,10,TRUE,FALSE,FALSE,TRUE,1,7,10196.8,SMS,Martin,03601,54,561000,obec,TRUE
8825838a-a4d1-4614-b91c-46100058e39c,simona.danko742@example.sk,12849168,CX-842-373,,FALSE,11/12/2024 23:42:00,11/12/2024 23:42:00,Household,Standard household,Electricity + Gas,Firma Energia Plus,B2B-ELE,Cadca,24ZSS3829045643M,ELM944443,TRUE,Monthly,3/23/2026 6:06:00,24750,1946,1553,12/31/2026 0:00:00,Email,Quarterly,4/30/2026 0:00:00,140.78,0,Card,FALSE,0,FALSE,161.33,TRUE,8/1/2025 2:29:00,eZona web,,FALSE,FALSE,TRUE,4,2,0,11/7/2025 3:19:00,Meter reading,6,4,FALSE,FALSE,FALSE,TRUE,3,0,8024.46,Phone,Cadca,02201,,,,TRUE
df228072-7667-481f-b097-9c2d219738e8,jana.kollarova743@example.sk,10153138,ZX-843-764,,FALSE,3/14/2020 5:00:00,3/14/2020 5:00:00,Household,Senior assisted,Electricity,Elektrina Online,DD5-SOLAR,Zvolen,24ZSS5707272305M,ELM783604,FALSE,Annual,4/2/2026 21:33:00,34655,5127,0,12/31/2026 0:00:00,Email,Annual,4/30/2026 0:00:00,49.97,62.82,Bank transfer,FALSE,4,TRUE,50.11,TRUE,10/3/2025 1:31:00,eZona web,,FALSE,FALSE,TRUE,0,3,1,10/29/2025 9:28:00,Tariff consultation,6,6,TRUE,FALSE,FALSE,TRUE,1,5,3098.14,Email,Zvolen,96001,,,,TRUE
7527e90a-d9e7-4731-8b0d-b2d11090a42a,monika.mikulas744@gmail.com,15457582,PX-844-224,,FALSE,7/21/2020 21:36:00,7/21/2020 21:36:00,Household,Standard household,Electricity + Gas,Duo Komfort,DD2-DOM,Prievidza,24ZSS3258371696K,ELM687029,FALSE,Quarterly,3/7/2026 21:24:00,7120,7798,430,12/31/2026 0:00:00,Email,Quarterly,4/30/2026 0:00:00,99.13,55.95,Direct debit,TRUE,1,FALSE,84.02,TRUE,6/21/2025 21:00:00,eZona web,,FALSE,FALSE,TRUE,1,0,1,,Move contract,1,9,FALSE,FALSE,TRUE,TRUE,0,3,5353.02,Email,Prievidza,97101,,,,TRUE
78c8ef7c-2057-48df-a895-75a32565b80d,jana.lackova745@example-business.sk,20477336,BB-845-348,,FALSE,1/10/2022 2:13:00,1/10/2022 2:13:00,Business,SME multi-site,Electricity + Gas,Duo Komfort,DD5-SOLAR,Banska Bystrica,24ZSS5675226758M,ELM213416,TRUE,Monthly,4/19/2026 3:37:00,138932,60413,6868,12/31/2026 0:00:00,Email,Monthly,4/30/2026 0:00:00,488.22,409.99,Direct debit,TRUE,0,FALSE,403.75,TRUE,1/27/2026 17:10:00,mobile web,,TRUE,TRUE,TRUE,3,1,3,1/19/2026 0:17:00,Invoice copy,3,9,FALSE,FALSE,FALSE,TRUE,1,4,20993.46,SMS,Banska Bystrica,97401,46,861000,obec,TRUE
2abb4b32-bf88-4e3c-8f36-f1aefca000bd,natalia.gregorova746@post.sk,18318921,ZX-846-562,,FALSE,5/29/2018 5:17:00,5/29/2018 5:17:00,Household,Senior assisted,Electricity,Firma Elektrina Plus,B2B-DUO,Zvolen,24ZSS9029170893Q,ELM989795,FALSE,Annual,5/9/2026 22:27:00,6188,3856,0,12/31/2026 0:00:00,Email,Annual,4/30/2026 0:00:00,44.73,75.05,Direct debit,TRUE,1,FALSE,51.93,TRUE,11/26/2025 16:37:00,"eZona web, API",Android,TRUE,FALSE,TRUE,5,3,0,12/22/2025 5:19:00,Solar consultation,5,5,FALSE,TRUE,FALSE,TRUE,4,8,2415.42,Email,Zvolen,96001,,,,FALSE
a4b087a8-c017-4e1d-95be-bf6bfa3c5f4d,veronika.kollarova747@gmail.com,15715572,PX-847-392,,FALSE,6/28/2021 4:30:00,6/28/2021 4:30:00,Household,Solar interest,Electricity,Verejna Sprava Elektrina,DD5-SOLAR,Prievidza,24ZSS5279356846Q,ELM708144,FALSE,Quarterly,4/11/2026 3:08:00,3899,7319,0,12/31/2026 0:00:00,Email,Annual,4/30/2026 0:00:00,36.39,43.71,Direct debit,TRUE,1,TRUE,36.23,TRUE,7/17/2025 9:22:00,"eZona web, API",iOS,TRUE,TRUE,FALSE,3,0,0,1/28/2026 19:23:00,Contact support,7,8,FALSE,FALSE,FALSE,TRUE,1,4,2401.74,SMS,Prievidza,97101,,,,TRUE
0b0db954-1103-4d52-9882-e1ced326bf7d,tomas.horvath748@example-business.sk,25161302,ZX-848-521,ADM-221-569,FALSE,6/25/2023 19:10:00,6/25/2023 19:10:00,Business,Industrial,Electricity + Gas,Duo Komfort,DD2-DOM,Zilina,24ZSS6072972889Q,ELM345161,TRUE,Monthly,4/28/2026 6:47:00,238513,15111,8718,12/31/2026 0:00:00,Email,Monthly,4/30/2026 0:00:00,588.36,1201.29,Postal order,FALSE,1,TRUE,534.62,TRUE,7/22/2025 3:35:00,"eZona web, mobile web",,TRUE,TRUE,FALSE,0,0,1,4/15/2025 3:11:00,Invoice copy,6,2,TRUE,FALSE,FALSE,TRUE,0,7,22946.04,Phone,Zilina,01001,138,256200,neziskova organizacia,FALSE
9320ed3e-f927-44f3-9623-fb95af0dce0c,veronika.danko749@azet.sk,10343936,MX-849-572,,FALSE,12/26/2022 20:31:00,12/26/2022 20:31:00,Household,Green energy,Electricity,Firma Elektrina Plus,DD5-SOLAR,Martin,24ZSS3075681599M,ELM662535,FALSE,Annual,4/26/2026 7:39:00,39847,2407,0,12/31/2026 0:00:00,Email,Quarterly,4/30/2026 0:00:00,72.46,0,Direct debit,TRUE,1,FALSE,83.59,FALSE,,,,FALSE,FALSE,TRUE,0,0,0,,Meter reading,7,5,FALSE,FALSE,TRUE,FALSE,3,3,2101.34,SMS,Martin,03601,,,,FALSE
d5ac31a2-2bb6-44c2-ae27-4c3b8de4d8c7,samuel.marekova750@example-business.sk,25274095,PX-850-165,ADM-754-572,TRUE,1/20/2018 11:03:00,1/20/2018 11:03:00,Business,Industrial,Gas,Firma Plyn Plus,B2B-ELE,Poprad,24ZSS2753136512K,GAS285042,FALSE,Annual,4/20/2026 20:26:00,127487,0,1225,12/31/2026 0:00:00,Email,Quarterly,4/30/2026 0:00:00,266.38,0,Direct debit,FALSE,1,FALSE,277.22,TRUE,10/27/2025 23:33:00,mobile web,,FALSE,FALSE,TRUE,4,2,3,,Complaint,1,3,FALSE,FALSE,TRUE,TRUE,0,2,19179.36,Email,Poprad,05801,30,256200,neziskova organizacia,TRUE
e1ae7469-c388-4dc0-90a9-a4ca3ab08040,veronika.gregorova751@azet.sk,15504630,ZX-851-268,,FALSE,10/23/2019 4:52:00,10/23/2019 4:52:00,Household,Green energy,Electricity,Elektrina Domov,VS-ELE,Zvolen,24ZSS3666601950P,ELM584634,FALSE,Annual,4/22/2026 18:49:00,17303,2975,0,12/31/2026 0:00:00,Post,Monthly,4/30/2026 0:00:00,60.57,0,Direct debit,TRUE,0,FALSE,53.36,FALSE,,,,TRUE,FALSE,FALSE,5,1,1,1/26/2026 12:06:00,Deposit change,4,5,FALSE,FALSE,FALSE,FALSE,1,3,1574.82,eZona message,Zvolen,96001,,,,FALSE
8218dc07-fea8-4448-b342-d53c7e1ed186,katarina.fedorova752@gmail.com,12684081,ZX-852-700,,FALSE,11/11/2023 20:44:00,11/11/2023 20:44:00,Household,High consumption,Electricity,Elektrina Online,DD1-DOM,Zvolen,24ZSS6899257953P,ELM104397,FALSE,Quarterly,4/2/2026 22:15:00,41788,4263,0,12/31/2026 0:00:00,Email,Monthly,4/30/2026 0:00:00,20.81,0,Bank transfer,FALSE,1,FALSE,18.52,TRUE,5/31/2025 23:45:00,mobile web,Android,TRUE,FALSE,TRUE,1,3,1,,Deposit change,7,5,FALSE,FALSE,TRUE,TRUE,0,5,1290.22,Phone,Zvolen,96001,,,,TRUE
956c6db7-9aa2-4592-977d-032386a146c1,juraj.urban753@post.sk,18058509,PX-853-864,,FALSE,12/5/2024 14:03:00,12/5/2024 14:03:00,Household,Green energy,Electricity + Gas,Online Domov Duo,B2B-DUO,Poprad,24ZSS8087224050P,ELM106448,TRUE,Monthly,3/18/2026 21:21:00,40683,3492,468,12/31/2026 0:00:00,Email,Monthly,4/30/2026 0:00:00,76.4,0,Direct debit,TRUE,1,FALSE,74.02,TRUE,1/7/2025 0:10:00,"eZona web, API",,TRUE,FALSE,FALSE,2,2,0,,Meter reading,1,7,FALSE,FALSE,TRUE,TRUE,0,6,4736.8,eZona message,Poprad,05801,,,,TRUE
200aee30-dc00-4353-a447-2de5842681c9,tomas.mikulas754@example.sk,18764352,BB-854-599,,FALSE,1/4/2022 0:23:00,1/4/2022 0:23:00,Household,Solar interest,Electricity + Gas,Duo Komfort,DD1-DOM,Banska Bystrica,24ZSS5786324170Q,ELM109431,TRUE,Monthly,5/8/2026 1:01:00,46898,4710,1332,12/31/2026 0:00:00,Email,Annual,4/30/2026 0:00:00,135.15,0,Direct debit,TRUE,0,FALSE,137.52,FALSE,,,,FALSE,FALSE,TRUE,3,1,0,,Contact support,7,10,FALSE,FALSE,TRUE,FALSE,0,5,8514.45,SMS,Banska Bystrica,97401,,,,FALSE
b22eafec-a9b1-400d-8d81-2420422f95be,robert.novakova755@municipal.sk,20951673,RX-855-245,ADM-681-586,FALSE,4/29/2019 2:19:00,4/29/2019 2:19:00,Business,Small business,Electricity,Elektrina Online,DD1-DOM,Ruzomberok,24ZSS7396126712Q,ELM393636,TRUE,Monthly,3/15/2026 2:24:00,230947,43797,0,12/31/2026 0:00:00,Email,Annual,4/30/2026 0:00:00,100.32,0,Postal order,FALSE,1,FALSE,97.1,TRUE,6/5/2025 7:54:00,eZona web,iOS,TRUE,FALSE,FALSE,0,2,1,,Complaint,2,6,FALSE,FALSE,FALSE,TRUE,0,5,2407.68,SMS,Ruzomberok,03401,46,861000,neziskova organizacia,FALSE
b6e493f5-f43b-465e-b878-4069c953d233,monika.balaz756@gmail.com,17804483,CX-856-582,,FALSE,7/7/2020 1:06:00,7/7/2020 1:06:00,Household,Green energy,Electricity,Elektrina Domov,DMP1-PLYN,Cadca,24ZSS7301550801P,ELM747145,FALSE,Quarterly,3/4/2026 10:14:00,5102,3373,0,12/31/2026 0:00:00,Email,Monthly,4/30/2026 0:00:00,31.64,44.82,Direct debit,TRUE,1,TRUE,34.64,TRUE,12/16/2025 22:43:00,eZona web,,TRUE,FALSE,TRUE,4,0,0,3/7/2026 5:08:00,Meter reading,3,8,FALSE,FALSE,TRUE,TRUE,1,2,664.44,eZona message,Cadca,02201,,,,TRUE
d5a55687-5799-490d-bf00-8d9a5a2e8c38,juraj.fedorova757@municipal.sk,28985863,LM-857-801,,FALSE,7/12/2019 20:29:00,7/12/2019 20:29:00,Business,SME multi-site,Electricity,Firma Elektrina Plus,DD5-SOLAR,Liptovsky Mikulas,24ZSS1550098298P,ELM689362,FALSE,Quarterly,5/3/2026 4:21:00,203136,53936,0,12/31/2026 0:00:00,Post,Monthly,4/30/2026 0:00:00,72.25,0,Bank transfer,FALSE,0,FALSE,82.52,FALSE,,,,TRUE,FALSE,FALSE,3,1,1,,Invoice copy,2,10,FALSE,TRUE,TRUE,FALSE,0,0,4551.75,Phone,Liptovsky Mikulas,03101,47,551000,s.r.o.,FALSE
e8c7bffd-6281-4fde-a4d7-464f0eef0798,samuel.bartosova758@municipal.sk,26680019,MX-858-768,ADM-744-130,FALSE,1/29/2025 18:12:00,1/29/2025 18:12:00,Business,Public sector,Electricity,Elektrina Online,DD2-DOM,Martin,24ZSS7889330548M,ELM497740,TRUE,Monthly,5/9/2026 8:41:00,128264,79685,0,12/31/2026 0:00:00,Email,Annual,4/30/2026 0:00:00,46.14,0,Bank transfer,FALSE,1,FALSE,51.73,TRUE,9/10/2025 0:56:00,"eZona web, API",,FALSE,TRUE,FALSE,0,2,0,,Tariff consultation,2,8,FALSE,FALSE,FALSE,TRUE,0,5,1522.62,SMS,Martin,03601,52,561000,obec,TRUE
9daeb166-2223-4d58-8ee1-d1f48d78c835,ivana.kral759@azet.sk,17405100,RX-859-489,,FALSE,11/1/2018 19:05:00,11/1/2018 19:05:00,Household,Green energy,Gas,Plyn Domov,DD1-DOM,Ruzomberok,24ZSS9634756471K,GAS650669,TRUE,Monthly,3/17/2026 22:34:00,28576,0,1754,12/31/2026 0:00:00,Email,Quarterly,4/30/2026 0:00:00,136.47,0,Direct debit,TRUE,5,FALSE,127.44,TRUE,3/9/2025 21:40:00,mobile web,iOS,TRUE,TRUE,FALSE,2,2,2,9/22/2025 20:13:00,Deposit change,5,6,FALSE,FALSE,TRUE,TRUE,1,6,7915.26,Email,Ruzomberok,03401,,,,TRUE
3c9fac6b-c18d-4cde-ad65-273c97edc6c8,veronika.lackova760@post.sk,13127929,PX-860-185,,FALSE,12/5/2024 3:36:00,12/5/2024 3:36:00,Household,Digital household,Electricity,Elektrina Domov,VS-ELE,Prievidza,24ZSS6269618169K,ELM427110,FALSE,Annual,3/10/2026 23:02:00,41893,8332,0,12/31/2026 0:00:00,Email,Annual,4/30/2026 0:00:00,24.58,0,Card,FALSE,1,FALSE,20.4,TRUE,6/20/2025 6:38:00,"eZona web, API",,FALSE,TRUE,FALSE,3,1,0,2/28/2026 4:38:00,Invoice copy,1,10,TRUE,FALSE,FALSE,TRUE,1,5,1573.12,Phone,Prievidza,97101,,,,FALSE
cf9909ea-088d-48d0-bbbd-20a11a952793,katarina.tothova761@azet.sk,18972123,CX-861-403,,FALSE,5/24/2018 2:31:00,5/24/2018 2:31:00,Household,Solar interest,Gas,Plyn Komfort,VS-ELE,Cadca,24ZSS5842240809P,GAS912691,TRUE,Monthly,5/8/2026 8:12:00,2113,0,716,12/31/2026 0:00:00,Email,Annual,4/30/2026 0:00:00,113.38,0,Direct debit,TRUE,0,FALSE,131.7,TRUE,8/22/2025 13:38:00,"eZona web, API",Android,TRUE,TRUE,FALSE,1,1,0,,Deposit change,8,1,TRUE,FALSE,FALSE,TRUE,1,1,7029.56,eZona message,Cadca,02201,,,,TRUE
346d0445-c1c4-4960-92cb-915bb2312ff6,ivana.halas762@example.sk,13390119,ZX-862-463,,FALSE,3/10/2025 16:00:00,3/10/2025 16:00:00,Household,Digital household,Gas,Firma Plyn Plus,DMP1-PLYN,Zvolen,24ZSS8047790552M,GAS836509,TRUE,Monthly,5/8/2026 17:27:00,44121,0,1660,12/31/2026 0:00:00,Post,Annual,4/30/2026 0:00:00,133.3,0,Direct debit,TRUE,0,FALSE,137.5,TRUE,1/18/2026 21:53:00,eZona web,iOS,TRUE,FALSE,FALSE,3,3,1,11/22/2025 22:43:00,Tariff consultation,0,3,FALSE,FALSE,FALSE,FALSE,0,4,2532.7,SMS,Zvolen,96001,,,,TRUE
b4b49f60-0ce0-4bda-86ba-1e165a629ff5,peter.gregorova763@azet.sk,10264636,PX-863-105,,FALSE,12/21/2024 18:58:00,12/21/2024 18:58:00,Household,Digital household,Electricity + Gas,Duo Komfort,VS-ELE,Poprad,24ZSS7191230810M,ELM859518,FALSE,Annual,3/30/2026 21:10:00,35649,5239,1214,12/31/2026 0:00:00,Email,Monthly,4/30/2026 0:00:00,120.77,0,Card,FALSE,0,FALSE,103.72,FALSE,,,,TRUE,TRUE,FALSE,2,0,0,2/18/2026 3:36:00,Invoice copy,7,10,TRUE,FALSE,TRUE,FALSE,1,2,6280.04,SMS,Poprad,05801,,,,FALSE
bf7bcf96-0130-4458-87ed-b437c34f5b3c,natalia.horvath764@gmail.com,12500752,LM-864-146,,FALSE,1/1/2021 12:41:00,1/1/2021 12:41:00,Household,Standard household,Electricity + Gas,Duo Komfort,DD1-DOM,Liptovsky Mikulas,24ZSS1515332084P,ELM179062,TRUE,Monthly,5/2/2026 14:45:00,33995,1482,409,12/31/2026 0:00:00,Email,Quarterly,4/30/2026 0:00:00,52.78,0,Direct debit,TRUE,1,FALSE,50.06,TRUE,7/6/2025 17:50:00,eZona web,,FALSE,FALSE,TRUE,2,0,4,6/29/2025 6:19:00,Contact support,2,6,FALSE,FALSE,FALSE,TRUE,1,4,2005.64,SMS,Liptovsky Mikulas,03101,,,,FALSE
23da70f2-7214-42d6-b0b0-efbc196aedb4,pavol.kollarova765@gmail.com,13568180,LM-865-879,,FALSE,2/12/2021 15:44:00,2/12/2021 15:44:00,Household,Senior assisted,Electricity,Elektrina Online,DD1-DOM,Liptovsky Mikulas,24ZSS6173299711Q,ELM312450,TRUE,Monthly,3/10/2026 13:46:00,1371,1976,0,12/31/2026 0:00:00,Post,Monthly,4/30/2026 0:00:00,53.38,29.13,Direct debit,TRUE,0,FALSE,47.17,FALSE,,,,FALSE,FALSE,TRUE,5,1,0,3/11/2025 12:58:00,Move contract,4,6,FALSE,FALSE,FALSE,FALSE,5,3,1014.22,SMS,Liptovsky Mikulas,03101,,,,FALSE
ab27d93c-e166-4e2e-986a-e2524a32a3a8,monika.danko766@firma.sk,23094127,MX-866-461,ADM-124-437,TRUE,6/29/2024 1:23:00,6/29/2024 1:23:00,Business,Retail services,Electricity,Firma Elektrina Plus,DD1-DOM,Martin,24ZSS4855398999K,ELM565483,TRUE,Monthly,4/13/2026 11:05:00,62208,87372,0,12/31/2026 0:00:00,Email,Monthly,4/30/2026 0:00:00,99.6,0,Postal order,FALSE,0,FALSE,99.02,TRUE,8/28/2025 20:54:00,eZona web,Android,FALSE,FALSE,FALSE,4,1,0,7/28/2025 10:48:00,Deposit change,0,10,FALSE,TRUE,FALSE,TRUE,1,3,5079.6,Email,Martin,03601,41,471100,s.r.o.,TRUE
90f6c2bb-472c-4aa8-a2ef-b2010253f091,pavol.varga767@post.sk,10118779,RX-867-382,,FALSE,11/18/2023 9:05:00,11/18/2023 9:05:00,Household,Green energy,Electricity,Elektrina Domov,DD1-DOM,Ruzomberok,24ZSS5299875541K,ELM111777,FALSE,Quarterly,3/5/2026 3:08:00,47237,1231,0,12/31/2026 0:00:00,Post,Annual,4/30/2026 0:00:00,32.23,14.71,Bank transfer,FALSE,1,FALSE,29.94,FALSE,,,,TRUE,TRUE,TRUE,1,2,0,,Complaint,2,3,FALSE,TRUE,FALSE,FALSE,1,5,1611.5,Phone,Ruzomberok,03401,,,,FALSE
8621f181-1e6b-4617-b4ed-80f5595d7101,katarina.kovac768@gmail.com,19838553,BB-868-845,,FALSE,7/13/2024 5:52:00,7/13/2024 5:52:00,Household,Green energy,Electricity + Gas,Online Domov Duo,DMP1-PLYN,Banska Bystrica,24ZSS5528893861K,ELM305223,TRUE,Monthly,3/7/2026 12:15:00,16016,6771,1586,12/31/2026 0:00:00,Email,Quarterly,4/30/2026 0:00:00,112.52,0,Card,FALSE,0,FALSE,129.16,TRUE,1/16/2025 6:24:00,"eZona web, API",,FALSE,TRUE,TRUE,4,2,2,10/17/2025 21:42:00,Contact support,5,7,TRUE,FALSE,TRUE,TRUE,0,1,4500.8,Phone,Banska Bystrica,97401,,,,FALSE
fb55e637-0b7a-448d-b218-9d4789edacfc,peter.tothova769@azet.sk,16107460,BB-869-127,,FALSE,1/1/2021 7:30:00,1/1/2021 7:30:00,Household,Senior assisted,Electricity + Gas,Firma Energia Plus,DD5-SOLAR,Banska Bystrica,24ZSS2491230889M,ELM464438,FALSE,Quarterly,3/17/2026 17:24:00,41601,8548,484,12/31/2026 0:00:00,Post,Quarterly,4/30/2026 0:00:00,59.24,20.63,Bank transfer,FALSE,0,FALSE,69.63,FALSE,,,,FALSE,FALSE,TRUE,3,2,0,6/30/2025 16:13:00,Move contract,3,10,FALSE,FALSE,FALSE,FALSE,2,1,2073.4,Phone,Banska Bystrica,97401,,,,FALSE
e992121f-45b6-448d-873e-9786fb4a4162,ivana.urban770@municipal.sk,24840390,CX-870-477,,TRUE,2/2/2025 7:35:00,2/2/2025 7:35:00,Business,Retail services,Electricity,Elektrina Domov,B2B-ELE,Cadca,24ZSS5983461139Q,ELM337366,FALSE,Annual,3/8/2026 18:42:00,44375,75771,0,12/31/2026 0:00:00,Email,Quarterly,4/30/2026 0:00:00,151.4,0,Bank transfer,FALSE,1,FALSE,167.77,TRUE,11/10/2025 21:23:00,"eZona web, mobile web",,FALSE,TRUE,FALSE,0,3,0,1/4/2025 18:36:00,Deposit change,2,7,FALSE,FALSE,FALSE,TRUE,0,7,4087.8,SMS,Cadca,02201,38,256200,obec,TRUE
3999afe9-426d-45b0-925d-536cb7b4bb46,daniel.horvath771@azet.sk,19601213,PX-871-649,,FALSE,3/10/2019 6:42:00,3/10/2019 6:42:00,Household,Green energy,Gas,Plyn Domov,B2B-ELE,Prievidza,24ZSS7509027031K,GAS252828,TRUE,Monthly,3/1/2026 7:29:00,44954,0,161,12/31/2026 0:00:00,Email,Monthly,4/30/2026 0:00:00,54.86,0,Card,FALSE,0,FALSE,62.43,TRUE,2/3/2025 1:26:00,"eZona web, mobile web",iOS,FALSE,TRUE,TRUE,0,0,0,2/9/2025 3:19:00,Move contract,1,3,FALSE,FALSE,TRUE,TRUE,1,6,3236.74,Phone,Prievidza,97101,,,,FALSE
8f19bf54-c514-4c7f-a404-f5b821690176,samuel.kral772@post.sk,10091761,TX-872-513,,FALSE,10/26/2022 15:38:00,10/26/2022 15:38:00,Household,Solar interest,Electricity + Gas,Online Domov Duo,B2B-GAS,Trencin,24ZSS2478024761P,ELM302694,TRUE,Monthly,4/16/2026 2:07:00,11897,2117,620,12/31/2026 0:00:00,Email,Annual,4/30/2026 0:00:00,92.5,38.9,Postal order,FALSE,1,FALSE,83.04,TRUE,9/22/2025 21:34:00,eZona web,iOS,TRUE,TRUE,TRUE,5,3,0,,Tariff consultation,9,4,FALSE,FALSE,FALSE,TRUE,2,5,4532.5,eZona message,Trencin,91101,,,,TRUE
2097eaf0-da0f-4edc-98f3-e1f69f0ef0a4,lenka.fedorova773@energia-client.sk,21498805,RX-873-843,ADM-430-721,FALSE,3/16/2021 2:53:00,3/16/2021 2:53:00,Business,SME multi-site,Electricity,Firma Elektrina Plus,DD1-DOM,Ruzomberok,24ZSS3182692939Q,ELM900409,TRUE,Monthly,4/10/2026 1:23:00,51285,31519,0,12/31/2026 0:00:00,Email,Monthly,4/30/2026 0:00:00,192.99,4.15,Direct debit,TRUE,0,FALSE,217.31,TRUE,3/22/2025 21:47:00,eZona web,,TRUE,TRUE,FALSE,4,0,0,5/24/2025 10:54:00,Move contract,3,7,FALSE,TRUE,FALSE,TRUE,0,4,5982.69,Email,Ruzomberok,03401,34,852000,a.s.,FALSE
5ec687b0-3e53-408b-bf66-3d93c535a8d3,veronika.tothova774@firma.sk,22619735,TX-874-788,,FALSE,1/3/2020 14:54:00,1/3/2020 14:54:00,Business,Industrial,Gas,Plyn Komfort,DD1-DOM,Trencin,24ZSS5239984019M,GAS970563,FALSE,Annual,4/10/2026 19:26:00,122656,0,6854,12/31/2026 0:00:00,Email,Monthly,4/30/2026 0:00:00,510.97,0,Postal order,FALSE,0,FALSE,578.49,TRUE,5/12/2026 2:22:00,mobile web,,TRUE,FALSE,FALSE,3,3,0,,Invoice copy,1,5,FALSE,FALSE,TRUE,TRUE,0,3,10730.37,Phone,Trencin,91101,181,471100,s.r.o.,TRUE
6e9a9240-eb34-4c79-9132-5f3aab4512c8,pavol.danko775@energia-client.sk,22622756,PX-875-811,,FALSE,12/9/2020 16:54:00,12/9/2020 16:54:00,Business,Public sector,Electricity + Gas,Duo Komfort,DD5-SOLAR,Prievidza,24ZSS9259819914M,ELM462961,FALSE,Annual,4/13/2026 13:38:00,80954,43003,12954,12/31/2026 0:00:00,Email,Monthly,4/30/2026 0:00:00,852.64,0,Card,FALSE,0,FALSE,747.06,TRUE,2/5/2025 15:21:00,"eZona web, mobile web",,TRUE,TRUE,TRUE,4,0,1,11/22/2025 21:37:00,Contact support,2,9,FALSE,FALSE,FALSE,TRUE,1,6,29842.4,eZona message,Prievidza,97101,12,861000,zivnostnik,TRUE
df1c2944-3de9-40d2-a87a-35d3db62df3a,robert.urban776@post.sk,17444669,RX-876-580,,FALSE,12/23/2025 3:40:00,12/23/2025 3:40:00,Household,Price sensitive,Gas,Plyn Domov,B2B-GAS,Ruzomberok,24ZSS7739266689Q,GAS457221,TRUE,Monthly,4/13/2026 7:48:00,27637,0,687,12/31/2026 0:00:00,Email,Monthly,4/30/2026 0:00:00,67.79,0,Direct debit,TRUE,3,FALSE,66.69,FALSE,,,,FALSE,FALSE,TRUE,4,0,0,4/17/2026 12:39:00,Contact support,2,1,FALSE,FALSE,FALSE,FALSE,1,9,2643.81,SMS,Ruzomberok,03401,,,,FALSE
dd5be70e-185f-458a-a9f9-da2de9e6d842,andrea.marekova777@municipal.sk,23005976,ZX-877-172,ADM-489-706,TRUE,6/7/2019 3:20:00,6/7/2019 3:20:00,Business,Public sector,Electricity + Gas,Online Domov Duo,VS-ELE,Zvolen,24ZSS1533159481M,ELM981410,TRUE,Monthly,3/30/2026 14:13:00,54577,33909,13728,12/31/2026 0:00:00,Email,Monthly,4/30/2026 0:00:00,1006.48,0,Direct debit,TRUE,0,FALSE,905.41,TRUE,10/12/2025 8:19:00,"eZona web, mobile web",,TRUE,FALSE,FALSE,5,2,1,,Move contract,6,5,FALSE,FALSE,FALSE,FALSE,0,1,20129.6,SMS,Zvolen,96001,3,620100,a.s.,TRUE
299b9211-7a25-42ca-a6c8-396195775398,veronika.fedorova778@gmail.com,13776243,RX-878-574,,FALSE,5/7/2023 0:59:00,5/7/2023 0:59:00,Household,Solar interest,Gas,Plyn Komfort,VS-ELE,Ruzomberok,24ZSS7848950184M,GAS392337,TRUE,Monthly,3/13/2026 7:18:00,41503,0,677,12/31/2026 0:00:00,Post,Quarterly,4/30/2026 0:00:00,103.24,45.68,Postal order,FALSE,0,FALSE,106.49,FALSE,,,,TRUE,TRUE,TRUE,5,0,1,5/17/2025 1:38:00,Move contract,7,5,FALSE,FALSE,TRUE,FALSE,1,7,2993.96,eZona message,Ruzomberok,03401,,,,FALSE
5dfff369-2bc9-4d63-bccc-24e8031ca02c,daniel.halas779@azet.sk,18924227,ZX-879-702,,FALSE,10/31/2023 10:34:00,10/31/2023 10:34:00,Household,Standard household,Electricity + Gas,Online Domov Duo,VS-ELE,Zilina,24ZSS1060752098M,ELM844004,FALSE,Annual,3/7/2026 7:22:00,17024,1928,768,12/31/2026 0:00:00,Email,Monthly,4/30/2026 0:00:00,110.61,0,Direct debit,TRUE,1,FALSE,112.39,TRUE,3/13/2025 12:18:00,mobile web,,TRUE,FALSE,FALSE,1,0,0,5/9/2025 3:14:00,Tariff consultation,5,8,FALSE,TRUE,FALSE,TRUE,1,1,3650.13,eZona message,Zilina,01001,,,,TRUE
64ea894c-ab11-4bdf-bc59-9cf05adb0806,ivana.danko780@azet.sk,15169280,BB-880-469,,FALSE,6/5/2025 17:44:00,6/5/2025 17:44:00,Household,Price sensitive,Electricity + Gas,Firma Energia Plus,DD2-DOM,Banska Bystrica,24ZSS3908697904Q,ELM846103,FALSE,Annual,4/25/2026 10:17:00,1459,5091,1232,12/31/2026 0:00:00,Email,Monthly,4/30/2026 0:00:00,141.73,0,Postal order,FALSE,0,FALSE,120.19,FALSE,,,,TRUE,FALSE,FALSE,0,0,1,6/22/2025 23:30:00,Move contract,1,8,FALSE,FALSE,FALSE,FALSE,1,0,5669.2,eZona message,Banska Bystrica,97401,,,,FALSE
51fa89f1-40e0-44a3-942c-af906dff5703,robert.bartosova781@gmail.com,10246208,BB-881-916,,FALSE,10/4/2021 18:27:00,10/4/2021 18:27:00,Household,Green energy,Gas,Firma Plyn Plus,VS-ELE,Banska Bystrica,24ZSS6928800265K,GAS779164,TRUE,Monthly,3/26/2026 20:27:00,46388,0,1667,12/31/2026 0:00:00,Email,Annual,4/30/2026 0:00:00,130.69,0,Direct debit,TRUE,1,FALSE,113.65,TRUE,3/11/2026 0:08:00,mobile web,,FALSE,TRUE,FALSE,2,1,1,3/3/2025 0:47:00,Complaint,2,1,FALSE,FALSE,TRUE,TRUE,1,3,3790.01,SMS,Banska Bystrica,97401,,,,FALSE
e8972646-8301-4c54-80e2-82f8ff3d9b98,robert.urban782@gmail.com,17491526,CX-882-616,,FALSE,2/27/2023 20:49:00,2/27/2023 20:49:00,Household,Digital household,Gas,Plyn Komfort,DD1-DOM,Cadca,24ZSS2722710545M,GAS368224,TRUE,Monthly,3/23/2026 17:13:00,11989,0,1335,12/31/2026 0:00:00,Email,Monthly,4/30/2026 0:00:00,102.43,117.16,Direct debit,FALSE,1,TRUE,94.81,TRUE,1/31/2025 2:21:00,mobile web,Android,FALSE,FALSE,TRUE,5,0,1,,Invoice copy,7,6,TRUE,FALSE,FALSE,TRUE,2,2,2663.18,eZona message,Cadca,02201,,,,FALSE
d198992a-aedc-4d7d-9135-997447f70a2c,zuzana.novakova783@gmail.com,14081373,PX-883-653,,FALSE,4/19/2024 10:10:00,4/19/2024 10:10:00,Household,Solar interest,Electricity + Gas,Firma Energia Plus,B2B-GAS,Poprad,24ZSS6064708156Q,ELM997765,FALSE,Quarterly,3/10/2026 16:36:00,3252,1662,2030,12/31/2026 0:00:00,Post,Monthly,4/30/2026 0:00:00,152.97,75.23,Direct debit,FALSE,5,FALSE,142.06,FALSE,,,,TRUE,FALSE,TRUE,4,3,4,11/25/2025 19:09:00,Meter reading,7,2,FALSE,FALSE,FALSE,FALSE,0,6,7036.62,Phone,Poprad,05801,,,,FALSE
c27c5006-7534-4036-aac8-6677b033e9ce,andrea.marekova784@gmail.com,16126354,TX-884-606,,FALSE,3/14/2018 20:02:00,3/14/2018 20:02:00,Household,Solar interest,Electricity + Gas,Online Domov Duo,B2B-DUO,Trencin,24ZSS6721167542K,ELM676728,FALSE,Quarterly,3/23/2026 15:33:00,30107,7063,2155,12/31/2026 0:00:00,Email,Annual,4/30/2026 0:00:00,187.87,0,Direct debit,TRUE,0,FALSE,196.41,FALSE,,,,TRUE,FALSE,TRUE,0,3,0,,Invoice copy,10,7,TRUE,FALSE,FALSE,FALSE,4,6,6387.58,eZona message,Trencin,91101,,,,FALSE
677928c6-c808-488b-82df-cfb3f826f576,tomas.kovac785@post.sk,10267871,ZX-885-872,,FALSE,12/10/2020 21:02:00,12/10/2020 21:02:00,Household,Digital household,Gas,Plyn Komfort,B2B-ELE,Zvolen,24ZSS6318342174M,GAS124133,TRUE,Monthly,3/6/2026 1:45:00,31493,0,1708,12/31/2026 0:00:00,Email,Quarterly,4/30/2026 0:00:00,113.94,0,Direct debit,TRUE,0,FALSE,121.46,FALSE,,,,FALSE,TRUE,FALSE,1,3,1,4/23/2026 0:23:00,Contact support,5,1,FALSE,FALSE,FALSE,FALSE,0,4,6380.64,Phone,Zvolen,96001,,,,FALSE
eb3d2c0d-cbd6-455a-943f-9f169c77809f,miroslav.lackova786@firma.sk,27985409,TX-886-593,,FALSE,6/13/2022 6:56:00,6/13/2022 6:56:00,Business,Hospitality,Electricity,Elektrina Online,DD2-DOM,Trencin,24ZSS5204755188M,ELM721581,FALSE,Quarterly,4/3/2026 9:16:00,3934,78184,0,12/31/2026 0:00:00,Post,Quarterly,4/30/2026 0:00:00,219.85,243.65,Direct debit,TRUE,1,FALSE,204.07,FALSE,,,,TRUE,TRUE,TRUE,5,1,1,,Meter reading,1,10,TRUE,TRUE,FALSE,FALSE,3,8,12091.75,Phone,Trencin,91101,21,471100,zivnostnik,FALSE
b76dad06-d96c-4fed-ae95-4dc265392303,tomas.balaz787@azet.sk,15808874,PX-887-290,,FALSE,12/22/2021 11:12:00,12/22/2021 11:12:00,Household,Standard household,Electricity + Gas,Duo Komfort,B2B-ELE,Prievidza,24ZSS9539856112P,ELM786532,TRUE,Monthly,3/27/2026 23:20:00,23003,8731,505,12/31/2026 0:00:00,Post,Monthly,4/30/2026 0:00:00,74.43,0,Direct debit,TRUE,1,FALSE,83.71,TRUE,7/11/2025 3:05:00,mobile web,,FALSE,FALSE,FALSE,0,1,0,7/27/2025 14:44:00,Deposit change,3,10,FALSE,FALSE,FALSE,FALSE,1,1,1935.18,eZona message,Prievidza,97101,,,,TRUE
01c0f02c-ad12-40fc-b0bd-105d6698bdeb,lenka.polak788@post.sk,15227873,TX-888-862,,FALSE,9/16/2022 4:08:00,9/16/2022 4:08:00,Household,Digital household,Electricity,Elektrina Online,B2B-GAS,Trencin,24ZSS9364452322P,ELM382009,FALSE,Quarterly,3/27/2026 8:01:00,23991,5527,0,12/31/2026 0:00:00,Email,Quarterly,4/30/2026 0:00:00,23.05,12.68,Bank transfer,FALSE,1,FALSE,22.88,FALSE,,,,TRUE,TRUE,TRUE,4,0,0,10/19/2025 4:16:00,Contact support,0,10,FALSE,FALSE,FALSE,FALSE,0,6,714.55,Phone,Trencin,91101,,,,FALSE
a8eb1a60-9c21-400e-a2ae-b1606a6bf9d9,lenka.halas789@azet.sk,19340710,MX-889-106,,FALSE,10/26/2021 6:37:00,10/26/2021 6:37:00,Household,High consumption,Gas,Plyn Domov,B2B-DUO,Martin,24ZSS9931397205K,GAS195865,FALSE,Quarterly,3/16/2026 4:43:00,45162,0,664,12/31/2026 0:00:00,Post,Annual,4/30/2026 0:00:00,87.52,63.17,Direct debit,TRUE,0,FALSE,74.89,FALSE,,,,TRUE,FALSE,TRUE,4,2,0,2/19/2026 20:16:00,Solar consultation,0,3,FALSE,FALSE,FALSE,FALSE,0,2,5426.24,Email,Martin,03601,,,,FALSE
84185a6f-0b0e-4f11-bc9c-a13892c4794c,samuel.danko790@example.sk,14392632,MX-890-854,,FALSE,1/22/2020 18:43:00,1/22/2020 18:43:00,Household,Price sensitive,Gas,Plyn Domov,DD2-DOM,Martin,24ZSS8676247811K,GAS619627,TRUE,Monthly,3/1/2026 22:42:00,19383,0,1576,12/31/2026 0:00:00,Email,Annual,4/30/2026 0:00:00,157.68,0,Direct debit,TRUE,0,FALSE,170.35,FALSE,,,,FALSE,TRUE,TRUE,0,3,1,4/22/2026 15:46:00,Meter reading,6,6,FALSE,FALSE,FALSE,FALSE,2,0,6622.56,eZona message,Martin,03601,,,,FALSE
68c76a83-826e-4a06-aea4-2c9b5a96d21a,daniel.mikulas791@gmail.com,13202967,CX-891-388,,FALSE,3/25/2022 6:42:00,3/25/2022 6:42:00,Household,Solar interest,Electricity,Verejna Sprava Elektrina,DD1-DOM,Cadca,24ZSS5455161186M,ELM741157,TRUE,Monthly,5/10/2026 6:15:00,17789,7948,0,12/31/2026 0:00:00,Email,Monthly,4/30/2026 0:00:00,20.51,0,Direct debit,TRUE,2,FALSE,17.98,TRUE,11/19/2025 6:38:00,eZona web,,TRUE,FALSE,TRUE,4,1,0,,Tariff consultation,8,10,FALSE,FALSE,TRUE,TRUE,5,4,1374.17,eZona message,Cadca,02201,,,,TRUE
eaf8b812-75b9-46cd-b377-c3f402c44e21,natalia.fedorova792@energia-client.sk,22861061,CX-892-477,,TRUE,1/14/2019 4:19:00,1/14/2019 4:19:00,Business,Public sector,Gas,Plyn Komfort,DD2-DOM,Cadca,24ZSS4475177774Q,GAS299589,TRUE,Monthly,3/18/2026 20:08:00,50653,0,6563,12/31/2026 0:00:00,Email,Annual,4/30/2026 0:00:00,542.96,219.69,Direct debit,TRUE,0,FALSE,609.99,TRUE,8/22/2025 0:41:00,eZona web,,FALSE,FALSE,TRUE,2,2,1,2/1/2025 3:58:00,Meter reading,1,4,TRUE,TRUE,FALSE,TRUE,0,7,14116.96,eZona message,Cadca,02201,34,852000,neziskova organizacia,FALSE
f8ad53bb-c1cc-43e6-bcc0-76c12466161f,zuzana.halas793@energia-client.sk,24120559,ZX-893-343,,FALSE,10/3/2024 21:12:00,10/3/2024 21:12:00,Business,SME multi-site,Gas,Plyn Domov,DD2-DOM,Zvolen,24ZSS2382690532M,GAS643178,TRUE,Monthly,5/10/2026 7:41:00,112098,0,11615,12/31/2026 0:00:00,Email,Monthly,4/30/2026 0:00:00,821.83,0,Direct debit,TRUE,1,FALSE,815.62,TRUE,1/12/2025 16:57:00,eZona web,,TRUE,TRUE,FALSE,4,0,0,,Deposit change,5,6,FALSE,TRUE,FALSE,FALSE,1,7,50953.46,SMS,Zvolen,96001,46,620100,s.r.o.,TRUE
6b177f3e-e95e-494d-a977-91c2368d58ef,miroslav.kollarova794@gmail.com,16251425,TX-894-404,,FALSE,6/5/2025 3:04:00,6/5/2025 3:04:00,Household,Senior assisted,Electricity,Elektrina Online,B2B-ELE,Trencin,24ZSS7334748618K,ELM391867,TRUE,Monthly,4/29/2026 12:11:00,14028,5864,0,12/31/2026 0:00:00,Post,Annual,4/30/2026 0:00:00,28.11,31.8,Postal order,FALSE,1,TRUE,24.06,FALSE,,,,TRUE,TRUE,TRUE,2,3,0,7/29/2025 16:43:00,Solar consultation,0,10,FALSE,FALSE,FALSE,FALSE,0,7,1855.26,Phone,Trencin,91101,,,,FALSE
8e81b85d-3a84-4ddf-8715-a63ea1b05453,juraj.novakova795@energia-client.sk,27175557,PX-895-189,,TRUE,5/23/2021 11:11:00,5/23/2021 11:11:00,Business,Retail services,Electricity + Gas,Firma Energia Plus,B2B-ELE,Prievidza,24ZSS2356657949K,ELM873612,TRUE,Monthly,3/12/2026 14:56:00,158069,93796,1140,12/31/2026 0:00:00,Email,Monthly,4/30/2026 0:00:00,330.52,645.73,Direct debit,TRUE,1,TRUE,346.35,TRUE,1/30/2026 11:46:00,"eZona web, mobile web",,TRUE,TRUE,FALSE,5,3,4,,Deposit change,6,10,FALSE,FALSE,FALSE,TRUE,0,2,15864.96,Email,Prievidza,97101,57,256200,s.r.o.,TRUE
cb5e42ce-8a0c-44b4-90a0-20a952580df6,miroslav.mikulas796@azet.sk,14661920,LM-896-936,,FALSE,3/11/2025 13:59:00,3/11/2025 13:59:00,Household,High consumption,Gas,Plyn Komfort,B2B-DUO,Liptovsky Mikulas,24ZSS1741206984P,GAS103534,FALSE,Quarterly,3/21/2026 5:06:00,44968,0,1955,12/31/2026 0:00:00,Email,Annual,4/30/2026 0:00:00,173.53,435.7,Direct debit,TRUE,5,FALSE,159.79,TRUE,8/11/2025 22:33:00,eZona web,iOS,TRUE,FALSE,TRUE,5,2,1,,Contact support,5,5,FALSE,FALSE,FALSE,TRUE,0,10,9197.09,eZona message,Liptovsky Mikulas,03101,,,,TRUE
2a374044-053f-41c2-abb4-6e1876692baf,veronika.balaz797@gmail.com,16803744,PX-897-673,,FALSE,2/15/2025 6:09:00,2/15/2025 6:09:00,Household,Standard household,Electricity + Gas,Firma Energia Plus,DD2-DOM,Prievidza,24ZSS6381612084M,ELM741165,TRUE,Monthly,4/18/2026 23:48:00,17902,2155,1289,12/31/2026 0:00:00,Email,Annual,4/30/2026 0:00:00,95.3,48.56,Direct debit,TRUE,1,FALSE,81.57,TRUE,11/21/2025 8:51:00,mobile web,Android,TRUE,FALSE,TRUE,4,0,0,12/2/2025 8:29:00,Solar consultation,3,3,FALSE,TRUE,FALSE,TRUE,1,5,4383.8,eZona message,Prievidza,97101,,,,TRUE
be51612d-27bd-4012-8248-85595f7f6710,andrea.urban798@example.sk,17102313,TX-898-297,,FALSE,1/25/2022 19:29:00,1/25/2022 19:29:00,Household,Solar interest,Electricity + Gas,Duo Komfort,DD5-SOLAR,Trencin,24ZSS1640682065P,ELM310917,FALSE,Quarterly,3/3/2026 23:41:00,22419,7869,390,12/31/2026 0:00:00,Email,Monthly,4/30/2026 0:00:00,65.95,48.23,Bank transfer,FALSE,0,FALSE,72.74,FALSE,,,,FALSE,FALSE,FALSE,3,1,0,,Deposit change,10,10,FALSE,FALSE,FALSE,FALSE,1,5,3759.15,Phone,Trencin,91101,,,,FALSE
b4e8aa7d-e07f-4ee1-8f50-93ad35a173eb,pavol.mikulas799@firma.sk,29869083,ZX-899-155,ADM-504-404,TRUE,11/8/2023 21:15:00,11/8/2023 21:15:00,Business,Small business,Gas,Plyn Komfort,VS-ELE,Zilina,24ZSS8328699343Q,GAS321351,TRUE,Monthly,3/17/2026 8:05:00,3122,0,12241,12/31/2026 0:00:00,Email,Quarterly,4/30/2026 0:00:00,728.26,10.46,Bank transfer,FALSE,0,FALSE,662.21,TRUE,3/23/2025 20:42:00,eZona web,Android,FALSE,FALSE,FALSE,0,3,1,,Meter reading,3,3,FALSE,FALSE,FALSE,FALSE,1,2,27673.88,Phone,Zilina,01001,20,471100,obec,FALSE
e3cfed5c-e53a-4e71-8378-ef864228021d,pavol.simekova800@example.sk,19044999,CX-900-690,,FALSE,3/17/2025 20:10:00,3/17/2025 20:10:00,Household,Senior assisted,Electricity + Gas,Online Domov Duo,DMP1-PLYN,Cadca,24ZSS7806020897Q,ELM396229,TRUE,Monthly,3/29/2026 22:58:00,39672,4700,1325,12/31/2026 0:00:00,Email,Annual,4/30/2026 0:00:00,101.77,0,Direct debit,TRUE,3,FALSE,103.56,TRUE,1/2/2025 11:57:00,eZona web,,TRUE,TRUE,FALSE,2,0,1,,Complaint,7,10,TRUE,FALSE,FALSE,TRUE,0,7,6106.2,Email,Cadca,02201,,,,TRUE
509930e1-9a94-470e-b1ed-d0b47d963658,miroslav.tothova801@example-business.sk,26129533,LM-901-247,ADM-752-967,TRUE,6/26/2020 18:26:00,6/26/2020 18:26:00,Business,Industrial,Gas,Plyn Domov,DMP1-PLYN,Liptovsky Mikulas,24ZSS9445791982P,GAS507138,TRUE,Monthly,3/7/2026 2:42:00,178929,0,13169,12/31/2026 0:00:00,Email,Annual,4/30/2026 0:00:00,896.3,0,Direct debit,TRUE,0,FALSE,1023.09,TRUE,8/7/2025 20:26:00,eZona web,,TRUE,TRUE,FALSE,0,2,0,1/18/2026 20:51:00,Deposit change,4,6,FALSE,FALSE,FALSE,TRUE,1,4,48400.2,SMS,Liptovsky Mikulas,03101,182,561000,a.s.,TRUE
9f4307e9-7380-48a7-9054-f2c75621a809,monika.urban802@example.sk,14891711,CX-902-415,,FALSE,3/21/2020 12:44:00,3/21/2020 12:44:00,Household,Price sensitive,Electricity + Gas,Duo Komfort,B2B-GAS,Cadca,24ZSS6369006922K,ELM259139,TRUE,Monthly,4/21/2026 2:59:00,11528,2940,157,12/31/2026 0:00:00,Email,Monthly,4/30/2026 0:00:00,48.19,0,Card,FALSE,3,FALSE,55.47,TRUE,11/19/2025 2:55:00,"eZona web, API",,FALSE,TRUE,TRUE,4,0,2,,Complaint,7,5,FALSE,FALSE,TRUE,TRUE,0,3,1975.79,Phone,Cadca,02201,,,,TRUE
3c5af661-887b-4536-b604-365ec6a41d33,katarina.fedorova803@example.sk,11265116,LM-903-784,,FALSE,8/27/2019 16:49:00,8/27/2019 16:49:00,Household,High consumption,Gas,Firma Plyn Plus,B2B-DUO,Liptovsky Mikulas,24ZSS9196759210M,GAS309505,FALSE,Annual,3/11/2026 9:54:00,46976,0,1708,12/31/2026 0:00:00,Post,Monthly,4/30/2026 0:00:00,127.94,85.03,Direct debit,TRUE,0,FALSE,114.44,TRUE,1/5/2025 2:15:00,"eZona web, mobile web",,FALSE,FALSE,TRUE,5,3,1,4/15/2026 15:13:00,Move contract,7,3,FALSE,FALSE,FALSE,FALSE,1,3,3326.44,Email,Liptovsky Mikulas,03101,,,,TRUE
31a2030e-585d-4b82-b7ab-fbf63237d2ad,peter.fedorova804@post.sk,17930286,BB-904-721,,FALSE,11/28/2025 7:46:00,11/28/2025 7:46:00,Household,Solar interest,Gas,Firma Plyn Plus,B2B-GAS,Banska Bystrica,24ZSS6359750533Q,GAS857207,TRUE,Monthly,3/16/2026 21:54:00,37436,0,1695,12/31/2026 0:00:00,Post,Annual,4/30/2026 0:00:00,167.23,0,Direct debit,TRUE,1,FALSE,188.47,FALSE,,,,TRUE,FALSE,FALSE,5,1,1,,Deposit change,9,4,FALSE,FALSE,FALSE,FALSE,0,2,9364.88,SMS,Banska Bystrica,97401,,,,FALSE
2947242a-088f-4f15-8acf-e4dca051c542,michal.simon805@example-business.sk,29348773,ZX-905-768,ADM-841-160,TRUE,3/11/2024 3:58:00,3/11/2024 3:58:00,Business,Retail services,Electricity,Elektrina Online,B2B-GAS,Zilina,24ZSS3455997712M,ELM230897,TRUE,Monthly,4/15/2026 23:04:00,231245,59416,0,12/31/2026 0:00:00,Email,Annual,4/30/2026 0:00:00,153.29,0,Bank transfer,FALSE,1,FALSE,138.55,TRUE,12/31/2025 5:01:00,"eZona web, API",,TRUE,FALSE,TRUE,3,0,1,,Solar consultation,1,7,FALSE,FALSE,FALSE,TRUE,0,2,5365.15,eZona message,Zilina,01001,18,471100,neziskova organizacia,TRUE
5dd83811-c95c-416a-99c0-2b956f95447f,monika.mikulas806@example-business.sk,21865475,PX-906-205,,FALSE,12/1/2020 10:55:00,12/1/2020 10:55:00,Business,Industrial,Electricity + Gas,Duo Komfort,DD5-SOLAR,Poprad,24ZSS9578022913Q,ELM368305,TRUE,Monthly,3/27/2026 18:06:00,132885,88345,9874,12/31/2026 0:00:00,Email,Annual,4/30/2026 0:00:00,782.86,369.68,Direct debit,TRUE,0,FALSE,758.14,TRUE,1/29/2025 6:54:00,"eZona web, API",iOS,TRUE,FALSE,TRUE,0,0,3,7/2/2025 5:45:00,Tariff consultation,1,10,FALSE,FALSE,FALSE,TRUE,1,3,38360.14,Phone,Poprad,05801,191,620100,obec,TRUE
928cf365-4760-4578-967a-5e852ef2561e,veronika.danko807@gmail.com,11054461,MX-907-645,,FALSE,5/25/2018 9:10:00,5/25/2018 9:10:00,Household,Senior assisted,Gas,Plyn Komfort,DD2-DOM,Martin,24ZSS2300489476K,GAS879850,FALSE,Annual,4/29/2026 23:04:00,39347,0,840,12/31/2026 0:00:00,Post,Annual,4/30/2026 0:00:00,106.2,0,Bank transfer,FALSE,1,FALSE,114.4,FALSE,,,,FALSE,FALSE,FALSE,0,3,0,10/8/2025 4:24:00,Complaint,4,2,FALSE,FALSE,FALSE,FALSE,4,7,4248,Email,Martin,03601,,,,FALSE
0267d0b8-bd54-422b-956c-a7f3749acff9,lenka.lackova808@azet.sk,19526154,PX-908-182,,FALSE,12/30/2023 6:17:00,12/30/2023 6:17:00,Household,Digital household,Electricity + Gas,Firma Energia Plus,DD1-DOM,Prievidza,24ZSS6814810579P,ELM634346,FALSE,Annual,4/26/2026 3:19:00,8319,5329,1236,12/31/2026 0:00:00,Post,Quarterly,4/30/2026 0:00:00,134.99,0,Direct debit,TRUE,0,FALSE,144.92,TRUE,1/16/2025 5:34:00,"eZona web, mobile web",Android,TRUE,FALSE,TRUE,1,0,0,11/30/2025 20:08:00,Tariff consultation,5,8,FALSE,FALSE,FALSE,FALSE,1,3,7829.42,Email,Prievidza,97101,,,,TRUE
48e1f62d-23d9-4c6e-bd16-f82a74bf1f99,pavol.urban809@municipal.sk,24631081,MX-909-942,,FALSE,9/13/2019 23:53:00,9/13/2019 23:53:00,Business,Retail services,Electricity + Gas,Online Domov Duo,B2B-GAS,Martin,24ZSS3354844358Q,ELM138236,FALSE,Annual,4/5/2026 0:44:00,201663,84689,12663,12/31/2026 0:00:00,Email,Annual,4/30/2026 0:00:00,870.56,0,Direct debit,TRUE,1,FALSE,750.82,TRUE,4/3/2026 18:08:00,mobile web,iOS,FALSE,TRUE,FALSE,0,3,1,12/30/2025 22:10:00,Deposit change,0,10,FALSE,FALSE,FALSE,TRUE,1,4,42657.44,SMS,Martin,03601,32,256200,a.s.,TRUE
956d786a-1c0c-4f91-bf2f-24162dc2dbb3,marek.kovac810@energia-client.sk,24475470,TX-910-709,,TRUE,7/2/2025 2:24:00,7/2/2025 2:24:00,Business,Industrial,Gas,Firma Plyn Plus,B2B-DUO,Trencin,24ZSS9927107596M,GAS241298,FALSE,Quarterly,5/3/2026 13:58:00,40950,0,3181,12/31/2026 0:00:00,Post,Annual,4/30/2026 0:00:00,215.96,265.71,Direct debit,TRUE,1,TRUE,251.09,TRUE,7/25/2025 4:11:00,eZona web,,FALSE,FALSE,TRUE,0,0,1,9/24/2025 23:19:00,Invoice copy,7,2,FALSE,TRUE,FALSE,FALSE,0,2,8638.4,Phone,Trencin,91101,45,620100,neziskova organizacia,FALSE
5f7ba40e-8ce0-49a3-8027-a7d6e7cfbcc6,robert.marekova811@post.sk,14863529,ZX-911-113,,FALSE,4/25/2018 11:38:00,4/25/2018 11:38:00,Household,Green energy,Gas,Plyn Komfort,DD2-DOM,Zvolen,24ZSS4906366160Q,GAS510209,TRUE,Monthly,5/6/2026 12:47:00,29732,0,1767,12/31/2026 0:00:00,Post,Annual,4/30/2026 0:00:00,158.19,0,Bank transfer,FALSE,1,FALSE,138.74,FALSE,,,,TRUE,TRUE,TRUE,5,2,1,,Deposit change,1,5,FALSE,FALSE,TRUE,FALSE,0,7,8858.64,Phone,Zvolen,96001,,,,FALSE
6fba305e-4d70-427b-b833-e203eaf1183f,tomas.horvath812@gmail.com,17197636,TX-912-625,,FALSE,2/22/2024 5:16:00,2/22/2024 5:16:00,Household,Standard household,Electricity,Verejna Sprava Elektrina,VS-ELE,Trencin,24ZSS4169243469P,ELM518907,FALSE,Annual,4/30/2026 12:23:00,38122,8880,0,12/31/2026 0:00:00,Email,Annual,4/30/2026 0:00:00,50.69,0,Direct debit,TRUE,1,FALSE,49.04,FALSE,,,,TRUE,TRUE,TRUE,4,2,0,3/11/2025 17:20:00,Move contract,0,10,FALSE,FALSE,FALSE,FALSE,1,2,3294.85,Phone,Trencin,91101,,,,FALSE
00b37c79-5481-4066-aaa6-76e136d9c347,ivana.marekova813@azet.sk,19152412,CX-913-503,,FALSE,4/11/2022 4:09:00,4/11/2022 4:09:00,Household,High consumption,Electricity,Firma Elektrina Plus,VS-ELE,Cadca,24ZSS8720985156Q,ELM648772,FALSE,Annual,4/24/2026 13:11:00,17972,7569,0,12/31/2026 0:00:00,Post,Annual,4/30/2026 0:00:00,19.44,5.68,Direct debit,TRUE,0,FALSE,16.78,FALSE,,,,TRUE,FALSE,TRUE,5,1,0,,Invoice copy,2,10,FALSE,TRUE,FALSE,FALSE,1,5,544.32,Phone,Cadca,02201,,,,FALSE
dcd51b8d-587f-415f-8c23-67f16d3fe386,marek.polak814@azet.sk,12312670,LM-914-626,,FALSE,4/7/2024 20:10:00,4/7/2024 20:10:00,Household,Solar interest,Electricity,Firma Elektrina Plus,DD2-DOM,Liptovsky Mikulas,24ZSS5505857501P,ELM266027,FALSE,Quarterly,4/13/2026 12:27:00,28535,6798,0,12/31/2026 0:00:00,Email,Annual,4/30/2026 0:00:00,34.29,0,Direct debit,TRUE,1,FALSE,34.43,FALSE,,,,TRUE,FALSE,FALSE,3,2,1,8/24/2025 23:58:00,Solar consultation,7,10,FALSE,FALSE,FALSE,FALSE,1,2,960.12,Email,Liptovsky Mikulas,03101,,,,FALSE
24a37bc5-6cb3-457e-b447-685a7fcc5e8d,marek.horvath815@gmail.com,16553087,LM-915-544,,FALSE,10/3/2024 19:34:00,10/3/2024 19:34:00,Household,Senior assisted,Electricity,Verejna Sprava Elektrina,B2B-ELE,Liptovsky Mikulas,24ZSS3298235052M,ELM631434,TRUE,Monthly,3/21/2026 19:32:00,33197,7402,0,12/31/2026 0:00:00,Email,Monthly,4/30/2026 0:00:00,64.41,60.11,Direct debit,FALSE,0,FALSE,60.96,TRUE,7/14/2025 6:37:00,mobile web,Android,FALSE,TRUE,TRUE,5,1,0,6/17/2025 0:38:00,Meter reading,2,7,FALSE,FALSE,FALSE,TRUE,1,5,3284.91,SMS,Liptovsky Mikulas,03101,,,,TRUE
5aa9ed9b-9d27-4cba-b172-934dc0fa36b4,veronika.simon816@example.sk,19632291,RX-916-113,,FALSE,1/7/2025 20:51:00,1/7/2025 20:51:00,Household,Price sensitive,Electricity,Elektrina Online,B2B-GAS,Ruzomberok,24ZSS3236612625M,ELM138046,TRUE,Monthly,4/24/2026 17:19:00,36511,3329,0,12/31/2026 0:00:00,Email,Annual,4/30/2026 0:00:00,37.63,0,Postal order,FALSE,0,FALSE,33.06,TRUE,6/13/2025 17:08:00,eZona web,Android,TRUE,TRUE,TRUE,1,2,0,10/20/2025 13:42:00,Move contract,2,9,FALSE,FALSE,FALSE,TRUE,0,5,1429.94,eZona message,Ruzomberok,03401,,,,FALSE
7624e359-4497-4b92-8826-afd20ec02666,katarina.varga817@example.sk,18329082,PX-917-983,,FALSE,2/3/2020 18:05:00,2/3/2020 18:05:00,Household,Green energy,Electricity + Gas,Duo Komfort,B2B-DUO,Poprad,24ZSS8189121147M,ELM777762,FALSE,Annual,3/14/2026 23:06:00,46314,7824,210,12/31/2026 0:00:00,Post,Annual,4/30/2026 0:00:00,83.04,0,Card,FALSE,1,FALSE,89.15,FALSE,,,,TRUE,FALSE,TRUE,1,2,1,12/30/2025 16:55:00,Tariff consultation,6,10,TRUE,TRUE,TRUE,FALSE,0,7,5812.8,Phone,Poprad,05801,,,,FALSE
8c42aa0c-d8e2-4283-bb30-633023bb57c2,daniel.kollarova818@energia-client.sk,26128863,CX-918-139,ADM-508-541,TRUE,9/24/2021 22:24:00,9/24/2021 22:24:00,Business,SME multi-site,Gas,Plyn Domov,DD1-DOM,Cadca,24ZSS1723083078M,GAS801556,TRUE,Monthly,3/17/2026 1:43:00,221033,0,13190,12/31/2026 0:00:00,Email,Monthly,4/30/2026 0:00:00,761.45,0,Direct debit,FALSE,1,FALSE,633.03,TRUE,5/1/2025 18:50:00,eZona web,Android,TRUE,FALSE,TRUE,2,3,1,11/10/2025 15:06:00,Deposit change,6,2,FALSE,FALSE,FALSE,TRUE,2,1,14467.55,Phone,Cadca,02201,2,852000,obec,TRUE
e718f848-a23b-4cc7-991e-2415cda6b439,katarina.danko819@azet.sk,11516425,PX-919-882,,FALSE,8/14/2020 12:45:00,8/14/2020 12:45:00,Household,Green energy,Electricity,Elektrina Online,B2B-ELE,Prievidza,24ZSS9320662339M,ELM821099,TRUE,Monthly,4/11/2026 9:44:00,17596,5288,0,12/31/2026 0:00:00,Email,Annual,4/30/2026 0:00:00,28,0,Postal order,FALSE,0,FALSE,25.38,FALSE,,,,FALSE,FALSE,TRUE,3,2,1,1/27/2026 9:43:00,Move contract,1,5,FALSE,FALSE,TRUE,FALSE,1,0,784,Email,Prievidza,97101,,,,FALSE
eeabee7b-322a-4c35-941a-2d58c1859b3b,juraj.halas820@gmail.com,18169643,PX-920-418,,FALSE,2/23/2018 16:10:00,2/23/2018 16:10:00,Household,Senior assisted,Gas,Plyn Domov,DD5-SOLAR,Prievidza,24ZSS6711240748M,GAS310810,TRUE,Monthly,3/11/2026 11:38:00,19987,0,799,12/31/2026 0:00:00,Email,Annual,4/30/2026 0:00:00,71.94,0,Direct debit,TRUE,0,FALSE,84.29,TRUE,12/14/2025 14:35:00,mobile web,iOS,FALSE,FALSE,TRUE,3,2,0,5/14/2025 10:43:00,Invoice copy,6,6,FALSE,FALSE,FALSE,TRUE,1,0,1582.68,SMS,Prievidza,97101,,,,FALSE
6bcfcca6-aebe-458f-8c5c-a6ce4433426b,monika.lackova821@post.sk,11813540,CX-921-761,,FALSE,10/31/2025 11:16:00,10/31/2025 11:16:00,Household,Solar interest,Electricity,Firma Elektrina Plus,DD2-DOM,Cadca,24ZSS3858278121K,ELM960412,FALSE,Quarterly,4/18/2026 19:57:00,5871,7144,0,12/31/2026 0:00:00,Email,Monthly,4/30/2026 0:00:00,49.36,0,Bank transfer,FALSE,1,FALSE,56.12,TRUE,11/9/2025 7:34:00,"eZona web, mobile web",iOS,TRUE,FALSE,FALSE,5,2,1,1/17/2026 17:55:00,Deposit change,7,10,TRUE,FALSE,FALSE,TRUE,1,7,2517.36,Phone,Cadca,02201,,,,TRUE
09343bbc-fe4e-4578-ab77-18b0eccb6aed,peter.kovac822@post.sk,19437328,CX-922-698,,FALSE,8/23/2020 11:56:00,8/23/2020 11:56:00,Household,Standard household,Electricity,Elektrina Online,DMP1-PLYN,Cadca,24ZSS1240504606K,ELM229792,TRUE,Monthly,4/20/2026 8:19:00,27082,3150,0,12/31/2026 0:00:00,Email,Quarterly,4/30/2026 0:00:00,54.6,0,Postal order,FALSE,4,FALSE,52.57,TRUE,10/2/2025 4:13:00,"eZona web, mobile web",,TRUE,TRUE,TRUE,2,0,0,3/21/2025 15:34:00,Solar consultation,7,7,FALSE,FALSE,FALSE,TRUE,0,10,1255.8,SMS,Cadca,02201,,,,TRUE
0b33b54c-deb4-446b-a335-a14c940954e3,monika.varga823@firma.sk,28989325,ZX-923-236,ADM-103-690,FALSE,1/16/2020 21:17:00,1/16/2020 21:17:00,Business,Small business,Electricity,Elektrina Domov,B2B-DUO,Zvolen,24ZSS3193189757M,ELM338246,FALSE,Quarterly,4/12/2026 18:06:00,82009,58668,0,12/31/2026 0:00:00,Email,Monthly,4/30/2026 0:00:00,77.15,0,Card,FALSE,0,FALSE,70.42,FALSE,,,,TRUE,TRUE,FALSE,3,1,0,9/13/2025 14:47:00,Deposit change,2,10,TRUE,FALSE,FALSE,FALSE,0,2,3626.05,eZona message,Zvolen,96001,32,852000,a.s.,FALSE
30b44937-bb92-47b9-af5c-fa9a0fd43cd7,marek.lackova824@post.sk,10976564,RX-924-280,,FALSE,11/18/2021 17:23:00,11/18/2021 17:23:00,Household,Standard household,Electricity + Gas,Firma Energia Plus,DD2-DOM,Ruzomberok,24ZSS2447136536Q,ELM275764,FALSE,Quarterly,3/3/2026 14:13:00,3031,5739,2176,12/31/2026 0:00:00,Email,Quarterly,4/30/2026 0:00:00,165.77,449.22,Bank transfer,FALSE,2,TRUE,195.39,FALSE,,,,FALSE,TRUE,TRUE,1,2,1,2/6/2026 14:08:00,Invoice copy,2,6,TRUE,FALSE,FALSE,FALSE,3,3,11935.44,eZona message,Ruzomberok,03401,,,,FALSE
df37eead-5841-4e69-9717-90924bccb2a7,simona.danko825@gmail.com,18904489,BB-925-164,,FALSE,3/20/2025 14:42:00,3/20/2025 14:42:00,Household,Standard household,Electricity + Gas,Duo Komfort,VS-ELE,Banska Bystrica,24ZSS1897337344P,ELM515124,TRUE,Monthly,3/22/2026 16:41:00,35048,7854,1927,12/31/2026 0:00:00,Email,Monthly,4/30/2026 0:00:00,182.48,0,Direct debit,TRUE,0,FALSE,159.4,TRUE,4/13/2025 17:02:00,"eZona web, API",Android,TRUE,TRUE,TRUE,4,3,0,4/25/2025 1:47:00,Solar consultation,5,10,FALSE,TRUE,FALSE,TRUE,0,3,8941.52,SMS,Banska Bystrica,97401,,,,TRUE
b03690af-87fb-4516-930c-b9ca0969941f,pavol.varga826@firma.sk,23658331,RX-926-804,,FALSE,12/8/2024 12:35:00,12/8/2024 12:35:00,Business,Public sector,Gas,Firma Plyn Plus,DMP1-PLYN,Ruzomberok,24ZSS1548888368K,GAS533188,TRUE,Monthly,3/23/2026 12:02:00,131434,0,10715,12/31/2026 0:00:00,Email,Monthly,4/30/2026 0:00:00,621.33,527.57,Card,FALSE,0,FALSE,692.23,TRUE,6/14/2025 22:44:00,mobile web,,TRUE,TRUE,FALSE,3,2,0,,Meter reading,2,5,FALSE,FALSE,FALSE,TRUE,1,6,15533.25,eZona message,Ruzomberok,03401,24,861000,neziskova organizacia,TRUE
6bfd5ded-2819-4622-a478-07758048ee46,daniel.marekova827@azet.sk,13005511,BB-927-270,,FALSE,2/24/2019 17:50:00,2/24/2019 17:50:00,Household,Senior assisted,Electricity + Gas,Online Domov Duo,DD1-DOM,Banska Bystrica,24ZSS1966226408M,ELM147316,TRUE,Monthly,4/29/2026 11:20:00,30355,4611,1559,12/31/2026 0:00:00,Email,Quarterly,4/30/2026 0:00:00,133.62,0,Direct debit,TRUE,1,FALSE,132.93,TRUE,11/21/2025 16:42:00,"eZona web, API",,FALSE,TRUE,FALSE,3,1,1,10/19/2025 22:36:00,Invoice copy,7,10,FALSE,TRUE,FALSE,TRUE,1,2,3073.26,Email,Banska Bystrica,97401,,,,FALSE
ffb265dd-a823-4c55-b683-d51e5c0de0f6,ivana.gregorova828@example.sk,14641973,BB-928-407,,FALSE,10/16/2020 7:49:00,10/16/2020 7:49:00,Household,Standard household,Electricity,Elektrina Domov,DMP1-PLYN,Banska Bystrica,24ZSS2387717259Q,ELM870217,FALSE,Annual,4/14/2026 6:12:00,29054,7292,0,12/31/2026 0:00:00,Email,Quarterly,4/30/2026 0:00:00,41.39,0,Direct debit,TRUE,1,FALSE,37.08,TRUE,5/15/2025 15:20:00,"eZona web, API",,FALSE,FALSE,FALSE,5,2,3,6/27/2025 7:41:00,Invoice copy,7,10,FALSE,FALSE,FALSE,TRUE,0,2,2317.84,Email,Banska Bystrica,97401,,,,FALSE
a303d4fb-8fbc-42d4-bec2-70a13f44b024,simona.halas829@gmail.com,13920766,LM-929-250,,FALSE,3/22/2021 9:30:00,3/22/2021 9:30:00,Household,Digital household,Gas,Plyn Domov,B2B-GAS,Liptovsky Mikulas,24ZSS3909870530M,GAS602771,TRUE,Monthly,3/19/2026 21:26:00,14962,0,197,12/31/2026 0:00:00,Email,Quarterly,4/30/2026 0:00:00,62.84,122.05,Direct debit,TRUE,3,FALSE,71.1,TRUE,6/4/2025 23:40:00,"eZona web, API",Android,FALSE,TRUE,TRUE,3,0,0,,Tariff consultation,0,5,FALSE,TRUE,FALSE,TRUE,0,6,3456.2,eZona message,Liptovsky Mikulas,03101,,,,TRUE
9bd3fd94-4c4d-46a1-afce-34b10af45407,simona.kral830@gmail.com,17456049,ZX-930-289,,FALSE,5/19/2024 9:25:00,5/19/2024 9:25:00,Household,Senior assisted,Gas,Plyn Domov,B2B-DUO,Zilina,24ZSS2471064069K,GAS998895,TRUE,Monthly,4/3/2026 12:24:00,37895,0,1582,12/31/2026 0:00:00,Email,Monthly,4/30/2026 0:00:00,124.01,0,Direct debit,TRUE,1,FALSE,101.84,TRUE,4/3/2025 23:00:00,eZona web,,TRUE,FALSE,TRUE,0,2,1,,Solar consultation,4,3,FALSE,TRUE,FALSE,TRUE,0,3,6200.5,eZona message,Zilina,01001,,,,TRUE
9330368b-5460-4f47-99ec-60e9ca6ef410,zuzana.bartosova831@municipal.sk,28605283,TX-931-305,,FALSE,7/4/2022 3:28:00,7/4/2022 3:28:00,Business,Industrial,Electricity + Gas,Duo Komfort,DD5-SOLAR,Trencin,24ZSS3845577860K,ELM608188,TRUE,Monthly,3/12/2026 6:02:00,133879,104520,12650,12/31/2026 0:00:00,Email,Monthly,4/30/2026 0:00:00,841.61,0,Bank transfer,FALSE,0,FALSE,692.26,TRUE,1/14/2026 2:50:00,mobile web,,FALSE,FALSE,FALSE,3,1,1,8/25/2025 1:14:00,Deposit change,7,10,FALSE,FALSE,FALSE,FALSE,1,3,27773.13,Phone,Trencin,91101,63,852000,obec,TRUE
e8106f43-26ac-458b-92da-c82dc02aa964,lenka.simon832@example.sk,15612975,RX-932-291,,FALSE,5/20/2023 15:24:00,5/20/2023 15:24:00,Household,Standard household,Gas,Plyn Komfort,DD5-SOLAR,Ruzomberok,24ZSS1627667848P,GAS622567,TRUE,Monthly,4/23/2026 9:34:00,40874,0,2095,12/31/2026 0:00:00,Email,Quarterly,4/30/2026 0:00:00,188.23,0,Direct debit,TRUE,1,FALSE,221.3,TRUE,11/1/2025 2:21:00,"eZona web, API",iOS,TRUE,FALSE,FALSE,0,3,1,,Deposit change,4,4,FALSE,FALSE,FALSE,TRUE,0,1,6588.05,eZona message,Ruzomberok,03401,,,,TRUE
d699af85-321c-4ab7-aa46-1a96fab05a51,lenka.marekova833@post.sk,14517621,PX-933-873,,FALSE,7/16/2022 5:54:00,7/16/2022 5:54:00,Household,Solar interest,Electricity + Gas,Firma Energia Plus,DD2-DOM,Poprad,24ZSS5426677244P,ELM177744,FALSE,Annual,3/25/2026 7:14:00,16766,6853,1724,12/31/2026 0:00:00,Email,Quarterly,4/30/2026 0:00:00,123.12,0,Direct debit,TRUE,1,FALSE,106.79,TRUE,2/26/2025 12:20:00,eZona web,iOS,FALSE,TRUE,TRUE,4,1,0,4/13/2025 3:33:00,Deposit change,9,9,FALSE,FALSE,FALSE,TRUE,1,6,6648.48,SMS,Poprad,05801,,,,FALSE
06f9a6d1-9710-4b6c-99be-3e6df44f0d43,zuzana.marekova834@post.sk,17020471,MX-934-997,,FALSE,5/1/2018 17:47:00,5/1/2018 17:47:00,Household,Price sensitive,Gas,Firma Plyn Plus,VS-ELE,Martin,24ZSS4375039916Q,GAS519579,TRUE,Monthly,4/28/2026 16:55:00,38805,0,1767,12/31/2026 0:00:00,Email,Quarterly,4/30/2026 0:00:00,157.19,119.34,Card,FALSE,1,FALSE,169.97,FALSE,,,,TRUE,FALSE,TRUE,2,3,1,,Meter reading,6,6,FALSE,FALSE,FALSE,FALSE,0,2,5030.08,Phone,Martin,03601,,,,FALSE
e49e93cb-16ec-4b28-aa46-c37d4dac179b,pavol.simon835@post.sk,13878682,TX-935-754,,FALSE,11/8/2023 4:26:00,11/8/2023 4:26:00,Household,Senior assisted,Electricity,Elektrina Online,DD2-DOM,Trencin,24ZSS4258932361M,ELM107016,FALSE,Quarterly,4/25/2026 17:45:00,40648,5369,0,12/31/2026 0:00:00,Email,Quarterly,4/30/2026 0:00:00,74.02,0,Card,FALSE,1,FALSE,63.58,TRUE,7/2/2025 0:02:00,"eZona web, mobile web",iOS,TRUE,TRUE,TRUE,4,0,1,1/19/2026 23:02:00,Complaint,2,10,FALSE,FALSE,TRUE,TRUE,1,5,3701,SMS,Trencin,91101,,,,TRUE
722c7c26-8144-48e2-9ccd-cb04ee1f393b,peter.kral836@firma.sk,26075470,PX-936-539,,FALSE,3/15/2025 1:47:00,3/15/2025 1:47:00,Business,Retail services,Electricity,Elektrina Domov,B2B-GAS,Poprad,24ZSS9533977632M,ELM770764,FALSE,Annual,4/22/2026 20:51:00,174558,51609,0,12/31/2026 0:00:00,Email,Annual,4/30/2026 0:00:00,131.81,0,Postal order,FALSE,4,FALSE,112.97,TRUE,3/18/2025 19:08:00,eZona web,iOS,TRUE,FALSE,TRUE,2,2,0,8/30/2025 22:03:00,Solar consultation,2,10,FALSE,FALSE,FALSE,TRUE,0,4,6458.69,eZona message,Poprad,05801,45,861000,zivnostnik,FALSE
eda89174-cce6-4946-98ab-8d27c8ec2e26,jana.mikulas837@gmail.com,17930254,ZX-937-130,,FALSE,11/27/2022 10:24:00,11/27/2022 10:24:00,Household,Standard household,Electricity,Verejna Sprava Elektrina,DD5-SOLAR,Zilina,24ZSS5697635990Q,ELM946249,TRUE,Monthly,4/3/2026 19:42:00,30610,5054,0,12/31/2026 0:00:00,Email,Quarterly,4/30/2026 0:00:00,42.96,65.93,Direct debit,TRUE,1,FALSE,44.04,TRUE,4/9/2026 16:04:00,"eZona web, mobile web",iOS,FALSE,FALSE,FALSE,5,0,1,4/25/2025 23:25:00,Move contract,0,10,FALSE,FALSE,FALSE,TRUE,0,2,2577.6,eZona message,Zilina,01001,,,,TRUE
4026e909-df3b-4fbc-88b9-59945eb13c9f,peter.lackova838@azet.sk,10855075,PX-938-602,,FALSE,7/21/2022 3:40:00,7/21/2022 3:40:00,Household,Green energy,Gas,Firma Plyn Plus,DD1-DOM,Poprad,24ZSS5177715416Q,GAS209835,TRUE,Monthly,4/15/2026 14:29:00,21194,0,875,12/31/2026 0:00:00,Post,Annual,4/30/2026 0:00:00,91.13,0,Bank transfer,FALSE,0,FALSE,91.64,TRUE,5/16/2025 2:55:00,mobile web,,FALSE,FALSE,TRUE,4,0,1,4/12/2026 19:33:00,Invoice copy,4,6,FALSE,FALSE,FALSE,FALSE,1,0,3189.55,Email,Poprad,05801,,,,TRUE
08bed31f-b095-41e7-a109-c52812858ba7,samuel.simekova839@azet.sk,11294548,LM-939-690,,FALSE,3/20/2020 16:16:00,3/20/2020 16:16:00,Household,Solar interest,Electricity + Gas,Firma Energia Plus,B2B-GAS,Liptovsky Mikulas,24ZSS8619884526Q,ELM284803,FALSE,Annual,3/27/2026 4:18:00,28497,2485,587,12/31/2026 0:00:00,Post,Quarterly,4/30/2026 0:00:00,55.76,36.6,Direct debit,TRUE,1,FALSE,60.15,TRUE,11/8/2025 3:19:00,mobile web,Android,FALSE,FALSE,FALSE,0,2,1,,Contact support,10,3,FALSE,FALSE,FALSE,FALSE,5,7,1840.08,Phone,Liptovsky Mikulas,03101,,,,TRUE
2b0d87cd-d8a1-43a2-9c1b-47b25c540546,andrea.bartosova840@azet.sk,12269002,CX-940-906,,FALSE,3/17/2024 13:35:00,3/17/2024 13:35:00,Household,Standard household,Gas,Firma Plyn Plus,B2B-DUO,Cadca,24ZSS8655045381K,GAS978696,FALSE,Quarterly,3/23/2026 7:09:00,44367,0,150,12/31/2026 0:00:00,Email,Monthly,4/30/2026 0:00:00,69.25,0,Direct debit,TRUE,5,FALSE,65.97,TRUE,3/3/2025 10:25:00,eZona web,Android,FALSE,FALSE,FALSE,0,2,0,4/11/2026 14:45:00,Solar consultation,4,3,FALSE,FALSE,FALSE,FALSE,0,6,4085.75,eZona message,Cadca,02201,,,,FALSE
f8841a97-8766-416b-8f74-5af31bfa9a31,peter.simekova841@post.sk,19528249,LM-941-547,,FALSE,3/6/2018 7:36:00,3/6/2018 7:36:00,Household,Solar interest,Electricity + Gas,Online Domov Duo,B2B-ELE,Liptovsky Mikulas,24ZSS1804952776P,ELM517982,FALSE,Annual,4/10/2026 7:25:00,40055,4289,959,12/31/2026 0:00:00,Post,Quarterly,4/30/2026 0:00:00,104.56,0,Postal order,FALSE,1,FALSE,86.22,FALSE,,,,FALSE,TRUE,FALSE,3,1,0,1/9/2026 1:03:00,Contact support,10,9,FALSE,FALSE,FALSE,FALSE,1,2,3973.28,eZona message,Liptovsky Mikulas,03101,,,,FALSE
6873d76b-6a87-469d-96a7-ccf4a2c624da,monika.gregorova842@gmail.com,19116547,BB-942-738,,FALSE,5/3/2023 19:35:00,5/3/2023 19:35:00,Household,Senior assisted,Electricity + Gas,Online Domov Duo,VS-ELE,Banska Bystrica,24ZSS1282814336M,ELM413328,FALSE,Annual,4/27/2026 12:46:00,24992,6028,706,12/31/2026 0:00:00,Email,Quarterly,4/30/2026 0:00:00,63.98,0,Direct debit,TRUE,1,FALSE,63.62,TRUE,3/9/2026 19:18:00,mobile web,iOS,FALSE,FALSE,TRUE,4,1,4,,Deposit change,4,10,FALSE,FALSE,FALSE,TRUE,0,6,3135.02,eZona message,Banska Bystrica,97401,,,,TRUE
0e238236-e229-4beb-a58a-b9a8f00f21ba,jana.horvath843@example-business.sk,25112894,LM-943-292,ADM-147-613,TRUE,12/17/2021 14:45:00,12/17/2021 14:45:00,Business,Hospitality,Electricity + Gas,Firma Energia Plus,DMP1-PLYN,Liptovsky Mikulas,24ZSS7572041613P,ELM601918,TRUE,Monthly,3/13/2026 21:10:00,132765,41346,8639,12/31/2026 0:00:00,Post,Annual,4/30/2026 0:00:00,675,0,Postal order,FALSE,1,FALSE,701.74,FALSE,,,,TRUE,FALSE,TRUE,5,2,1,,Contact support,6,4,TRUE,FALSE,FALSE,FALSE,1,1,43200,Email,Liptovsky Mikulas,03101,30,493200,zivnostnik,FALSE
5ed39030-0965-4d72-9981-33d287d03c33,monika.simon844@example.sk,16863907,PX-944-787,,FALSE,12/18/2022 8:23:00,12/18/2022 8:23:00,Household,Senior assisted,Electricity,Verejna Sprava Elektrina,DD5-SOLAR,Poprad,24ZSS4755106073P,ELM428122,TRUE,Monthly,3/16/2026 3:01:00,30826,2744,0,12/31/2026 0:00:00,Post,Quarterly,4/30/2026 0:00:00,24.52,0,Direct debit,TRUE,0,FALSE,27.52,TRUE,3/20/2026 5:55:00,"eZona web, API",Android,FALSE,FALSE,TRUE,2,1,0,1/3/2026 10:34:00,Move contract,7,8,TRUE,FALSE,FALSE,FALSE,1,5,1495.72,eZona message,Poprad,05801,,,,TRUE
7a97bb72-3410-40c0-a6ea-8990a6ecaa5c,marek.marekova845@municipal.sk,22512931,PX-945-861,ADM-980-565,FALSE,1/2/2025 14:50:00,1/2/2025 14:50:00,Business,Industrial,Electricity + Gas,Firma Energia Plus,B2B-DUO,Prievidza,24ZSS4076193511M,ELM331249,TRUE,Monthly,4/22/2026 13:20:00,212542,98119,13149,12/31/2026 0:00:00,Email,Annual,4/30/2026 0:00:00,783.84,0,Postal order,FALSE,1,FALSE,785.1,TRUE,4/4/2026 21:57:00,"eZona web, API",Android,FALSE,FALSE,FALSE,4,2,1,8/12/2025 6:47:00,Deposit change,4,10,FALSE,FALSE,FALSE,TRUE,1,2,37624.32,Phone,Prievidza,97101,104,682000,neziskova organizacia,TRUE
bde40ae7-adbf-4fda-9eda-0972d4413b62,juraj.horvath846@energia-client.sk,24999833,BB-946-859,ADM-907-318,TRUE,8/13/2019 14:24:00,8/13/2019 14:24:00,Business,Public sector,Electricity,Firma Elektrina Plus,B2B-DUO,Banska Bystrica,24ZSS1803182285Q,ELM308033,FALSE,Annual,4/2/2026 5:10:00,137618,66033,0,12/31/2026 0:00:00,Post,Quarterly,4/30/2026 0:00:00,205.55,0,Direct debit,TRUE,0,FALSE,231.47,TRUE,5/16/2025 0:53:00,"eZona web, mobile web",iOS,FALSE,FALSE,FALSE,4,1,0,2/24/2026 0:26:00,Complaint,6,9,FALSE,FALSE,TRUE,FALSE,1,4,7605.35,SMS,Banska Bystrica,97401,29,471100,neziskova organizacia,TRUE
7538a107-70cc-4bdb-96f9-5697458117a5,daniel.varga847@example.sk,15800225,MX-947-624,,FALSE,11/12/2018 22:08:00,11/12/2018 22:08:00,Household,High consumption,Electricity + Gas,Duo Komfort,VS-ELE,Martin,24ZSS2943873442P,ELM811607,TRUE,Monthly,3/7/2026 12:03:00,15343,7002,1308,12/31/2026 0:00:00,Post,Quarterly,4/30/2026 0:00:00,123.27,0,Direct debit,TRUE,0,FALSE,143.78,FALSE,,,,FALSE,FALSE,TRUE,4,0,0,2/7/2026 5:12:00,Invoice copy,6,8,FALSE,FALSE,FALSE,FALSE,0,4,4067.91,SMS,Martin,03601,,,,FALSE
0c33992f-6433-494a-bbe3-3fea891226d0,monika.kovac848@example-business.sk,29474125,TX-948-806,,FALSE,7/25/2019 15:31:00,7/25/2019 15:31:00,Business,Hospitality,Electricity,Verejna Sprava Elektrina,DMP1-PLYN,Trencin,24ZSS4288867038M,ELM661893,TRUE,Monthly,4/10/2026 11:05:00,176842,77880,0,12/31/2026 0:00:00,Email,Annual,4/30/2026 0:00:00,262.8,0,Direct debit,FALSE,0,FALSE,300.71,TRUE,6/22/2025 12:11:00,"eZona web, API",,FALSE,TRUE,FALSE,3,2,1,9/8/2025 11:13:00,Tariff consultation,6,7,FALSE,FALSE,FALSE,FALSE,1,1,16030.8,SMS,Trencin,91101,52,471100,s.r.o.,TRUE
32013000-99e8-457c-abbc-d69862b2ac3c,robert.kral849@post.sk,19052338,ZX-949-507,,FALSE,9/14/2018 20:42:00,9/14/2018 20:42:00,Household,Solar interest,Gas,Plyn Komfort,VS-ELE,Zilina,24ZSS7207176288M,GAS940066,FALSE,Annual,4/5/2026 21:15:00,46522,0,1979,12/31/2026 0:00:00,Email,Annual,4/30/2026 0:00:00,138.85,244.19,Postal order,FALSE,1,TRUE,115.08,FALSE,,,,TRUE,TRUE,FALSE,3,0,1,12/5/2025 12:17:00,Tariff consultation,10,2,FALSE,FALSE,FALSE,FALSE,1,2,9164.1,SMS,Zilina,01001,,,,FALSE
9c40584b-9e85-4936-b1c9-a6c223bfb53e,simona.simekova850@gmail.com,12532052,BB-950-351,,FALSE,4/19/2020 18:08:00,4/19/2020 18:08:00,Household,Solar interest,Electricity,Elektrina Online,DD1-DOM,Banska Bystrica,24ZSS1165430463P,ELM742802,FALSE,Quarterly,5/5/2026 0:38:00,27862,7867,0,12/31/2026 0:00:00,Email,Quarterly,4/30/2026 0:00:00,44.49,0,Card,FALSE,1,FALSE,40.4,TRUE,3/4/2025 3:05:00,eZona web,Android,FALSE,FALSE,FALSE,0,3,1,,Invoice copy,7,9,FALSE,TRUE,FALSE,TRUE,1,4,1245.72,Phone,Banska Bystrica,97401,,,,TRUE
bcf2b6fc-433c-4ecc-a8ea-e47d8b958749,natalia.horvath851@example-business.sk,23606028,ZX-951-171,,FALSE,3/29/2026 23:58:00,3/29/2026 23:58:00,Business,Retail services,Electricity + Gas,Online Domov Duo,DD5-SOLAR,Zvolen,24ZSS9613010325Q,ELM519045,TRUE,Monthly,3/8/2026 3:56:00,29206,79613,8998,12/31/2026 0:00:00,Email,Monthly,4/30/2026 0:00:00,747.02,0,Direct debit,TRUE,0,FALSE,738.79,TRUE,3/24/2025 19:29:00,eZona web,,TRUE,TRUE,FALSE,5,0,2,3/14/2025 3:42:00,Tariff consultation,2,10,FALSE,FALSE,FALSE,TRUE,1,2,39592.06,Phone,Zvolen,96001,1,551000,s.r.o.,TRUE
d651450f-0355-4602-8b87-0c8801c10155,monika.simekova852@example.sk,14001310,BB-952-582,,FALSE,3/27/2026 16:27:00,3/27/2026 16:27:00,Household,High consumption,Gas,Plyn Komfort,B2B-DUO,Banska Bystrica,24ZSS5128959949P,GAS312802,FALSE,Annual,3/9/2026 13:34:00,35286,0,1452,12/31/2026 0:00:00,Email,Monthly,4/30/2026 0:00:00,102.86,238.87,Card,FALSE,1,TRUE,119.75,TRUE,2/28/2025 6:56:00,mobile web,iOS,FALSE,FALSE,TRUE,1,2,0,4/6/2026 3:36:00,Invoice copy,1,1,FALSE,TRUE,TRUE,TRUE,1,6,1851.48,eZona message,Banska Bystrica,97401,,,,TRUE
05dd4357-8626-4262-901e-f84d233c2388,katarina.tothova853@azet.sk,11050548,CX-953-368,,FALSE,1/29/2024 4:44:00,1/29/2024 4:44:00,Household,High consumption,Electricity + Gas,Firma Energia Plus,B2B-ELE,Cadca,24ZSS3389461963P,ELM953698,TRUE,Monthly,3/2/2026 5:09:00,47859,4223,1934,12/31/2026 0:00:00,Post,Annual,4/30/2026 0:00:00,137.17,0,Direct debit,TRUE,0,FALSE,145.54,TRUE,11/12/2025 6:46:00,"eZona web, API",Android,FALSE,FALSE,TRUE,3,2,1,2/23/2025 14:26:00,Tariff consultation,2,9,FALSE,FALSE,FALSE,FALSE,3,4,3429.25,Phone,Cadca,02201,,,,TRUE
2ec0b948-7e9f-4af1-aa64-85a4ce361f77,daniel.horvath854@post.sk,16079431,PX-954-583,,FALSE,8/24/2023 14:40:00,8/24/2023 14:40:00,Household,Green energy,Electricity,Elektrina Online,DMP1-PLYN,Poprad,24ZSS2097873093P,ELM667020,FALSE,Quarterly,5/6/2026 9:49:00,38937,2464,0,12/31/2026 0:00:00,Email,Quarterly,4/30/2026 0:00:00,74.47,71.28,Card,FALSE,1,FALSE,85.1,TRUE,1/3/2025 18:17:00,mobile web,,TRUE,TRUE,TRUE,4,0,0,,Invoice copy,0,3,FALSE,TRUE,FALSE,TRUE,0,8,2978.8,Email,Poprad,05801,,,,TRUE
16406885-56ec-43c1-b9d1-4194247292fc,juraj.kovac855@post.sk,13854442,TX-955-231,,FALSE,1/22/2026 7:11:00,1/22/2026 7:11:00,Household,Senior assisted,Gas,Plyn Komfort,B2B-DUO,Trencin,24ZSS9990507214P,GAS187345,FALSE,Quarterly,4/10/2026 4:16:00,20205,0,1686,12/31/2026 0:00:00,Post,Quarterly,4/30/2026 0:00:00,165.73,257.82,Direct debit,TRUE,1,TRUE,138.49,FALSE,,,,FALSE,TRUE,TRUE,3,0,0,3/29/2026 11:11:00,Tariff consultation,7,2,FALSE,TRUE,FALSE,FALSE,1,3,3646.06,SMS,Trencin,91101,,,,FALSE
02854886-e95d-46e9-bbb9-5566abb9eb97,samuel.novakova856@example.sk,15568977,CX-956-649,,FALSE,3/31/2025 5:37:00,3/31/2025 5:37:00,Household,Digital household,Gas,Firma Plyn Plus,B2B-ELE,Cadca,24ZSS5843568065K,GAS920044,FALSE,Annual,3/30/2026 7:59:00,1467,0,1061,12/31/2026 0:00:00,Email,Quarterly,4/30/2026 0:00:00,99.35,62.17,Direct debit,TRUE,0,FALSE,98.53,FALSE,,,,FALSE,TRUE,FALSE,4,3,0,11/10/2025 10:24:00,Solar consultation,4,4,FALSE,TRUE,FALSE,FALSE,1,1,3874.65,SMS,Cadca,02201,,,,FALSE
c1d787e8-9ace-45e8-a268-d156343df742,tomas.danko857@post.sk,13823240,PX-957-828,,FALSE,10/28/2020 9:25:00,10/28/2020 9:25:00,Household,Price sensitive,Electricity + Gas,Duo Komfort,B2B-GAS,Poprad,24ZSS1894047470P,ELM585409,TRUE,Monthly,3/12/2026 8:42:00,20319,7039,1935,12/31/2026 0:00:00,Email,Monthly,4/30/2026 0:00:00,177.76,0,Direct debit,FALSE,4,FALSE,174.16,TRUE,3/30/2025 15:37:00,"eZona web, mobile web",Android,FALSE,FALSE,TRUE,1,1,1,6/22/2025 13:57:00,Contact support,3,10,FALSE,FALSE,FALSE,TRUE,1,5,7110.4,Email,Poprad,05801,,,,TRUE
93eb0877-9098-4462-be18-91005d1c90f3,veronika.novakova858@example.sk,19212877,CX-958-408,,FALSE,6/14/2022 3:59:00,6/14/2022 3:59:00,Household,Digital household,Electricity,Firma Elektrina Plus,DD1-DOM,Cadca,24ZSS9183217033P,ELM505465,TRUE,Monthly,4/30/2026 22:32:00,40783,1940,0,12/31/2026 0:00:00,Email,Quarterly,4/30/2026 0:00:00,41.37,0,Direct debit,TRUE,1,FALSE,47.54,TRUE,12/29/2025 16:58:00,mobile web,iOS,FALSE,FALSE,TRUE,2,3,0,,Tariff consultation,0,3,FALSE,FALSE,FALSE,TRUE,1,1,2233.98,Email,Cadca,02201,,,,TRUE
846e2ac1-1c65-44cf-8b54-6a1178a04622,tomas.tothova859@energia-client.sk,27320038,RX-959-356,ADM-395-160,FALSE,8/24/2019 15:53:00,8/24/2019 15:53:00,Business,Public sector,Gas,Firma Plyn Plus,VS-ELE,Ruzomberok,24ZSS1185381892Q,GAS921539,FALSE,Quarterly,4/26/2026 15:30:00,67244,0,1765,12/31/2026 0:00:00,Email,Quarterly,4/30/2026 0:00:00,315.08,64.35,Card,FALSE,0,FALSE,302.14,TRUE,6/22/2025 23:52:00,mobile web,,FALSE,TRUE,TRUE,5,0,1,,Invoice copy,0,3,FALSE,FALSE,FALSE,TRUE,1,1,13548.44,Email,Ruzomberok,03401,48,852000,a.s.,TRUE
1fb5447f-ae39-4c38-b365-30bcf5884c16,miroslav.urban860@municipal.sk,21770747,PX-960-898,ADM-662-108,FALSE,2/26/2020 16:48:00,2/26/2020 16:48:00,Business,Public sector,Electricity,Verejna Sprava Elektrina,B2B-GAS,Poprad,24ZSS1189057814P,ELM516865,TRUE,Monthly,4/18/2026 9:10:00,30519,10759,0,12/31/2026 0:00:00,Email,Quarterly,4/30/2026 0:00:00,165.04,0,Direct debit,FALSE,0,FALSE,171.7,TRUE,2/23/2025 9:10:00,eZona web,Android,TRUE,FALSE,TRUE,4,0,0,7/28/2025 15:36:00,Contact support,7,5,FALSE,FALSE,TRUE,TRUE,0,6,3960.96,Phone,Poprad,05801,3,551000,neziskova organizacia,FALSE
edb30c6c-b268-41af-82fc-ea8878663810,lenka.kral861@example.sk,15357582,ZX-961-602,,FALSE,8/23/2019 6:43:00,8/23/2019 6:43:00,Household,Green energy,Gas,Firma Plyn Plus,DD1-DOM,Zilina,24ZSS4372069778P,GAS320675,FALSE,Quarterly,4/8/2026 12:40:00,11131,0,1621,12/31/2026 0:00:00,Email,Quarterly,4/30/2026 0:00:00,121.16,86.27,Postal order,FALSE,0,FALSE,124,TRUE,3/11/2025 13:56:00,mobile web,Android,FALSE,TRUE,TRUE,4,1,1,,Meter reading,2,2,FALSE,FALSE,TRUE,TRUE,1,1,5815.68,Email,Zilina,01001,,,,TRUE
edc2fb46-7664-44c9-93b8-293897582701,miroslav.marekova862@example-business.sk,27329067,TX-962-836,,TRUE,10/24/2022 6:28:00,10/24/2022 6:28:00,Business,Hospitality,Electricity,Elektrina Online,B2B-GAS,Trencin,24ZSS8471883511M,ELM167246,FALSE,Annual,3/29/2026 19:51:00,214486,65685,0,12/31/2026 0:00:00,Email,Quarterly,4/30/2026 0:00:00,221.48,0,Direct debit,TRUE,0,FALSE,201.08,TRUE,4/27/2026 20:29:00,"eZona web, API",,TRUE,FALSE,TRUE,0,1,1,,Deposit change,2,8,FALSE,FALSE,FALSE,TRUE,1,0,10852.52,SMS,Trencin,91101,15,551000,a.s.,TRUE
ad245f36-14ed-4768-8df1-870211ce3424,pavol.danko863@post.sk,12627349,RX-963-892,,FALSE,4/24/2023 22:27:00,4/24/2023 22:27:00,Household,Senior assisted,Electricity,Elektrina Domov,VS-ELE,Ruzomberok,24ZSS4819295878K,ELM641329,TRUE,Monthly,5/1/2026 15:16:00,27802,8275,0,12/31/2026 0:00:00,Email,Quarterly,4/30/2026 0:00:00,37.57,22.34,Direct debit,TRUE,0,FALSE,34.9,TRUE,3/28/2026 11:02:00,mobile web,,FALSE,TRUE,TRUE,2,2,0,4/18/2025 20:08:00,Invoice copy,3,10,FALSE,TRUE,FALSE,TRUE,0,1,976.82,eZona message,Ruzomberok,03401,,,,TRUE
1c8d84fa-eb42-4f3c-85d4-870ee0ea10ef,pavol.bartosova864@post.sk,16570440,LM-964-595,,FALSE,4/29/2023 21:49:00,4/29/2023 21:49:00,Household,Standard household,Gas,Plyn Domov,B2B-ELE,Liptovsky Mikulas,24ZSS7545383602Q,GAS914249,TRUE,Monthly,4/15/2026 0:43:00,40890,0,1473,12/31/2026 0:00:00,Email,Annual,4/30/2026 0:00:00,123.02,0,Direct debit,TRUE,1,FALSE,104.12,TRUE,9/8/2025 14:38:00,"eZona web, mobile web",Android,TRUE,TRUE,TRUE,4,0,0,,Tariff consultation,2,3,FALSE,FALSE,TRUE,TRUE,1,6,3690.6,SMS,Liptovsky Mikulas,03101,,,,FALSE
d695d9d2-9397-41e4-819a-a32facea6a79,michal.bartosova865@energia-client.sk,26202368,ZX-965-444,,TRUE,11/25/2020 8:27:00,11/25/2020 8:27:00,Business,Retail services,Electricity + Gas,Online Domov Duo,DD5-SOLAR,Zvolen,24ZSS1617852339M,ELM812029,FALSE,Annual,3/16/2026 17:57:00,151086,57637,3861,12/31/2026 0:00:00,Email,Quarterly,4/30/2026 0:00:00,305.31,0,Direct debit,FALSE,0,FALSE,355.28,TRUE,9/28/2025 6:35:00,mobile web,,TRUE,TRUE,FALSE,1,1,1,4/16/2025 20:15:00,Contact support,2,8,TRUE,TRUE,FALSE,TRUE,1,5,13738.95,SMS,Zvolen,96001,59,471100,a.s.,TRUE
a2d3415b-0164-42cc-9584-97f307b6db44,lenka.fedorova866@energia-client.sk,29379339,PX-966-831,ADM-882-293,FALSE,12/19/2020 3:29:00,12/19/2020 3:29:00,Business,Retail services,Gas,Firma Plyn Plus,DMP1-PLYN,Prievidza,24ZSS8816412023K,GAS861686,FALSE,Quarterly,3/23/2026 4:12:00,70165,0,11616,12/31/2026 0:00:00,Email,Quarterly,4/30/2026 0:00:00,768.88,0,Direct debit,TRUE,0,FALSE,872.83,TRUE,5/4/2025 14:53:00,"eZona web, API",iOS,TRUE,FALSE,FALSE,3,0,1,,Solar consultation,1,4,FALSE,FALSE,FALSE,TRUE,1,6,36906.24,Phone,Prievidza,97101,43,256200,neziskova organizacia,FALSE
f9f955d7-1e16-4009-874f-444bfcd6f0eb,michal.gregorova867@post.sk,15540963,RX-967-285,,FALSE,1/26/2026 11:26:00,1/26/2026 11:26:00,Household,Senior assisted,Gas,Plyn Komfort,DD5-SOLAR,Ruzomberok,24ZSS9460205697M,GAS671760,TRUE,Monthly,4/25/2026 16:12:00,23028,0,693,12/31/2026 0:00:00,Email,Monthly,4/30/2026 0:00:00,56.12,133.43,Card,FALSE,1,FALSE,47.74,TRUE,3/16/2025 6:31:00,"eZona web, API",,FALSE,FALSE,TRUE,5,1,0,2/23/2026 12:18:00,Deposit change,0,1,FALSE,FALSE,FALSE,TRUE,0,8,2413.16,Email,Ruzomberok,03401,,,,TRUE
0b128ed2-733f-4e6f-ac24-9b38f14a0562,ivana.danko868@example.sk,15521590,PX-968-842,,FALSE,2/24/2020 1:04:00,2/24/2020 1:04:00,Household,Senior assisted,Gas,Plyn Komfort,B2B-ELE,Prievidza,24ZSS9179457687Q,GAS397170,TRUE,Monthly,4/7/2026 10:15:00,33055,0,287,12/31/2026 0:00:00,Email,Monthly,4/30/2026 0:00:00,89.79,239.22,Direct debit,TRUE,1,FALSE,89.6,FALSE,,,,FALSE,TRUE,TRUE,0,1,0,6/1/2025 1:23:00,Meter reading,4,5,FALSE,TRUE,FALSE,FALSE,1,8,6195.51,Email,Prievidza,97101,,,,FALSE
9044fb0c-ece0-4a24-af78-b8e7996a0162,katarina.polak869@municipal.sk,27270918,ZX-969-637,,TRUE,10/25/2021 1:05:00,10/25/2021 1:05:00,Business,SME multi-site,Electricity + Gas,Online Domov Duo,B2B-GAS,Zvolen,24ZSS1381843388M,ELM347309,TRUE,Monthly,4/24/2026 1:10:00,43578,20334,1757,12/31/2026 0:00:00,Email,Monthly,4/30/2026 0:00:00,282.5,0,Postal order,FALSE,1,FALSE,241.86,TRUE,12/27/2025 4:37:00,"eZona web, API",,FALSE,FALSE,TRUE,4,2,0,,Contact support,6,8,FALSE,FALSE,FALSE,TRUE,0,6,12147.5,SMS,Zvolen,96001,45,682000,obec,FALSE
a5191b5a-7a21-4b67-9954-1281be27bb2b,juraj.kral870@gmail.com,19193772,TX-970-719,,FALSE,4/7/2022 18:20:00,4/7/2022 18:20:00,Household,Solar interest,Electricity,Firma Elektrina Plus,VS-ELE,Trencin,24ZSS4596752681P,ELM530872,TRUE,Monthly,5/3/2026 14:35:00,26540,5160,0,12/31/2026 0:00:00,Email,Quarterly,4/30/2026 0:00:00,64.98,0,Direct debit,FALSE,0,FALSE,71.9,TRUE,4/27/2025 19:53:00,"eZona web, mobile web",,TRUE,FALSE,FALSE,5,3,0,,Deposit change,7,8,FALSE,FALSE,FALSE,TRUE,0,1,3378.96,Email,Trencin,91101,,,,TRUE
8ee3f228-c5f8-41f9-929f-dbfb588fbe60,samuel.bartosova871@post.sk,19251909,ZX-971-328,,FALSE,4/27/2020 10:58:00,4/27/2020 10:58:00,Household,Price sensitive,Electricity + Gas,Duo Komfort,B2B-ELE,Zilina,24ZSS1570525496P,ELM560778,TRUE,Monthly,4/20/2026 6:32:00,33970,6234,1477,12/31/2026 0:00:00,Email,Quarterly,4/30/2026 0:00:00,111.42,0,Direct debit,TRUE,1,FALSE,129.33,TRUE,9/3/2025 16:39:00,"eZona web, mobile web",Android,TRUE,TRUE,FALSE,2,3,1,,Invoice copy,7,9,FALSE,FALSE,FALSE,TRUE,0,4,7130.88,Phone,Zilina,01001,,,,FALSE
eab8fa54-e9f9-47c6-80ab-51134b4ec589,andrea.bartosova872@energia-client.sk,21889541,MX-972-985,,FALSE,11/15/2018 15:25:00,11/15/2018 15:25:00,Business,Public sector,Gas,Plyn Domov,DMP1-PLYN,Martin,24ZSS4905934265M,GAS525444,FALSE,Quarterly,4/6/2026 20:53:00,217489,0,11202,12/31/2026 0:00:00,Email,Annual,4/30/2026 0:00:00,694.11,0,Bank transfer,FALSE,4,FALSE,645.45,TRUE,2/17/2026 8:14:00,eZona web,iOS,TRUE,TRUE,TRUE,0,0,1,,Invoice copy,0,3,FALSE,FALSE,FALSE,TRUE,1,7,49975.92,SMS,Martin,03601,12,256200,obec,TRUE
37ff5faf-3852-4431-8f1f-9fc266396bf5,michal.kollarova873@azet.sk,14367439,MX-973-822,,FALSE,4/11/2018 8:22:00,4/11/2018 8:22:00,Household,Green energy,Gas,Plyn Domov,DD2-DOM,Martin,24ZSS4184692013M,GAS608251,TRUE,Monthly,3/8/2026 12:32:00,29109,0,1932,12/31/2026 0:00:00,Email,Quarterly,4/30/2026 0:00:00,136.26,295.11,Direct debit,TRUE,1,TRUE,138.68,TRUE,7/27/2025 11:04:00,"eZona web, mobile web",,FALSE,TRUE,TRUE,1,2,1,,Solar consultation,6,1,FALSE,FALSE,TRUE,TRUE,1,6,2452.68,Email,Martin,03601,,,,FALSE
edcc68b0-5a4c-4257-a799-04cf0400343a,zuzana.gregorova874@post.sk,11919927,PX-974-527,,FALSE,9/24/2025 4:04:00,9/24/2025 4:04:00,Household,High consumption,Electricity + Gas,Duo Komfort,B2B-DUO,Prievidza,24ZSS1617679103P,ELM318322,FALSE,Annual,4/30/2026 2:03:00,47272,5058,181,12/31/2026 0:00:00,Email,Monthly,4/30/2026 0:00:00,71.92,0,Card,FALSE,0,FALSE,84.57,TRUE,1/14/2026 1:32:00,"eZona web, mobile web",,FALSE,FALSE,FALSE,2,2,1,,Invoice copy,6,8,FALSE,FALSE,FALSE,FALSE,2,4,4530.96,eZona message,Prievidza,97101,,,,TRUE
9639e630-97b0-41b5-b129-e96e2bdee502,andrea.simekova875@gmail.com,11405664,TX-975-152,,FALSE,4/16/2023 14:34:00,4/16/2023 14:34:00,Household,Solar interest,Electricity + Gas,Duo Komfort,B2B-ELE,Trencin,24ZSS7935568380K,ELM672849,FALSE,Annual,3/26/2026 3:52:00,47732,1540,368,12/31/2026 0:00:00,Email,Annual,4/30/2026 0:00:00,59.53,100.42,Direct debit,FALSE,1,TRUE,69.74,TRUE,9/22/2025 8:36:00,"eZona web, API",,TRUE,FALSE,TRUE,3,3,1,,Solar consultation,8,4,TRUE,FALSE,FALSE,TRUE,3,2,4286.16,SMS,Trencin,91101,,,,TRUE
e58bc199-3142-46b4-931c-dc4e97d6c390,michal.novakova876@gmail.com,10648159,ZX-976-142,,FALSE,9/9/2018 22:39:00,9/9/2018 22:39:00,Household,Price sensitive,Electricity,Verejna Sprava Elektrina,VS-ELE,Zilina,24ZSS8711873596Q,ELM896106,FALSE,Quarterly,4/26/2026 9:05:00,28329,3515,0,12/31/2026 0:00:00,Email,Annual,4/30/2026 0:00:00,56.67,0,Direct debit,TRUE,0,FALSE,53.79,FALSE,,,,TRUE,FALSE,TRUE,2,1,0,12/23/2025 6:22:00,Move contract,6,6,FALSE,FALSE,FALSE,FALSE,1,3,2323.47,Email,Zilina,01001,,,,FALSE
76c8a8d0-4c45-4dd6-8cdb-38f9f0a50615,miroslav.kral877@post.sk,10574475,ZX-977-969,,FALSE,9/24/2023 17:27:00,9/24/2023 17:27:00,Household,Solar interest,Electricity,Elektrina Domov,DD2-DOM,Zilina,24ZSS6869263981K,ELM984007,TRUE,Monthly,4/4/2026 23:27:00,5301,7233,0,12/31/2026 0:00:00,Post,Monthly,4/30/2026 0:00:00,29.37,0,Direct debit,TRUE,1,FALSE,26.32,FALSE,,,,FALSE,TRUE,FALSE,0,0,1,4/2/2025 8:19:00,Tariff consultation,7,10,FALSE,FALSE,FALSE,FALSE,1,4,675.51,Phone,Zilina,01001,,,,FALSE
aaf9cced-a727-4ca1-93f4-e340c5a6a505,veronika.simekova878@post.sk,13637532,CX-978-151,,FALSE,7/24/2018 18:24:00,7/24/2018 18:24:00,Household,Senior assisted,Gas,Plyn Komfort,B2B-ELE,Cadca,24ZSS9146128489K,GAS435025,TRUE,Monthly,3/19/2026 0:48:00,43661,0,421,12/31/2026 0:00:00,Email,Monthly,4/30/2026 0:00:00,41.16,0,Postal order,FALSE,1,FALSE,42.8,TRUE,3/12/2026 17:27:00,"eZona web, mobile web",,FALSE,FALSE,TRUE,4,3,1,,Move contract,2,1,TRUE,TRUE,FALSE,TRUE,1,1,1934.52,Email,Cadca,02201,,,,TRUE
52feb7a8-af5d-4503-972b-62a683f29fc3,michal.urban879@firma.sk,24972738,PX-979-207,,FALSE,6/28/2025 7:45:00,6/28/2025 7:45:00,Business,SME multi-site,Electricity + Gas,Firma Energia Plus,DMP1-PLYN,Poprad,24ZSS3471766473P,ELM138224,TRUE,Monthly,3/12/2026 13:59:00,216505,119761,11572,12/31/2026 0:00:00,Email,Annual,4/30/2026 0:00:00,800.21,0,Postal order,FALSE,0,FALSE,863.83,TRUE,5/4/2025 5:47:00,"eZona web, API",,TRUE,TRUE,FALSE,3,1,0,5/25/2025 1:25:00,Meter reading,4,10,FALSE,FALSE,FALSE,TRUE,0,1,27207.14,eZona message,Poprad,05801,38,861000,zivnostnik,TRUE
f6a63566-ea1c-4154-9fb7-20a6aaf61af6,miroslav.danko880@gmail.com,18239168,ZX-980-645,,FALSE,12/19/2022 7:49:00,12/19/2022 7:49:00,Household,High consumption,Electricity + Gas,Duo Komfort,B2B-ELE,Zvolen,24ZSS6088949749K,ELM231994,TRUE,Monthly,4/30/2026 13:41:00,26241,2933,1552,12/31/2026 0:00:00,Email,Monthly,4/30/2026 0:00:00,136.92,378.29,Direct debit,TRUE,1,TRUE,113.75,TRUE,2/13/2026 17:46:00,eZona web,,TRUE,TRUE,FALSE,2,3,3,9/10/2025 19:26:00,Complaint,3,8,FALSE,FALSE,TRUE,TRUE,1,7,3559.92,Phone,Zvolen,96001,,,,TRUE
7e63e7de-1a2d-4884-8b6c-87ce898f59b9,simona.danko881@azet.sk,16324193,BB-981-334,,FALSE,8/7/2024 3:13:00,8/7/2024 3:13:00,Household,Solar interest,Electricity + Gas,Duo Komfort,DD2-DOM,Banska Bystrica,24ZSS7384680099P,ELM319446,FALSE,Annual,3/10/2026 4:48:00,33731,6911,1305,12/31/2026 0:00:00,Email,Quarterly,4/30/2026 0:00:00,115.09,0,Bank transfer,FALSE,1,FALSE,114.48,TRUE,2/1/2025 16:44:00,mobile web,iOS,FALSE,TRUE,TRUE,4,2,1,2/20/2025 3:13:00,Complaint,10,7,FALSE,FALSE,FALSE,FALSE,1,5,8171.39,eZona message,Banska Bystrica,97401,,,,TRUE
1da9c7be-c75b-4da1-8ff2-a54b9b8283bb,simona.horvath882@gmail.com,12327007,BB-982-429,,FALSE,3/10/2025 10:17:00,3/10/2025 10:17:00,Household,Digital household,Electricity + Gas,Duo Komfort,VS-ELE,Banska Bystrica,24ZSS1813294914Q,ELM788176,FALSE,Annual,4/29/2026 0:45:00,30916,1401,353,12/31/2026 0:00:00,Email,Quarterly,4/30/2026 0:00:00,40.68,21.32,Direct debit,TRUE,0,FALSE,37.43,TRUE,2/4/2026 7:13:00,"eZona web, mobile web",,FALSE,TRUE,TRUE,0,0,0,,Move contract,2,2,FALSE,FALSE,FALSE,FALSE,1,6,2684.88,Email,Banska Bystrica,97401,,,,TRUE
52694aec-8ae5-4777-acfa-812e7060563c,samuel.gregorova883@post.sk,16747501,PX-983-975,,FALSE,6/16/2020 2:04:00,6/16/2020 2:04:00,Household,Digital household,Electricity,Firma Elektrina Plus,B2B-GAS,Poprad,24ZSS9849746476M,ELM573323,TRUE,Monthly,3/24/2026 6:48:00,15484,1400,0,12/31/2026 0:00:00,Email,Quarterly,4/30/2026 0:00:00,63.27,0,Card,FALSE,1,FALSE,55.71,TRUE,4/29/2026 13:21:00,"eZona web, API",,TRUE,FALSE,TRUE,5,3,1,10/20/2025 2:45:00,Complaint,6,3,FALSE,FALSE,FALSE,TRUE,0,3,3986.01,SMS,Poprad,05801,,,,TRUE
d0dec617-6ab4-42d8-93f2-517c2af64d1c,natalia.halas884@gmail.com,17585182,LM-984-331,,FALSE,7/7/2020 23:43:00,7/7/2020 23:43:00,Household,Standard household,Electricity,Firma Elektrina Plus,DD1-DOM,Liptovsky Mikulas,24ZSS3586925779K,ELM229914,TRUE,Monthly,3/6/2026 10:36:00,29801,2550,0,12/31/2026 0:00:00,Email,Annual,4/30/2026 0:00:00,38.48,0,Bank transfer,FALSE,2,FALSE,45.14,TRUE,5/11/2026 11:15:00,mobile web,,FALSE,TRUE,FALSE,3,1,0,,Complaint,1,4,FALSE,TRUE,FALSE,TRUE,5,8,2501.2,SMS,Liptovsky Mikulas,03101,,,,TRUE
52911b46-0307-4647-82cc-9a7be76a24c9,katarina.danko885@example-business.sk,21298312,CX-985-505,,FALSE,11/19/2022 17:55:00,11/19/2022 17:55:00,Business,Retail services,Gas,Plyn Komfort,VS-ELE,Cadca,24ZSS7590302006Q,GAS951964,TRUE,Monthly,4/8/2026 12:51:00,175943,0,13139,12/31/2026 0:00:00,Email,Quarterly,4/30/2026 0:00:00,785.65,0,Direct debit,FALSE,0,FALSE,820.93,TRUE,10/7/2025 19:27:00,mobile web,,FALSE,FALSE,FALSE,1,0,0,,Solar consultation,4,3,FALSE,FALSE,FALSE,TRUE,0,2,54995.5,eZona message,Cadca,02201,47,861000,a.s.,TRUE
4491a631-a4a9-40da-8d91-1dc33375ff10,tomas.balaz886@post.sk,12288546,PX-986-609,,FALSE,6/15/2025 8:16:00,6/15/2025 8:16:00,Household,Solar interest,Electricity,Elektrina Online,DMP1-PLYN,Prievidza,24ZSS3306213749M,ELM395961,TRUE,Monthly,5/9/2026 8:21:00,44432,6330,0,12/31/2026 0:00:00,Email,Quarterly,4/30/2026 0:00:00,62.2,0,Card,FALSE,1,FALSE,59.29,FALSE,,,,FALSE,FALSE,TRUE,1,3,3,,Move contract,8,10,FALSE,FALSE,FALSE,FALSE,0,4,2550.2,Phone,Prievidza,97101,,,,FALSE
dfa2226e-8d8e-46d2-8de7-d6f1278b0f1f,daniel.gregorova887@example.sk,14240123,TX-987-849,,FALSE,6/11/2022 20:37:00,6/11/2022 20:37:00,Household,Standard household,Electricity + Gas,Duo Komfort,B2B-DUO,Trencin,24ZSS6195625907Q,ELM238915,FALSE,Quarterly,3/9/2026 1:33:00,22714,2272,1155,12/31/2026 0:00:00,Email,Annual,4/30/2026 0:00:00,101.96,87,Card,FALSE,0,FALSE,101.53,TRUE,1/27/2025 3:42:00,"eZona web, API",iOS,TRUE,FALSE,FALSE,4,0,1,11/29/2025 3:06:00,Contact support,1,4,TRUE,FALSE,FALSE,TRUE,1,2,2141.16,Phone,Trencin,91101,,,,TRUE
fbb8fe4b-91d4-462f-9f57-a30b78fb9697,juraj.kollarova888@example.sk,18146090,ZX-988-885,,FALSE,4/10/2023 16:53:00,4/10/2023 16:53:00,Household,Senior assisted,Gas,Plyn Komfort,DD1-DOM,Zvolen,24ZSS1319705228Q,GAS783438,FALSE,Annual,4/12/2026 16:34:00,30883,0,1049,12/31/2026 0:00:00,Email,Annual,4/30/2026 0:00:00,93.7,0,Direct debit,TRUE,1,FALSE,109.2,FALSE,,,,FALSE,TRUE,TRUE,2,1,4,4/30/2026 10:11:00,Deposit change,4,1,TRUE,TRUE,FALSE,FALSE,0,5,4029.1,SMS,Zvolen,96001,,,,FALSE
d42cfe50-50b8-4300-a00b-cef9e1e4cc04,peter.gregorova889@azet.sk,11374061,ZX-989-615,,FALSE,11/4/2020 22:11:00,11/4/2020 22:11:00,Household,Standard household,Electricity + Gas,Duo Komfort,B2B-GAS,Zvolen,24ZSS6508327593K,ELM826971,TRUE,Monthly,3/15/2026 14:57:00,14734,4786,922,12/31/2026 0:00:00,Post,Annual,4/30/2026 0:00:00,72.62,0,Postal order,FALSE,1,FALSE,72.06,FALSE,,,,FALSE,FALSE,FALSE,0,3,0,7/16/2025 16:45:00,Solar consultation,3,7,TRUE,FALSE,FALSE,FALSE,0,5,2832.18,SMS,Zvolen,96001,,,,FALSE
7ad8b297-8395-469f-b3a4-389cd24f05a0,natalia.polak890@firma.sk,20115048,MX-990-651,,FALSE,11/29/2020 18:06:00,11/29/2020 18:06:00,Business,SME multi-site,Gas,Firma Plyn Plus,DD2-DOM,Martin,24ZSS1294279959P,GAS318914,TRUE,Monthly,4/11/2026 6:35:00,190000,0,3981,12/31/2026 0:00:00,Email,Annual,4/30/2026 0:00:00,429.96,0,Direct debit,FALSE,0,FALSE,442.33,TRUE,7/20/2025 8:18:00,"eZona web, API",iOS,TRUE,FALSE,TRUE,4,1,0,11/21/2025 10:37:00,Solar consultation,7,1,FALSE,FALSE,FALSE,FALSE,0,6,24937.68,Phone,Martin,03601,42,620100,zivnostnik,TRUE
2cd835e7-3dfd-4ebc-abe3-037a9c9a5b66,samuel.kral891@municipal.sk,28378081,CX-991-467,ADM-526-275,TRUE,3/31/2024 10:57:00,3/31/2024 10:57:00,Business,Public sector,Electricity + Gas,Online Domov Duo,B2B-ELE,Cadca,24ZSS9427740375P,ELM191137,TRUE,Monthly,4/3/2026 15:02:00,27146,84438,6600,12/31/2026 0:00:00,Post,Quarterly,4/30/2026 0:00:00,539.04,0,Bank transfer,FALSE,0,FALSE,600.56,TRUE,6/3/2025 22:12:00,"eZona web, mobile web",,TRUE,FALSE,TRUE,0,2,0,3/19/2025 10:43:00,Solar consultation,1,8,FALSE,TRUE,FALSE,FALSE,1,2,29647.2,Phone,Cadca,02201,45,682000,neziskova organizacia,TRUE
7c11abb9-62ca-423b-9a83-abe6060d02a3,ivana.varga892@firma.sk,20269745,BB-992-942,ADM-656-550,FALSE,4/29/2025 18:47:00,4/29/2025 18:47:00,Business,Industrial,Gas,Plyn Komfort,DMP1-PLYN,Banska Bystrica,24ZSS2479203722M,GAS515185,FALSE,Quarterly,3/12/2026 14:46:00,28390,0,3372,12/31/2026 0:00:00,Email,Monthly,4/30/2026 0:00:00,244.46,0,Card,FALSE,5,FALSE,252.58,TRUE,1/16/2026 23:56:00,eZona web,,TRUE,FALSE,TRUE,1,3,0,11/30/2025 8:30:00,Complaint,1,5,FALSE,FALSE,FALSE,TRUE,0,5,10267.32,SMS,Banska Bystrica,97401,43,256200,neziskova organizacia,TRUE
f3b2db36-3f31-4b76-810f-de6b719f9404,peter.kovac893@firma.sk,20816706,LM-993-741,,TRUE,2/6/2018 4:23:00,2/6/2018 4:23:00,Business,Hospitality,Gas,Plyn Domov,DMP1-PLYN,Liptovsky Mikulas,24ZSS1021296997P,GAS184782,TRUE,Monthly,3/18/2026 16:09:00,208353,0,6360,12/31/2026 0:00:00,Post,Monthly,4/30/2026 0:00:00,596.8,0,Postal order,FALSE,4,FALSE,496,TRUE,3/5/2026 21:08:00,"eZona web, mobile web",,FALSE,TRUE,TRUE,1,2,1,9/8/2025 11:32:00,Contact support,2,3,TRUE,FALSE,TRUE,FALSE,1,6,27452.8,SMS,Liptovsky Mikulas,03101,21,551000,a.s.,TRUE
9748f48b-04fa-459b-ae32-80e2d780f680,monika.tothova894@municipal.sk,27441081,PX-994-396,ADM-928-832,TRUE,5/6/2018 13:18:00,5/6/2018 13:18:00,Business,Retail services,Electricity,Verejna Sprava Elektrina,DD5-SOLAR,Prievidza,24ZSS8965307504M,ELM760377,FALSE,Annual,4/13/2026 14:50:00,100730,13376,0,12/31/2026 0:00:00,Email,Annual,4/30/2026 0:00:00,191.54,123.7,Card,FALSE,1,FALSE,224.46,FALSE,,,,TRUE,TRUE,TRUE,3,0,1,8/3/2025 3:04:00,Deposit change,3,4,FALSE,TRUE,TRUE,FALSE,1,3,7278.52,Phone,Prievidza,97101,18,471100,a.s.,FALSE
0c78f840-b0fe-43af-b51d-d0f7c5de38f0,zuzana.fedorova895@example.sk,15567411,PX-995-928,,FALSE,2/10/2023 1:05:00,2/10/2023 1:05:00,Household,High consumption,Gas,Firma Plyn Plus,DD5-SOLAR,Prievidza,24ZSS2627529023P,GAS461322,FALSE,Quarterly,3/24/2026 16:51:00,38835,0,1614,12/31/2026 0:00:00,Email,Monthly,4/30/2026 0:00:00,137.77,0,Direct debit,FALSE,1,FALSE,146.67,TRUE,3/5/2026 2:21:00,"eZona web, mobile web",iOS,TRUE,TRUE,TRUE,1,2,1,11/16/2025 23:48:00,Move contract,3,5,FALSE,TRUE,FALSE,TRUE,1,7,4821.95,Phone,Prievidza,97101,,,,TRUE
ef7c9c59-13b4-4b66-9a0a-5dc3263e37ad,simona.tothova896@example.sk,17048277,BB-996-348,,FALSE,12/30/2021 13:42:00,12/30/2021 13:42:00,Household,High consumption,Gas,Plyn Domov,DD1-DOM,Banska Bystrica,24ZSS5179824534P,GAS452375,FALSE,Annual,4/22/2026 14:52:00,40787,0,1536,12/31/2026 0:00:00,Email,Monthly,4/30/2026 0:00:00,152.48,0,Direct debit,TRUE,0,FALSE,140.4,TRUE,10/23/2025 15:42:00,"eZona web, mobile web",,TRUE,FALSE,FALSE,5,1,1,,Complaint,1,6,FALSE,FALSE,FALSE,TRUE,0,1,6404.16,Email,Banska Bystrica,97401,,,,FALSE
58011a5e-b3e6-47fe-b93b-a1d61448ea90,ivana.simekova897@azet.sk,11352357,MX-997-407,,FALSE,8/31/2019 2:44:00,8/31/2019 2:44:00,Household,Price sensitive,Electricity,Verejna Sprava Elektrina,VS-ELE,Martin,24ZSS5353457726K,ELM783632,TRUE,Monthly,3/13/2026 5:49:00,11422,1316,0,12/31/2026 0:00:00,Email,Annual,4/30/2026 0:00:00,29.25,32.34,Bank transfer,FALSE,1,TRUE,27.96,TRUE,5/17/2025 18:33:00,eZona web,iOS,FALSE,TRUE,TRUE,0,3,1,5/28/2025 11:16:00,Solar consultation,1,7,FALSE,FALSE,FALSE,TRUE,0,2,555.75,Phone,Martin,03601,,,,TRUE
34f936d0-924e-48be-8492-38f99695e267,peter.kral898@example.sk,12845142,PX-998-876,,FALSE,1/8/2018 19:27:00,1/8/2018 19:27:00,Household,Senior assisted,Electricity + Gas,Firma Energia Plus,DD5-SOLAR,Prievidza,24ZSS4682720640Q,ELM742806,FALSE,Annual,3/6/2026 11:10:00,13859,3808,1118,12/31/2026 0:00:00,Email,Annual,4/30/2026 0:00:00,115.21,0,Direct debit,TRUE,0,FALSE,113.25,TRUE,4/30/2025 14:09:00,mobile web,,FALSE,FALSE,FALSE,1,0,0,10/29/2025 2:16:00,Tariff consultation,0,6,FALSE,TRUE,TRUE,TRUE,1,0,8064.7,eZona message,Prievidza,97101,,,,TRUE
6055fa2e-cb01-4d13-b640-61bda8bd2b24,michal.simekova899@firma.sk,27326876,LM-999-711,ADM-212-868,TRUE,3/21/2026 1:12:00,3/21/2026 1:12:00,Business,Industrial,Electricity,Elektrina Online,B2B-DUO,Liptovsky Mikulas,24ZSS5422685801K,ELM941528,TRUE,Monthly,4/22/2026 19:29:00,175069,104094,0,12/31/2026 0:00:00,Email,Quarterly,4/30/2026 0:00:00,57.78,0,Direct debit,FALSE,1,FALSE,49.48,TRUE,1/7/2026 3:28:00,eZona web,Android,TRUE,TRUE,FALSE,4,1,2,4/29/2025 6:46:00,Tariff consultation,6,10,FALSE,TRUE,FALSE,TRUE,1,2,4044.6,Email,Liptovsky Mikulas,03101,135,620100,neziskova organizacia,TRUE
3e7b8d20-eec2-485f-8e94-b54d0d1eb34b,simona.mikulas900@azet.sk,12214626,CX-1000-437,,FALSE,2/28/2020 20:21:00,2/28/2020 20:21:00,Household,Standard household,Electricity,Elektrina Domov,B2B-DUO,Cadca,24ZSS5474522096P,ELM895502,TRUE,Monthly,3/9/2026 23:56:00,36303,5631,0,12/31/2026 0:00:00,Email,Monthly,4/30/2026 0:00:00,61.07,0,Postal order,FALSE,3,FALSE,54.23,TRUE,1/16/2026 1:10:00,"eZona web, API",iOS,TRUE,FALSE,TRUE,3,1,1,12/7/2025 4:46:00,Meter reading,0,8,FALSE,FALSE,FALSE,TRUE,1,6,2137.45,eZona message,Cadca,02201,,,,TRUE
258e9b5b-e844-41af-87f6-d56b0c1460b0,natalia.urban901@azet.sk,13579987,PX-1001-209,,FALSE,5/3/2023 7:36:00,5/3/2023 7:36:00,Household,Green energy,Gas,Plyn Domov,VS-ELE,Poprad,24ZSS4271087928M,GAS797933,TRUE,Monthly,5/8/2026 0:16:00,28038,0,180,12/31/2026 0:00:00,Email,Annual,4/30/2026 0:00:00,53.9,0,Direct debit,TRUE,1,FALSE,48.98,TRUE,4/5/2025 3:17:00,mobile web,,TRUE,TRUE,TRUE,1,2,0,7/30/2025 21:55:00,Move contract,7,5,TRUE,TRUE,TRUE,TRUE,0,2,2802.8,Email,Poprad,05801,,,,TRUE
f9e63a3b-260a-4f41-9a09-8555f7abe46b,monika.fedorova902@example.sk,10022430,LM-1002-954,,FALSE,10/31/2025 5:44:00,10/31/2025 5:44:00,Household,Green energy,Electricity,Elektrina Domov,DMP1-PLYN,Liptovsky Mikulas,24ZSS1830756750P,ELM215853,TRUE,Monthly,5/7/2026 12:32:00,18524,2739,0,12/31/2026 0:00:00,Email,Quarterly,4/30/2026 0:00:00,31.52,0,Card,FALSE,0,FALSE,29.26,TRUE,5/5/2025 8:34:00,mobile web,,TRUE,FALSE,TRUE,1,0,0,1/21/2025 2:06:00,Move contract,4,6,FALSE,FALSE,TRUE,TRUE,0,4,724.96,Email,Liptovsky Mikulas,03101,,,,TRUE
49ed377f-4b8d-4ffc-8162-7b5754a8f944,veronika.balaz903@post.sk,15107232,CX-1003-411,,FALSE,2/9/2022 21:08:00,2/9/2022 21:08:00,Household,High consumption,Electricity + Gas,Duo Komfort,VS-ELE,Cadca,24ZSS7908853993Q,ELM927939,TRUE,Monthly,4/5/2026 18:27:00,37240,3419,887,12/31/2026 0:00:00,Post,Quarterly,4/30/2026 0:00:00,79.43,202.04,Direct debit,TRUE,1,TRUE,83.9,TRUE,8/30/2025 9:22:00,mobile web,,FALSE,FALSE,FALSE,1,0,1,3/22/2025 22:31:00,Move contract,7,6,FALSE,TRUE,FALSE,FALSE,3,7,5004.09,eZona message,Cadca,02201,,,,TRUE
af027979-06c2-4bfc-9be7-85f2e58bfac3,miroslav.kovac904@post.sk,19296138,ZX-1004-424,,FALSE,10/16/2018 15:05:00,10/16/2018 15:05:00,Household,Standard household,Electricity + Gas,Duo Komfort,VS-ELE,Zvolen,24ZSS9526107231M,ELM247250,TRUE,Monthly,3/17/2026 17:50:00,30822,1643,1304,12/31/2026 0:00:00,Post,Quarterly,4/30/2026 0:00:00,109.03,277.6,Direct debit,TRUE,1,FALSE,120.47,TRUE,2/26/2026 3:08:00,mobile web,iOS,TRUE,FALSE,TRUE,1,3,1,,Solar consultation,3,5,FALSE,FALSE,FALSE,FALSE,0,5,4143.14,SMS,Zvolen,96001,,,,FALSE
5c0cf48e-fa4b-49a6-ab69-bb6deaada2d5,daniel.balaz905@azet.sk,13629302,LM-1005-171,,FALSE,2/13/2026 13:36:00,2/13/2026 13:36:00,Household,Price sensitive,Electricity + Gas,Online Domov Duo,B2B-DUO,Liptovsky Mikulas,24ZSS4946179336M,ELM266390,TRUE,Monthly,3/3/2026 0:00:00,12161,1987,361,12/31/2026 0:00:00,Email,Monthly,4/30/2026 0:00:00,86.23,38.88,Card,FALSE,0,FALSE,87.97,TRUE,9/2/2025 14:26:00,eZona web,,FALSE,FALSE,FALSE,2,1,1,10/3/2025 3:55:00,Solar consultation,2,3,FALSE,TRUE,FALSE,TRUE,0,1,3449.2,Email,Liptovsky Mikulas,03101,,,,TRUE
2ccc9b70-40cb-475b-a96a-3bcaaba5a50d,pavol.simekova906@post.sk,14260037,ZX-1006-342,,FALSE,5/13/2020 5:43:00,5/13/2020 5:43:00,Household,Digital household,Electricity,Elektrina Online,VS-ELE,Zilina,24ZSS1662176863M,ELM420338,TRUE,Monthly,3/20/2026 11:41:00,38584,6335,0,12/31/2026 0:00:00,Email,Quarterly,4/30/2026 0:00:00,34.2,0,Postal order,FALSE,0,FALSE,29.58,FALSE,,,,FALSE,TRUE,FALSE,0,0,1,8/23/2025 16:40:00,Tariff consultation,5,9,FALSE,TRUE,FALSE,FALSE,4,4,2120.4,Email,Zilina,01001,,,,FALSE
05ab7757-7736-4917-bd11-c84f300e75c5,juraj.bartosova907@azet.sk,18235859,BB-1007-400,,FALSE,11/26/2019 17:42:00,11/26/2019 17:42:00,Household,High consumption,Electricity,Elektrina Domov,DD2-DOM,Banska Bystrica,24ZSS9023450673Q,ELM798902,TRUE,Monthly,3/2/2026 1:26:00,14127,5313,0,12/31/2026 0:00:00,Email,Annual,4/30/2026 0:00:00,47.01,0,Direct debit,TRUE,0,FALSE,47.43,TRUE,10/11/2025 17:40:00,mobile web,,TRUE,FALSE,TRUE,5,2,1,4/15/2026 16:29:00,Invoice copy,1,7,FALSE,FALSE,FALSE,FALSE,0,6,2397.51,eZona message,Banska Bystrica,97401,,,,FALSE
a05dd837-7de9-4387-b293-cc3ed1b7a552,katarina.urban908@example.sk,10722481,LM-1008-740,,FALSE,5/21/2025 9:51:00,5/21/2025 9:51:00,Household,Solar interest,Gas,Firma Plyn Plus,B2B-GAS,Liptovsky Mikulas,24ZSS8105276843K,GAS195755,TRUE,Monthly,4/8/2026 9:07:00,7240,0,2142,12/31/2026 0:00:00,Email,Annual,4/30/2026 0:00:00,189.81,0,Direct debit,FALSE,4,FALSE,211.46,TRUE,3/15/2025 7:23:00,mobile web,Android,FALSE,TRUE,TRUE,3,3,0,4/17/2026 23:37:00,Move contract,8,3,FALSE,TRUE,FALSE,TRUE,0,6,11198.79,Phone,Liptovsky Mikulas,03101,,,,TRUE
2e5b958b-2015-4942-9d0e-e7f84eefbcbe,natalia.simon909@gmail.com,10606348,RX-1009-742,,FALSE,5/28/2022 20:12:00,5/28/2022 20:12:00,Household,Price sensitive,Electricity + Gas,Firma Energia Plus,B2B-DUO,Ruzomberok,24ZSS3776290027P,ELM914418,TRUE,Monthly,3/30/2026 20:04:00,8305,5695,316,12/31/2026 0:00:00,Email,Monthly,4/30/2026 0:00:00,87.46,220.4,Direct debit,TRUE,1,FALSE,86.24,FALSE,,,,FALSE,TRUE,TRUE,5,0,0,,Invoice copy,7,6,FALSE,FALSE,FALSE,FALSE,1,6,5509.98,eZona message,Ruzomberok,03401,,,,FALSE
579747dd-452c-4bc9-9bc9-7eb46cfde436,miroslav.bartosova910@energia-client.sk,28781340,LM-1010-359,,TRUE,5/9/2021 21:41:00,5/9/2021 21:41:00,Business,Public sector,Electricity + Gas,Online Domov Duo,VS-ELE,Liptovsky Mikulas,24ZSS4630710647P,ELM246403,TRUE,Monthly,3/28/2026 9:30:00,211921,63674,1390,12/31/2026 0:00:00,Email,Monthly,4/30/2026 0:00:00,258.55,0,Direct debit,TRUE,4,FALSE,240.36,TRUE,9/14/2025 13:47:00,"eZona web, API",,FALSE,TRUE,TRUE,4,1,1,9/12/2025 18:21:00,Meter reading,0,10,FALSE,FALSE,FALSE,TRUE,0,9,6722.3,Email,Liptovsky Mikulas,03101,53,561000,zivnostnik,TRUE
6eb4b724-ddd1-4e7b-9902-8067c6e05afb,zuzana.kovac911@post.sk,14512112,TX-1011-572,,FALSE,11/8/2021 16:40:00,11/8/2021 16:40:00,Household,Price sensitive,Electricity,Elektrina Online,B2B-DUO,Trencin,24ZSS2251422011M,ELM910018,TRUE,Monthly,3/3/2026 13:20:00,2655,7098,0,12/31/2026 0:00:00,Email,Quarterly,4/30/2026 0:00:00,67.35,7.26,Postal order,FALSE,0,FALSE,66.45,TRUE,1/30/2026 1:38:00,mobile web,Android,FALSE,TRUE,FALSE,4,3,2,2/23/2026 11:27:00,Complaint,1,8,TRUE,FALSE,FALSE,TRUE,1,6,3906.3,Phone,Trencin,91101,,,,FALSE
3096500a-bcdc-4c29-ac8d-17db0f95d414,miroslav.tothova912@example-business.sk,28789541,LM-1012-608,ADM-708-113,TRUE,1/23/2022 1:44:00,1/23/2022 1:44:00,Business,Public sector,Electricity + Gas,Online Domov Duo,VS-ELE,Liptovsky Mikulas,24ZSS8707719438Q,ELM839053,TRUE,Monthly,4/8/2026 6:18:00,128067,110917,13019,12/31/2026 0:00:00,Email,Monthly,4/30/2026 0:00:00,897.12,1253.57,Card,FALSE,1,TRUE,926.21,FALSE,,,,TRUE,FALSE,TRUE,1,1,1,8/2/2025 19:46:00,Tariff consultation,1,10,FALSE,FALSE,FALSE,FALSE,0,5,48444.48,Email,Liptovsky Mikulas,03101,39,493200,neziskova organizacia,FALSE
d8b5e493-3684-4e8d-89fe-b84c84408d6d,juraj.kovac913@example-business.sk,26931884,RX-1013-484,,TRUE,3/24/2025 19:30:00,3/24/2025 19:30:00,Business,Public sector,Electricity,Verejna Sprava Elektrina,DD2-DOM,Ruzomberok,24ZSS7184614667P,ELM111684,FALSE,Annual,4/11/2026 20:56:00,7648,90125,0,12/31/2026 0:00:00,Email,Quarterly,4/30/2026 0:00:00,251.12,0,Direct debit,FALSE,3,FALSE,281.09,TRUE,1/25/2026 17:32:00,"eZona web, API",,TRUE,FALSE,TRUE,1,0,0,8/22/2025 6:09:00,Complaint,3,10,TRUE,FALSE,FALSE,TRUE,0,4,6529.12,SMS,Ruzomberok,03401,5,861000,obec,FALSE
90ef6aa9-25ca-49e6-aee9-3b7766fab014,robert.halas914@post.sk,15627634,CX-1014-761,,FALSE,8/9/2024 19:51:00,8/9/2024 19:51:00,Household,Green energy,Electricity + Gas,Online Domov Duo,B2B-GAS,Cadca,24ZSS2534566341Q,ELM573097,TRUE,Monthly,3/4/2026 0:14:00,43634,6253,828,12/31/2026 0:00:00,Email,Quarterly,4/30/2026 0:00:00,72.73,0,Direct debit,FALSE,0,FALSE,61.97,TRUE,3/24/2026 7:59:00,"eZona web, API",iOS,TRUE,TRUE,FALSE,5,0,0,,Complaint,4,8,FALSE,TRUE,FALSE,TRUE,4,6,5091.1,Phone,Cadca,02201,,,,TRUE
5681599d-99d5-41bb-9649-397904c5261c,michal.kollarova915@azet.sk,17748845,BB-1015-822,,FALSE,7/9/2019 22:13:00,7/9/2019 22:13:00,Household,Digital household,Gas,Firma Plyn Plus,B2B-GAS,Banska Bystrica,24ZSS3702417059K,GAS893892,TRUE,Monthly,4/30/2026 14:11:00,13168,0,1386,12/31/2026 0:00:00,Post,Annual,4/30/2026 0:00:00,123.23,0,Direct debit,TRUE,1,FALSE,119.55,FALSE,,,,FALSE,FALSE,FALSE,4,3,1,2/8/2025 0:56:00,Meter reading,3,2,FALSE,FALSE,FALSE,FALSE,1,7,4066.59,Phone,Banska Bystrica,97401,,,,FALSE
fc9c3bd4-b165-4f98-bc6f-ace861a1cbac,peter.kovac916@post.sk,11699311,MX-1016-600,,FALSE,1/23/2026 8:21:00,1/23/2026 8:21:00,Household,High consumption,Electricity,Elektrina Domov,DD2-DOM,Martin,24ZSS4917406493Q,ELM268295,FALSE,Quarterly,3/26/2026 10:46:00,46567,4372,0,12/31/2026 0:00:00,Email,Monthly,4/30/2026 0:00:00,63.83,0,Direct debit,TRUE,1,FALSE,53.05,TRUE,3/20/2026 10:10:00,"eZona web, mobile web",,FALSE,FALSE,FALSE,5,0,0,,Contact support,5,9,FALSE,TRUE,FALSE,TRUE,0,1,4595.76,Email,Martin,03601,,,,FALSE
e62c1b02-1200-4445-bd2f-eb1caaca892f,samuel.novakova917@example.sk,13380879,PX-1017-247,,FALSE,3/10/2020 13:19:00,3/10/2020 13:19:00,Household,Digital household,Electricity,Firma Elektrina Plus,DMP1-PLYN,Prievidza,24ZSS1329406645K,ELM912453,TRUE,Monthly,4/8/2026 5:12:00,28650,8970,0,12/31/2026 0:00:00,Email,Monthly,4/30/2026 0:00:00,38.7,19.52,Bank transfer,FALSE,4,FALSE,35.08,TRUE,8/15/2025 0:10:00,eZona web,,TRUE,TRUE,TRUE,5,2,1,11/13/2025 5:07:00,Meter reading,3,9,TRUE,FALSE,FALSE,FALSE,1,10,1625.4,SMS,Prievidza,97101,,,,TRUE
9b1a0a51-a96f-4ce3-93c3-981484771761,zuzana.simekova918@post.sk,16904037,BB-1018-259,,FALSE,12/4/2018 10:09:00,12/4/2018 10:09:00,Household,Price sensitive,Electricity,Firma Elektrina Plus,B2B-GAS,Banska Bystrica,24ZSS1575953353P,ELM921902,FALSE,Quarterly,3/9/2026 21:04:00,31729,5547,0,12/31/2026 0:00:00,Email,Quarterly,4/30/2026 0:00:00,76.05,0,Card,FALSE,1,FALSE,67.03,TRUE,7/12/2025 14:38:00,eZona web,,FALSE,FALSE,TRUE,2,3,1,,Invoice copy,6,7,FALSE,FALSE,TRUE,TRUE,1,2,4639.05,SMS,Banska Bystrica,97401,,,,TRUE
e9aac76a-f7a7-4c87-a975-9943cf0d208e,simona.kral919@azet.sk,13689459,TX-1019-143,,FALSE,2/23/2021 0:41:00,2/23/2021 0:41:00,Household,Solar interest,Electricity + Gas,Firma Energia Plus,B2B-ELE,Trencin,24ZSS5689014717Q,ELM121423,TRUE,Monthly,4/25/2026 22:16:00,26770,4863,511,12/31/2026 0:00:00,Email,Annual,4/30/2026 0:00:00,47.03,0,Direct debit,TRUE,0,FALSE,48.31,TRUE,5/27/2025 1:28:00,eZona web,Android,FALSE,TRUE,FALSE,2,2,1,11/29/2025 20:50:00,Invoice copy,7,5,FALSE,TRUE,FALSE,TRUE,1,3,2022.29,SMS,Trencin,91101,,,,TRUE
36fbfa9f-ae91-4f4a-b613-330bff59aaa7,katarina.marekova920@azet.sk,12791040,TX-1020-362,,FALSE,12/26/2021 10:20:00,12/26/2021 10:20:00,Household,Senior assisted,Gas,Plyn Komfort,DMP1-PLYN,Trencin,24ZSS6325340019M,GAS475723,FALSE,Annual,4/20/2026 2:46:00,4507,0,1106,12/31/2026 0:00:00,Email,Monthly,4/30/2026 0:00:00,128.83,92.63,Direct debit,FALSE,1,FALSE,144.57,TRUE,1/13/2026 17:03:00,"eZona web, API",,FALSE,FALSE,TRUE,4,3,1,,Complaint,3,4,FALSE,FALSE,FALSE,TRUE,0,7,3864.9,Phone,Trencin,91101,,,,TRUE
3cba9c3b-5435-470a-9f75-a9eaad680045,samuel.varga921@firma.sk,23600914,PX-1021-297,,FALSE,7/20/2021 19:37:00,7/20/2021 19:37:00,Business,SME multi-site,Electricity,Firma Elektrina Plus,B2B-ELE,Prievidza,24ZSS7668113897Q,ELM754000,TRUE,Monthly,4/13/2026 18:18:00,206143,98233,0,12/31/2026 0:00:00,Email,Monthly,4/30/2026 0:00:00,98.66,26.77,Postal order,FALSE,0,FALSE,96.85,TRUE,5/1/2026 14:18:00,eZona web,iOS,TRUE,FALSE,TRUE,5,0,1,5/11/2025 8:36:00,Complaint,1,10,FALSE,TRUE,FALSE,TRUE,0,3,6906.2,eZona message,Prievidza,97101,20,256200,zivnostnik,FALSE
80e3a64f-6f88-4739-b515-3315296bcf27,natalia.kral922@gmail.com,11628801,TX-1022-453,,FALSE,11/17/2019 10:22:00,11/17/2019 10:22:00,Household,Digital household,Electricity + Gas,Firma Energia Plus,B2B-DUO,Trencin,24ZSS7742664816P,ELM491690,FALSE,Quarterly,3/22/2026 3:06:00,39202,1416,1273,12/31/2026 0:00:00,Post,Monthly,4/30/2026 0:00:00,132.28,0,Bank transfer,FALSE,0,FALSE,109.38,TRUE,7/24/2025 9:18:00,mobile web,,FALSE,TRUE,FALSE,5,0,0,12/10/2025 6:44:00,Deposit change,5,7,FALSE,FALSE,FALSE,FALSE,1,0,7936.8,Email,Trencin,91101,,,,TRUE
02e1a0e1-ab4f-4033-9693-8a0558337f38,michal.simon923@post.sk,11453817,ZX-1023-212,,FALSE,6/2/2023 17:14:00,6/2/2023 17:14:00,Household,Green energy,Electricity + Gas,Firma Energia Plus,DMP1-PLYN,Zilina,24ZSS3832473959K,ELM839345,TRUE,Monthly,3/20/2026 12:15:00,11859,4859,1021,12/31/2026 0:00:00,Email,Annual,4/30/2026 0:00:00,102.08,0,Card,FALSE,0,FALSE,110.21,FALSE,,,,FALSE,TRUE,TRUE,5,1,0,2/27/2025 5:55:00,Contact support,2,6,FALSE,FALSE,TRUE,FALSE,1,2,3368.64,eZona message,Zilina,01001,,,,FALSE
dd138d89-7014-4fea-9778-7e57c679d01e,jana.horvath924@example.sk,15166535,LM-1024-200,,FALSE,6/23/2025 22:39:00,6/23/2025 22:39:00,Household,Solar interest,Gas,Firma Plyn Plus,DD2-DOM,Liptovsky Mikulas,24ZSS6583346529P,GAS485091,FALSE,Annual,4/1/2026 18:20:00,33482,0,1032,12/31/2026 0:00:00,Email,Annual,4/30/2026 0:00:00,107.76,0,Direct debit,TRUE,1,FALSE,99.01,TRUE,8/31/2025 14:51:00,mobile web,,TRUE,TRUE,TRUE,4,3,1,,Deposit change,10,5,FALSE,FALSE,FALSE,TRUE,1,5,6250.08,Email,Liptovsky Mikulas,03101,,,,TRUE
9f278782-fcfb-4e02-9bca-21262e2bab6d,pavol.varga925@energia-client.sk,24343018,CX-1025-234,ADM-386-370,TRUE,3/13/2018 17:00:00,3/13/2018 17:00:00,Business,Retail services,Electricity + Gas,Duo Komfort,B2B-GAS,Cadca,24ZSS4338254516K,ELM822505,TRUE,Monthly,5/9/2026 21:22:00,206617,83302,13267,12/31/2026 0:00:00,Email,Quarterly,4/30/2026 0:00:00,987.51,0,Direct debit,TRUE,1,FALSE,975.96,FALSE,,,,FALSE,TRUE,FALSE,2,3,4,11/23/2025 21:02:00,Solar consultation,4,9,TRUE,FALSE,FALSE,FALSE,0,3,17775.18,Email,Cadca,02201,9,852000,a.s.,FALSE
aa526be2-ff0e-4ea7-86dd-ebe7ec22a87b,andrea.simon926@example.sk,16001152,RX-1026-496,,FALSE,2/25/2020 11:49:00,2/25/2020 11:49:00,Household,Digital household,Gas,Firma Plyn Plus,B2B-GAS,Ruzomberok,24ZSS6155240867P,GAS314513,TRUE,Monthly,3/31/2026 9:10:00,34697,0,260,12/31/2026 0:00:00,Email,Monthly,4/30/2026 0:00:00,59.3,0,Postal order,FALSE,0,FALSE,67,TRUE,4/30/2026 5:25:00,"eZona web, API",,TRUE,TRUE,FALSE,4,3,0,,Move contract,6,4,FALSE,FALSE,FALSE,TRUE,0,5,4091.7,Phone,Ruzomberok,03401,,,,TRUE
fa51317a-c0a8-46d7-a813-d4af58c2d812,lenka.lackova927@example-business.sk,24782770,PX-1027-262,ADM-116-324,TRUE,2/9/2025 4:20:00,2/9/2025 4:20:00,Business,SME multi-site,Electricity + Gas,Firma Energia Plus,DD5-SOLAR,Poprad,24ZSS6528163493Q,ELM340793,FALSE,Annual,3/5/2026 6:47:00,162805,60105,10514,12/31/2026 0:00:00,Email,Monthly,4/30/2026 0:00:00,811.69,1988.47,Bank transfer,FALSE,1,FALSE,864.91,TRUE,6/3/2025 7:38:00,eZona web,,FALSE,TRUE,TRUE,4,3,0,,Complaint,0,10,FALSE,TRUE,FALSE,TRUE,1,7,28409.15,eZona message,Poprad,05801,54,493200,a.s.,TRUE
3f12db24-eadb-4281-8192-593c41b2f499,tomas.tothova928@post.sk,14714043,PX-1028-213,,FALSE,6/1/2020 2:39:00,6/1/2020 2:39:00,Household,Digital household,Electricity,Firma Elektrina Plus,B2B-GAS,Poprad,24ZSS9412911985Q,ELM834594,FALSE,Annual,4/7/2026 19:44:00,28990,5421,0,12/31/2026 0:00:00,Email,Annual,4/30/2026 0:00:00,42.03,0,Direct debit,TRUE,0,FALSE,41.91,TRUE,1/24/2026 8:42:00,eZona web,Android,TRUE,FALSE,TRUE,3,1,1,3/29/2026 15:58:00,Deposit change,7,10,FALSE,TRUE,FALSE,TRUE,0,3,1555.11,Email,Poprad,05801,,,,TRUE
d3ca7cb7-3f59-45ee-9c26-fb08c8bbd8b4,marek.urban929@example.sk,18999635,LM-1029-582,,FALSE,10/14/2025 1:21:00,10/14/2025 1:21:00,Household,Standard household,Electricity,Elektrina Online,B2B-GAS,Liptovsky Mikulas,24ZSS6319498172M,ELM724678,FALSE,Quarterly,5/5/2026 0:38:00,22901,8558,0,12/31/2026 0:00:00,Email,Annual,4/30/2026 0:00:00,53.63,0,Bank transfer,FALSE,0,FALSE,54.89,TRUE,3/8/2025 20:57:00,eZona web,iOS,TRUE,FALSE,TRUE,2,2,1,6/6/2025 1:00:00,Invoice copy,5,10,TRUE,FALSE,FALSE,FALSE,1,1,1823.42,SMS,Liptovsky Mikulas,03101,,,,TRUE
93cb5732-ad73-473f-a7dd-09c29dd56198,veronika.urban930@gmail.com,14440838,BB-1030-127,,FALSE,12/1/2018 7:08:00,12/1/2018 7:08:00,Household,Green energy,Electricity,Elektrina Online,VS-ELE,Banska Bystrica,24ZSS7969484458Q,ELM829383,TRUE,Monthly,4/7/2026 21:05:00,27930,1928,0,12/31/2026 0:00:00,Email,Quarterly,4/30/2026 0:00:00,67.37,0,Direct debit,TRUE,1,FALSE,66.18,FALSE,,,,FALSE,FALSE,TRUE,5,3,0,11/23/2025 18:41:00,Solar consultation,0,5,FALSE,FALSE,TRUE,FALSE,1,6,2896.91,Phone,Banska Bystrica,97401,,,,FALSE
eb69e3b5-7677-457a-b7dd-a5ab36c01394,samuel.kral931@municipal.sk,27090951,PX-1031-706,ADM-640-582,TRUE,10/5/2024 14:36:00,10/5/2024 14:36:00,Business,Industrial,Electricity,Elektrina Online,DD1-DOM,Prievidza,24ZSS8595393240Q,ELM331790,TRUE,Monthly,5/1/2026 18:42:00,6101,34808,0,12/31/2026 0:00:00,Email,Quarterly,4/30/2026 0:00:00,152.61,148.53,Direct debit,TRUE,1,FALSE,159.47,FALSE,,,,FALSE,FALSE,TRUE,1,2,0,3/12/2026 2:33:00,Meter reading,7,7,FALSE,FALSE,FALSE,FALSE,0,3,7172.67,Phone,Prievidza,97101,131,471100,zivnostnik,FALSE
6236b33c-e7a4-48f3-8ed9-524617acf55f,marek.simon932@example.sk,18213124,BB-1032-246,,FALSE,7/13/2018 10:25:00,7/13/2018 10:25:00,Household,High consumption,Electricity,Verejna Sprava Elektrina,VS-ELE,Banska Bystrica,24ZSS5589077976P,ELM341586,TRUE,Monthly,4/2/2026 11:51:00,26413,8745,0,12/31/2026 0:00:00,Email,Annual,4/30/2026 0:00:00,64.66,0,Direct debit,TRUE,0,FALSE,57.87,TRUE,8/23/2025 23:49:00,eZona web,Android,FALSE,FALSE,FALSE,3,0,1,,Complaint,1,9,FALSE,FALSE,TRUE,TRUE,1,2,1616.5,eZona message,Banska Bystrica,97401,,,,TRUE
63a84a9c-7a32-43f4-9c1c-d4710ac12394,juraj.novakova933@azet.sk,18205713,CX-1033-860,,FALSE,9/27/2020 6:34:00,9/27/2020 6:34:00,Household,Solar interest,Electricity,Elektrina Domov,B2B-DUO,Cadca,24ZSS7547933082K,ELM529482,FALSE,Annual,4/15/2026 8:03:00,14429,1584,0,12/31/2026 0:00:00,Email,Monthly,4/30/2026 0:00:00,44.3,0,Card,FALSE,1,FALSE,43.14,TRUE,1/2/2025 20:01:00,eZona web,iOS,TRUE,TRUE,TRUE,2,0,1,,Contact support,9,3,FALSE,FALSE,TRUE,TRUE,1,1,1904.9,Phone,Cadca,02201,,,,TRUE
4655d39f-19de-4adb-b17f-38d22ff2f4bd,michal.simekova934@gmail.com,13520504,ZX-1034-849,,FALSE,6/28/2022 17:35:00,6/28/2022 17:35:00,Household,High consumption,Gas,Firma Plyn Plus,B2B-ELE,Zilina,24ZSS4491732457P,GAS942436,FALSE,Quarterly,3/3/2026 4:23:00,24200,0,1537,12/31/2026 0:00:00,Email,Annual,4/30/2026 0:00:00,152.54,0,Direct debit,TRUE,5,FALSE,130.56,FALSE,,,,FALSE,FALSE,FALSE,0,2,1,9/28/2025 14:22:00,Deposit change,0,2,FALSE,TRUE,FALSE,FALSE,1,9,8999.86,eZona message,Zilina,01001,,,,FALSE
5a66dbb8-0cda-4851-a19d-828cb1b83862,monika.mikulas935@example.sk,16187903,MX-1035-763,,FALSE,5/27/2018 7:17:00,5/27/2018 7:17:00,Household,Senior assisted,Electricity,Verejna Sprava Elektrina,B2B-GAS,Martin,24ZSS7030040361Q,ELM525413,FALSE,Quarterly,3/30/2026 19:43:00,7240,8156,0,12/31/2026 0:00:00,Email,Quarterly,4/30/2026 0:00:00,21.55,0,Direct debit,TRUE,0,FALSE,25.29,TRUE,7/20/2025 4:32:00,"eZona web, mobile web",,TRUE,FALSE,TRUE,2,1,0,,Solar consultation,0,9,FALSE,FALSE,FALSE,TRUE,0,4,1486.95,Email,Martin,03601,,,,TRUE
32e15e1e-afd8-4345-9421-8f126d620ec9,katarina.balaz936@example.sk,13844848,CX-1036-213,,FALSE,9/7/2018 1:30:00,9/7/2018 1:30:00,Household,Standard household,Electricity + Gas,Online Domov Duo,B2B-DUO,Cadca,24ZSS8278126074P,ELM573051,FALSE,Annual,3/12/2026 12:45:00,14155,6098,791,12/31/2026 0:00:00,Email,Annual,4/30/2026 0:00:00,68.66,0,Card,FALSE,0,FALSE,68.76,TRUE,5/16/2025 21:20:00,mobile web,,TRUE,FALSE,FALSE,0,0,1,,Move contract,2,8,FALSE,FALSE,TRUE,TRUE,5,2,4394.24,Email,Cadca,02201,,,,TRUE
b1b3b7a2-b7cd-4285-9bb6-277ec9f6ce66,natalia.fedorova937@gmail.com,13838773,PX-1037-172,,FALSE,3/13/2018 20:43:00,3/13/2018 20:43:00,Household,High consumption,Electricity,Firma Elektrina Plus,DD2-DOM,Poprad,24ZSS2345014545Q,ELM809378,TRUE,Monthly,3/4/2026 12:05:00,2086,6771,0,12/31/2026 0:00:00,Email,Annual,4/30/2026 0:00:00,56.29,0,Card,FALSE,1,FALSE,46.65,TRUE,7/3/2025 15:09:00,"eZona web, mobile web",iOS,FALSE,TRUE,TRUE,1,3,1,,Solar consultation,1,7,TRUE,FALSE,FALSE,TRUE,0,4,2814.5,Phone,Poprad,05801,,,,TRUE
fe4ceb6f-2507-4804-b27b-f1954509e32f,marek.varga938@azet.sk,11947013,CX-1038-863,,FALSE,8/10/2020 18:22:00,8/10/2020 18:22:00,Household,Green energy,Electricity,Firma Elektrina Plus,DD5-SOLAR,Cadca,24ZSS8299999519Q,ELM627059,FALSE,Annual,3/16/2026 11:58:00,7681,6227,0,12/31/2026 0:00:00,Email,Monthly,4/30/2026 0:00:00,27.18,0,Direct debit,TRUE,1,FALSE,26.58,TRUE,6/7/2025 22:58:00,eZona web,iOS,FALSE,TRUE,TRUE,3,3,0,,Invoice copy,1,10,FALSE,TRUE,TRUE,TRUE,0,4,869.76,SMS,Cadca,02201,,,,TRUE
905816d9-77c8-41c9-9865-7e3c80d00269,miroslav.simekova939@gmail.com,18133047,PX-1039-283,,FALSE,2/8/2018 2:55:00,2/8/2018 2:55:00,Household,Green energy,Electricity,Verejna Sprava Elektrina,DD5-SOLAR,Poprad,24ZSS3128571787Q,ELM107172,TRUE,Monthly,3/11/2026 23:33:00,26285,3476,0,12/31/2026 0:00:00,Email,Quarterly,4/30/2026 0:00:00,56.66,0,Bank transfer,FALSE,1,FALSE,62.52,TRUE,3/30/2025 15:38:00,eZona web,Android,TRUE,FALSE,TRUE,5,0,1,3/30/2026 1:00:00,Meter reading,0,6,FALSE,FALSE,TRUE,TRUE,1,1,2039.76,SMS,Poprad,05801,,,,TRUE
f4b49e0b-19f8-43eb-941c-bb9758529145,samuel.simekova940@municipal.sk,26962878,CX-1040-407,,TRUE,7/8/2019 19:01:00,7/8/2019 19:01:00,Business,Public sector,Electricity + Gas,Online Domov Duo,B2B-ELE,Cadca,24ZSS2181021357Q,ELM685662,FALSE,Quarterly,4/19/2026 3:44:00,17629,21448,7702,12/31/2026 0:00:00,Email,Monthly,4/30/2026 0:00:00,650.69,0,Card,FALSE,0,FALSE,729.94,TRUE,4/1/2026 9:42:00,"eZona web, API",,TRUE,TRUE,TRUE,0,2,3,,Invoice copy,0,3,FALSE,FALSE,TRUE,TRUE,1,5,13013.8,Phone,Cadca,02201,1,682000,a.s.,FALSE
70dfc530-f427-4c29-9f1a-6495009fc8a7,samuel.bartosova941@azet.sk,13622154,PX-1041-340,,FALSE,7/10/2022 10:15:00,7/10/2022 10:15:00,Household,Standard household,Electricity + Gas,Online Domov Duo,VS-ELE,Prievidza,24ZSS6940587647Q,ELM513220,FALSE,Annual,4/5/2026 19:03:00,23437,5150,1788,12/31/2026 0:00:00,Post,Quarterly,4/30/2026 0:00:00,118.32,42.92,Card,FALSE,0,FALSE,100.05,FALSE,,,,TRUE,FALSE,FALSE,3,1,0,9/15/2025 3:05:00,Tariff consultation,0,10,FALSE,FALSE,FALSE,FALSE,1,2,4614.48,eZona message,Prievidza,97101,,,,FALSE
2ece8813-1f8a-4506-b3d1-458489359d1d,simona.tothova942@energia-client.sk,29838797,ZX-1042-396,ADM-341-300,FALSE,7/31/2018 14:58:00,7/31/2018 14:58:00,Business,Retail services,Electricity,Elektrina Domov,B2B-GAS,Zvolen,24ZSS7765582338Q,ELM845807,TRUE,Monthly,3/3/2026 11:06:00,43571,82422,0,12/31/2026 0:00:00,Email,Monthly,4/30/2026 0:00:00,168.66,0,Direct debit,FALSE,0,FALSE,144.62,TRUE,7/19/2025 18:00:00,"eZona web, API",,TRUE,TRUE,FALSE,3,1,1,,Complaint,5,9,FALSE,FALSE,FALSE,TRUE,1,5,4891.14,Email,Zvolen,96001,2,620100,zivnostnik,TRUE
2164b684-a901-4a11-9756-49747b79ab86,monika.bartosova943@post.sk,12739789,RX-1043-403,,FALSE,2/26/2025 20:04:00,2/26/2025 20:04:00,Household,Price sensitive,Electricity,Elektrina Domov,DD2-DOM,Ruzomberok,24ZSS7216548057K,ELM293550,FALSE,Annual,4/30/2026 7:08:00,5873,6859,0,12/31/2026 0:00:00,Email,Quarterly,4/30/2026 0:00:00,33.3,0,Direct debit,TRUE,1,FALSE,30.54,TRUE,3/30/2025 6:52:00,mobile web,,FALSE,TRUE,TRUE,0,3,0,10/12/2025 3:32:00,Move contract,1,10,FALSE,FALSE,TRUE,TRUE,0,1,2097.9,Phone,Ruzomberok,03401,,,,TRUE
33295150-b10f-44e0-9f58-3ce3e3d389a5,samuel.kral944@post.sk,10129512,RX-1044-751,,FALSE,12/10/2021 21:04:00,12/10/2021 21:04:00,Household,Digital household,Electricity,Verejna Sprava Elektrina,B2B-DUO,Ruzomberok,24ZSS1754521084K,ELM968844,FALSE,Quarterly,4/6/2026 11:58:00,30524,1300,0,12/31/2026 0:00:00,Email,Quarterly,4/30/2026 0:00:00,39.25,0,Bank transfer,FALSE,1,FALSE,44.52,FALSE,,,,TRUE,TRUE,TRUE,1,2,0,4/19/2026 17:14:00,Deposit change,5,3,FALSE,TRUE,FALSE,FALSE,0,5,2433.5,SMS,Ruzomberok,03401,,,,FALSE
c04a1804-e45d-4920-96ee-5101311a6a96,tomas.kovac945@gmail.com,17273429,ZX-1045-805,,FALSE,1/29/2020 4:14:00,1/29/2020 4:14:00,Household,Solar interest,Electricity + Gas,Firma Energia Plus,DD2-DOM,Zvolen,24ZSS4178862788P,ELM743844,FALSE,Annual,3/23/2026 3:50:00,28922,1241,1005,12/31/2026 0:00:00,Email,Monthly,4/30/2026 0:00:00,92.51,69.35,Card,FALSE,0,FALSE,80.27,TRUE,7/31/2025 2:44:00,mobile web,iOS,TRUE,TRUE,TRUE,4,0,3,7/25/2025 20:43:00,Contact support,10,2,FALSE,FALSE,FALSE,TRUE,1,5,5643.11,Email,Zvolen,96001,,,,TRUE
e5521013-241d-42e7-8c1b-003920d2f0fb,michal.marekova946@example.sk,15834021,RX-1046-463,,FALSE,7/11/2020 3:14:00,7/11/2020 3:14:00,Household,Price sensitive,Electricity,Elektrina Online,B2B-DUO,Ruzomberok,24ZSS3531496084P,ELM497337,TRUE,Monthly,4/22/2026 22:05:00,36183,6863,0,12/31/2026 0:00:00,Email,Monthly,4/30/2026 0:00:00,34.3,34.07,Direct debit,TRUE,4,FALSE,35.02,TRUE,9/15/2025 21:56:00,"eZona web, mobile web",,FALSE,FALSE,TRUE,1,1,0,12/13/2025 13:32:00,Move contract,4,7,FALSE,FALSE,FALSE,TRUE,0,9,1474.9,Phone,Ruzomberok,03401,,,,FALSE
811da47c-a6e4-4127-90d7-d979b6d0f427,veronika.lackova947@gmail.com,13145211,LM-1047-432,,FALSE,10/9/2020 9:16:00,10/9/2020 9:16:00,Household,High consumption,Electricity,Firma Elektrina Plus,DMP1-PLYN,Liptovsky Mikulas,24ZSS9834863746K,ELM763268,FALSE,Quarterly,4/3/2026 8:11:00,36924,3604,0,12/31/2026 0:00:00,Email,Quarterly,4/30/2026 0:00:00,25.68,0,Postal order,FALSE,0,FALSE,28.84,TRUE,5/10/2025 20:37:00,"eZona web, mobile web",iOS,TRUE,FALSE,FALSE,0,3,0,1/11/2025 13:22:00,Contact support,4,7,FALSE,FALSE,TRUE,TRUE,0,6,1746.24,Email,Liptovsky Mikulas,03101,,,,TRUE
c547921c-913d-4a7f-8ac6-4ec6df23e166,ivana.simon948@post.sk,12545256,PX-1048-898,,FALSE,7/2/2021 12:17:00,7/2/2021 12:17:00,Household,Green energy,Electricity,Elektrina Domov,DD1-DOM,Poprad,24ZSS4549359886K,ELM441842,TRUE,Monthly,5/7/2026 14:12:00,16475,8982,0,12/31/2026 0:00:00,Email,Annual,4/30/2026 0:00:00,49.71,0,Bank transfer,FALSE,0,FALSE,47.41,TRUE,4/19/2025 21:48:00,"eZona web, mobile web",,TRUE,TRUE,TRUE,3,2,1,5/1/2026 16:12:00,Meter reading,2,9,FALSE,FALSE,TRUE,TRUE,1,2,1739.85,eZona message,Poprad,05801,,,,TRUE
f45ba46c-9e41-41d0-9fc2-470669cc790f,andrea.bartosova949@firma.sk,21615350,BB-1049-640,ADM-919-990,FALSE,9/4/2024 15:03:00,9/4/2024 15:03:00,Business,Industrial,Electricity,Elektrina Domov,B2B-DUO,Banska Bystrica,24ZSS2423271715K,ELM734755,TRUE,Monthly,4/14/2026 7:27:00,58547,38675,0,12/31/2026 0:00:00,Email,Annual,4/30/2026 0:00:00,210.35,0,Direct debit,TRUE,0,FALSE,182.32,TRUE,3/24/2025 7:00:00,"eZona web, mobile web",,TRUE,TRUE,FALSE,1,2,0,,Deposit change,1,8,FALSE,FALSE,FALSE,TRUE,0,0,5889.8,Email,Banska Bystrica,97401,62,561000,obec,TRUE
3f14a8da-1441-4b0f-b519-705cb9287579,pavol.kollarova950@post.sk,13458429,ZX-1050-511,,FALSE,5/22/2021 1:20:00,5/22/2021 1:20:00,Household,Green energy,Electricity,Elektrina Domov,B2B-ELE,Zilina,24ZSS8502528269Q,ELM930550,TRUE,Monthly,4/12/2026 12:32:00,27028,3265,0,12/31/2026 0:00:00,Email,Monthly,4/30/2026 0:00:00,50.62,0,Direct debit,TRUE,0,FALSE,56.68,TRUE,5/3/2025 5:50:00,eZona web,,FALSE,FALSE,FALSE,0,1,1,,Deposit change,2,9,FALSE,TRUE,FALSE,TRUE,1,3,961.78,SMS,Zilina,01001,,,,FALSE
7e287372-0826-4838-b143-22bd6888363c,lenka.kollarova951@gmail.com,19810327,TX-1051-466,,FALSE,10/10/2020 3:02:00,10/10/2020 3:02:00,Household,Solar interest,Electricity,Elektrina Domov,DD2-DOM,Trencin,24ZSS1245347859K,ELM534735,FALSE,Annual,4/26/2026 0:33:00,41073,6409,0,12/31/2026 0:00:00,Email,Monthly,4/30/2026 0:00:00,50.22,0,Direct debit,TRUE,1,FALSE,44.12,TRUE,1/18/2026 7:06:00,eZona web,,FALSE,TRUE,FALSE,1,3,4,,Complaint,7,8,FALSE,TRUE,FALSE,TRUE,0,5,2310.12,SMS,Trencin,91101,,,,TRUE
ee90b577-b3eb-4a02-a310-852b867076cd,daniel.simekova952@example.sk,15219682,BB-1052-428,,FALSE,4/29/2024 12:29:00,4/29/2024 12:29:00,Household,Standard household,Electricity + Gas,Online Domov Duo,B2B-GAS,Banska Bystrica,24ZSS4770902842M,ELM799931,TRUE,Monthly,5/9/2026 17:01:00,32567,2081,1179,12/31/2026 0:00:00,Email,Annual,4/30/2026 0:00:00,128.24,66.94,Direct debit,TRUE,1,FALSE,109.08,TRUE,12/21/2025 2:20:00,"eZona web, API",iOS,TRUE,TRUE,TRUE,3,0,0,,Solar consultation,5,6,FALSE,TRUE,FALSE,TRUE,3,5,3975.44,eZona message,Banska Bystrica,97401,,,,TRUE
0757ad56-6d61-435b-9dae-85acb7afb593,pavol.fedorova953@firma.sk,27493061,ZX-1053-628,ADM-752-134,FALSE,11/14/2019 7:04:00,11/14/2019 7:04:00,Business,Public sector,Electricity,Firma Elektrina Plus,DD1-DOM,Zvolen,24ZSS8829717170M,ELM177131,TRUE,Monthly,3/16/2026 9:19:00,173407,40893,0,12/31/2026 0:00:00,Email,Monthly,4/30/2026 0:00:00,57.77,32.82,Bank transfer,FALSE,0,FALSE,50.84,TRUE,1/9/2026 11:39:00,"eZona web, API",Android,FALSE,TRUE,FALSE,0,1,1,,Complaint,4,9,FALSE,FALSE,TRUE,TRUE,0,3,1328.71,Email,Zvolen,96001,59,493200,neziskova organizacia,FALSE
0b582146-11b6-4381-8271-0d5ca387b678,samuel.gregorova954@example-business.sk,26560367,ZX-1054-186,,FALSE,2/13/2026 5:05:00,2/13/2026 5:05:00,Business,Small business,Electricity,Verejna Sprava Elektrina,DD2-DOM,Zilina,24ZSS1609138063K,ELM910337,TRUE,Monthly,4/13/2026 16:48:00,124416,93821,0,12/31/2026 0:00:00,Email,Monthly,4/30/2026 0:00:00,57.83,0,Direct debit,TRUE,1,FALSE,63.45,TRUE,11/3/2025 15:23:00,mobile web,,TRUE,FALSE,TRUE,4,3,0,9/29/2025 18:41:00,Invoice copy,2,10,FALSE,FALSE,FALSE,TRUE,1,1,1272.26,SMS,Zilina,01001,37,620100,s.r.o.,FALSE
8533cd30-6021-42a4-a658-0baf94164b9b,pavol.kollarova955@gmail.com,10490898,PX-1055-449,,FALSE,11/30/2020 8:10:00,11/30/2020 8:10:00,Household,Green energy,Gas,Plyn Domov,DD5-SOLAR,Prievidza,24ZSS1503738995Q,GAS919854,FALSE,Quarterly,3/5/2026 10:49:00,28605,0,2181,12/31/2026 0:00:00,Email,Monthly,4/30/2026 0:00:00,175.96,0,Direct debit,TRUE,1,FALSE,194.77,TRUE,6/23/2025 11:16:00,"eZona web, API",,TRUE,TRUE,TRUE,1,3,1,,Deposit change,1,1,FALSE,FALSE,FALSE,TRUE,1,2,10381.64,eZona message,Prievidza,97101,,,,FALSE
83ff9bc9-3a1d-43eb-8495-7f4abe587f72,jana.danko956@post.sk,10178416,TX-1056-909,,FALSE,3/27/2020 4:48:00,3/27/2020 4:48:00,Household,Green energy,Electricity,Verejna Sprava Elektrina,DD2-DOM,Trencin,24ZSS8460447417Q,ELM468010,FALSE,Quarterly,3/10/2026 16:47:00,38396,6493,0,12/31/2026 0:00:00,Post,Monthly,4/30/2026 0:00:00,43.23,67.3,Direct debit,FALSE,3,FALSE,44.24,FALSE,,,,FALSE,FALSE,TRUE,4,0,1,9/21/2025 21:40:00,Tariff consultation,1,8,FALSE,TRUE,FALSE,FALSE,0,5,2247.96,Phone,Trencin,91101,,,,FALSE
cbf904dd-c1d3-46db-ac1f-4ad3444348c7,monika.horvath957@gmail.com,11883274,PX-1057-543,,FALSE,7/27/2023 5:10:00,7/27/2023 5:10:00,Household,Green energy,Electricity,Firma Elektrina Plus,B2B-DUO,Prievidza,24ZSS5722297396Q,ELM368256,TRUE,Monthly,4/18/2026 15:00:00,47484,8515,0,12/31/2026 0:00:00,Email,Monthly,4/30/2026 0:00:00,46.62,0,Card,FALSE,1,FALSE,39.36,TRUE,7/31/2025 16:15:00,"eZona web, mobile web",,FALSE,TRUE,TRUE,4,2,0,,Contact support,7,9,FALSE,FALSE,TRUE,FALSE,0,3,2284.38,SMS,Prievidza,97101,,,,TRUE
d1f4d4d9-2a8f-44ae-9d0f-35cc13542c8d,marek.mikulas958@municipal.sk,26583561,PX-1058-232,ADM-708-235,FALSE,9/7/2020 7:31:00,9/7/2020 7:31:00,Business,SME multi-site,Gas,Firma Plyn Plus,VS-ELE,Poprad,24ZSS7700758541K,GAS951898,TRUE,Monthly,4/6/2026 11:55:00,166668,0,8227,12/31/2026 0:00:00,Email,Annual,4/30/2026 0:00:00,585.49,221.42,Direct debit,TRUE,0,FALSE,491.39,TRUE,2/5/2025 4:42:00,"eZona web, API",Android,TRUE,FALSE,TRUE,4,1,0,6/15/2025 3:21:00,Deposit change,5,4,FALSE,FALSE,FALSE,TRUE,0,7,37471.36,Phone,Poprad,05801,48,620100,zivnostnik,TRUE
47e8bab0-db6e-427d-80a7-1d80394e37a4,veronika.halas959@gmail.com,19276433,RX-1059-605,,FALSE,4/26/2025 6:44:00,4/26/2025 6:44:00,Household,Senior assisted,Electricity + Gas,Online Domov Duo,VS-ELE,Ruzomberok,24ZSS1054932779Q,ELM941430,FALSE,Annual,4/5/2026 4:20:00,46037,6681,1591,12/31/2026 0:00:00,Post,Monthly,4/30/2026 0:00:00,145.77,0,Postal order,FALSE,0,FALSE,152.15,FALSE,,,,FALSE,TRUE,TRUE,3,2,2,3/27/2025 3:18:00,Contact support,6,7,FALSE,FALSE,TRUE,FALSE,0,1,8454.66,eZona message,Ruzomberok,03401,,,,FALSE
7c6eccd5-f34e-4fc0-9fd7-8ef0799137f1,lenka.lackova960@gmail.com,15158658,ZX-1060-550,,FALSE,10/9/2022 3:06:00,10/9/2022 3:06:00,Household,Green energy,Gas,Firma Plyn Plus,DD1-DOM,Zilina,24ZSS4905126787Q,GAS661093,FALSE,Quarterly,4/20/2026 8:55:00,10380,0,1842,12/31/2026 0:00:00,Email,Quarterly,4/30/2026 0:00:00,170.31,0,Direct debit,TRUE,1,FALSE,185.32,TRUE,3/13/2025 17:13:00,eZona web,,FALSE,TRUE,FALSE,4,1,0,3/23/2025 23:49:00,Complaint,3,2,FALSE,FALSE,TRUE,TRUE,2,1,10729.53,Email,Zilina,01001,,,,TRUE
8c26bf6e-eff0-4350-b25c-c6c02c131143,jana.kovac961@gmail.com,17485613,PX-1061-129,,FALSE,9/30/2023 21:43:00,9/30/2023 21:43:00,Household,Solar interest,Electricity + Gas,Duo Komfort,B2B-GAS,Prievidza,24ZSS3446894660K,ELM137526,TRUE,Monthly,3/2/2026 12:02:00,28874,6590,863,12/31/2026 0:00:00,Post,Quarterly,4/30/2026 0:00:00,68.72,61.09,Direct debit,TRUE,4,FALSE,78.06,FALSE,,,,FALSE,FALSE,TRUE,5,1,1,,Invoice copy,10,10,TRUE,FALSE,FALSE,FALSE,1,6,3229.84,eZona message,Prievidza,97101,,,,FALSE
818ff86e-cf30-4676-9b29-82d3970581bb,miroslav.tothova962@example.sk,13300637,ZX-1062-605,,FALSE,5/4/2025 8:46:00,5/4/2025 8:46:00,Household,Green energy,Electricity + Gas,Firma Energia Plus,DMP1-PLYN,Zilina,24ZSS7943710132P,ELM504114,TRUE,Monthly,3/30/2026 1:21:00,4674,4794,1687,12/31/2026 0:00:00,Post,Quarterly,4/30/2026 0:00:00,160.7,0,Direct debit,TRUE,1,FALSE,151.75,TRUE,1/30/2025 7:43:00,mobile web,,FALSE,TRUE,TRUE,0,1,0,2/17/2026 11:22:00,Meter reading,4,8,FALSE,FALSE,FALSE,FALSE,1,3,6267.3,SMS,Zilina,01001,,,,FALSE
38b0a438-a26b-47ac-9db5-06ba1cb25f9d,robert.polak963@post.sk,12398173,TX-1063-747,,FALSE,4/30/2023 6:40:00,4/30/2023 6:40:00,Household,Green energy,Electricity + Gas,Online Domov Duo,B2B-DUO,Trencin,24ZSS3874756208Q,ELM537910,FALSE,Annual,3/9/2026 12:42:00,14457,2387,1051,12/31/2026 0:00:00,Email,Quarterly,4/30/2026 0:00:00,83.26,106.84,Direct debit,TRUE,1,FALSE,84.57,TRUE,2/19/2025 18:00:00,eZona web,,FALSE,TRUE,FALSE,0,3,0,,Tariff consultation,6,6,FALSE,FALSE,FALSE,TRUE,0,2,4745.82,SMS,Trencin,91101,,,,TRUE
f65fa649-688b-43ca-a551-db07ea4fedd0,pavol.horvath964@post.sk,12157727,RX-1064-860,,FALSE,3/14/2025 17:17:00,3/14/2025 17:17:00,Household,High consumption,Gas,Firma Plyn Plus,VS-ELE,Ruzomberok,24ZSS3294727042K,GAS330752,TRUE,Monthly,4/5/2026 1:17:00,9189,0,1356,12/31/2026 0:00:00,Email,Quarterly,4/30/2026 0:00:00,135.58,0,Direct debit,TRUE,0,FALSE,131.6,TRUE,10/6/2025 11:16:00,eZona web,,TRUE,FALSE,FALSE,0,0,1,5/23/2025 21:39:00,Move contract,3,1,FALSE,TRUE,FALSE,TRUE,0,5,8948.28,SMS,Ruzomberok,03401,,,,TRUE
67d487e5-98d9-47e0-8993-62d7ba52b5d6,veronika.fedorova965@gmail.com,11813340,BB-1065-630,,FALSE,11/10/2021 14:13:00,11/10/2021 14:13:00,Household,Solar interest,Electricity,Firma Elektrina Plus,DD2-DOM,Banska Bystrica,24ZSS1087307006Q,ELM520541,TRUE,Monthly,4/4/2026 7:47:00,16939,2305,0,12/31/2026 0:00:00,Email,Quarterly,4/30/2026 0:00:00,42.44,0,Direct debit,TRUE,0,FALSE,36.84,TRUE,5/27/2025 5:01:00,"eZona web, API",Android,FALSE,TRUE,TRUE,2,0,0,5/16/2025 7:45:00,Meter reading,8,8,FALSE,FALSE,FALSE,TRUE,1,6,1867.36,SMS,Banska Bystrica,97401,,,,FALSE
57a1250c-4912-43e4-9eb0-a10523ca0466,juraj.balaz966@example.sk,10727924,MX-1066-582,,FALSE,12/14/2024 13:00:00,12/14/2024 13:00:00,Household,Green energy,Electricity,Firma Elektrina Plus,DD2-DOM,Martin,24ZSS1378144458K,ELM114694,FALSE,Annual,3/30/2026 6:20:00,9350,3825,0,12/31/2026 0:00:00,Email,Annual,4/30/2026 0:00:00,48.73,0,Direct debit,TRUE,0,FALSE,44.57,TRUE,12/7/2025 13:14:00,eZona web,,FALSE,FALSE,FALSE,1,0,1,,Complaint,2,7,FALSE,FALSE,TRUE,TRUE,1,5,1023.33,eZona message,Martin,03601,,,,TRUE
b240253c-62c8-45b6-862b-cf5ad2ab1eac,veronika.tothova967@post.sk,16410061,ZX-1067-768,,FALSE,2/25/2019 4:36:00,2/25/2019 4:36:00,Household,Senior assisted,Electricity + Gas,Duo Komfort,B2B-GAS,Zvolen,24ZSS6965560537K,ELM715059,FALSE,Quarterly,3/22/2026 0:53:00,36405,5771,298,12/31/2026 0:00:00,Email,Annual,4/30/2026 0:00:00,38.49,12.84,Card,FALSE,0,FALSE,36.3,TRUE,5/1/2025 7:49:00,mobile web,Android,TRUE,FALSE,TRUE,0,3,0,7/15/2025 17:42:00,Contact support,4,10,FALSE,FALSE,FALSE,TRUE,0,4,885.27,eZona message,Zvolen,96001,,,,TRUE
f6edc562-c89d-4fa5-8eaa-53edd447d7ec,peter.kral968@firma.sk,24229300,BB-1068-173,,TRUE,2/7/2026 21:47:00,2/7/2026 21:47:00,Business,Small business,Gas,Plyn Komfort,DMP1-PLYN,Banska Bystrica,24ZSS9963827590Q,GAS877777,TRUE,Monthly,3/20/2026 13:31:00,121520,0,2682,12/31/2026 0:00:00,Post,Quarterly,4/30/2026 0:00:00,272.51,247.8,Direct debit,FALSE,1,FALSE,280.65,TRUE,1/26/2025 9:38:00,eZona web,,TRUE,TRUE,FALSE,4,3,1,4/24/2025 10:34:00,Complaint,4,1,FALSE,FALSE,FALSE,FALSE,1,6,17985.66,Email,Banska Bystrica,97401,41,861000,zivnostnik,TRUE
f0909668-25ee-4c5e-ba2a-67b892d77c35,juraj.lackova969@example-business.sk,28298666,PX-1069-853,,FALSE,2/7/2020 20:56:00,2/7/2020 20:56:00,Business,Retail services,Gas,Firma Plyn Plus,VS-ELE,Poprad,24ZSS8634160726Q,GAS861686,TRUE,Monthly,3/14/2026 22:57:00,222011,0,8814,12/31/2026 0:00:00,Email,Monthly,4/30/2026 0:00:00,569.77,0,Postal order,FALSE,1,FALSE,496.26,TRUE,2/8/2025 8:45:00,mobile web,iOS,FALSE,FALSE,FALSE,5,1,0,1/13/2026 3:42:00,Contact support,0,1,FALSE,FALSE,FALSE,TRUE,0,3,18232.64,eZona message,Poprad,05801,16,551000,neziskova organizacia,TRUE
22643714-9ae8-4e90-ba63-5b03c85f9f11,katarina.marekova970@example.sk,18820908,TX-1070-446,,FALSE,8/31/2023 0:23:00,8/31/2023 0:23:00,Household,Senior assisted,Electricity + Gas,Duo Komfort,B2B-GAS,Trencin,24ZSS6397000131K,ELM229735,FALSE,Quarterly,3/9/2026 2:38:00,4310,3924,1346,12/31/2026 0:00:00,Email,Monthly,4/30/2026 0:00:00,93.78,0,Direct debit,TRUE,0,FALSE,79.58,TRUE,8/29/2025 3:38:00,"eZona web, mobile web",Android,FALSE,FALSE,TRUE,5,3,1,3/10/2026 12:09:00,Contact support,6,9,TRUE,FALSE,FALSE,TRUE,0,6,4595.22,Email,Trencin,91101,,,,TRUE
7e6eb96d-76fc-4e9c-937b-3b27ffa10b88,robert.bartosova971@post.sk,12394243,CX-1071-579,,FALSE,8/29/2020 20:20:00,8/29/2020 20:20:00,Household,Standard household,Gas,Plyn Komfort,DD1-DOM,Cadca,24ZSS4529108244M,GAS409884,TRUE,Monthly,3/7/2026 15:56:00,1721,0,1286,12/31/2026 0:00:00,Email,Quarterly,4/30/2026 0:00:00,145.73,0,Direct debit,FALSE,1,FALSE,150.16,TRUE,10/13/2025 21:15:00,mobile web,,FALSE,FALSE,FALSE,2,3,0,10/31/2025 18:20:00,Move contract,3,6,FALSE,FALSE,FALSE,TRUE,5,3,9618.18,Email,Cadca,02201,,,,TRUE
7e4a1a46-575e-4443-9570-cd4022c90372,monika.simon972@example.sk,12391099,RX-1072-163,,FALSE,8/22/2019 1:14:00,8/22/2019 1:14:00,Household,Standard household,Electricity,Verejna Sprava Elektrina,VS-ELE,Ruzomberok,24ZSS6055499754K,ELM588477,FALSE,Quarterly,4/23/2026 12:49:00,40550,1482,0,12/31/2026 0:00:00,Email,Monthly,4/30/2026 0:00:00,42.28,0,Card,FALSE,0,FALSE,45.21,TRUE,4/26/2025 6:28:00,"eZona web, API",,TRUE,TRUE,FALSE,2,1,1,,Deposit change,5,5,FALSE,FALSE,FALSE,TRUE,0,1,845.6,SMS,Ruzomberok,03401,,,,TRUE
6182c2ac-ee8f-453b-9c32-ea6fa8a296c0,pavol.fedorova973@azet.sk,16902850,BB-1073-972,,FALSE,1/25/2023 12:03:00,1/25/2023 12:03:00,Household,High consumption,Gas,Firma Plyn Plus,VS-ELE,Banska Bystrica,24ZSS2292577442Q,GAS155466,TRUE,Monthly,3/21/2026 19:18:00,7817,0,1124,12/31/2026 0:00:00,Email,Monthly,4/30/2026 0:00:00,106.82,0,Postal order,FALSE,0,FALSE,100.75,TRUE,9/29/2025 15:50:00,"eZona web, mobile web",,FALSE,FALSE,FALSE,2,2,0,,Move contract,1,2,FALSE,FALSE,FALSE,TRUE,1,3,2456.86,Phone,Banska Bystrica,97401,,,,FALSE
16634144-28e5-4c5b-bbe6-bd074d3b2e38,natalia.kovac974@post.sk,18386849,PX-1074-793,,FALSE,11/21/2021 10:08:00,11/21/2021 10:08:00,Household,Standard household,Gas,Plyn Domov,B2B-ELE,Prievidza,24ZSS4098834544P,GAS791381,FALSE,Annual,3/8/2026 21:55:00,37042,0,2062,12/31/2026 0:00:00,Email,Quarterly,4/30/2026 0:00:00,158.41,66.85,Direct debit,FALSE,0,FALSE,157.43,TRUE,4/13/2025 17:40:00,"eZona web, API",,FALSE,FALSE,TRUE,2,0,0,6/13/2025 3:49:00,Contact support,5,2,FALSE,TRUE,FALSE,TRUE,0,7,4435.48,Phone,Prievidza,97101,,,,TRUE
b11e54ee-d743-4e4e-b2ed-2edb107cff74,andrea.gregorova975@example-business.sk,29555352,TX-1075-308,ADM-284-580,FALSE,8/29/2023 13:12:00,8/29/2023 13:12:00,Business,Retail services,Gas,Plyn Domov,B2B-DUO,Trencin,24ZSS4578198877M,GAS302656,TRUE,Monthly,3/16/2026 13:14:00,222220,0,13820,12/31/2026 0:00:00,Email,Quarterly,4/30/2026 0:00:00,941.1,0,Direct debit,TRUE,1,FALSE,873.58,TRUE,1/27/2025 7:50:00,mobile web,,TRUE,TRUE,FALSE,4,3,1,2/19/2026 14:10:00,Meter reading,7,6,TRUE,TRUE,FALSE,TRUE,3,3,53642.7,Email,Trencin,91101,55,471100,zivnostnik,TRUE
d5f44dda-58ff-4794-bfa5-d1d2b362784d,peter.marekova976@gmail.com,11944084,LM-1076-669,,FALSE,8/19/2021 1:23:00,8/19/2021 1:23:00,Household,High consumption,Electricity + Gas,Online Domov Duo,DD2-DOM,Liptovsky Mikulas,24ZSS8758935208Q,ELM144328,TRUE,Monthly,4/20/2026 22:37:00,33040,4620,1217,12/31/2026 0:00:00,Email,Quarterly,4/30/2026 0:00:00,115.81,0,Postal order,FALSE,3,FALSE,119.75,TRUE,8/2/2025 11:08:00,eZona web,,TRUE,FALSE,FALSE,0,3,1,9/11/2025 8:17:00,Complaint,5,9,FALSE,FALSE,FALSE,TRUE,0,7,6253.74,Phone,Liptovsky Mikulas,03101,,,,TRUE
1eb1a4c1-f9b9-4404-9c18-14723a368b51,natalia.balaz977@example.sk,15229877,BB-1077-283,,FALSE,12/2/2019 22:43:00,12/2/2019 22:43:00,Household,Price sensitive,Electricity,Verejna Sprava Elektrina,VS-ELE,Banska Bystrica,24ZSS5139011246M,ELM321309,TRUE,Monthly,4/7/2026 19:14:00,17830,1638,0,12/31/2026 0:00:00,Email,Monthly,4/30/2026 0:00:00,52.31,121.05,Direct debit,TRUE,1,TRUE,57.4,TRUE,5/12/2025 10:49:00,"eZona web, mobile web",,TRUE,TRUE,TRUE,3,3,1,,Contact support,0,7,FALSE,FALSE,FALSE,TRUE,0,3,3452.46,eZona message,Banska Bystrica,97401,,,,TRUE
a528e3fe-0780-459c-a389-458711e84753,marek.kollarova978@firma.sk,28455868,MX-1078-209,ADM-351-869,FALSE,4/2/2022 4:19:00,4/2/2022 4:19:00,Business,SME multi-site,Gas,Plyn Komfort,VS-ELE,Martin,24ZSS4553073345Q,GAS252209,TRUE,Monthly,4/21/2026 2:41:00,217528,0,9383,12/31/2026 0:00:00,Email,Monthly,4/30/2026 0:00:00,647.07,0,Direct debit,TRUE,0,FALSE,642.5,TRUE,9/8/2025 19:14:00,"eZona web, mobile web",Android,TRUE,FALSE,FALSE,3,1,1,5/16/2025 21:23:00,Move contract,2,4,FALSE,FALSE,FALSE,TRUE,1,4,45294.9,Email,Martin,03601,60,551000,zivnostnik,TRUE
816f5776-bd59-479e-8371-e5cd21e74a5f,natalia.kollarova979@example.sk,10443252,RX-1079-798,,FALSE,11/28/2025 6:35:00,11/28/2025 6:35:00,Household,Price sensitive,Electricity + Gas,Duo Komfort,B2B-DUO,Ruzomberok,24ZSS2280166474M,ELM537968,TRUE,Monthly,3/11/2026 2:40:00,22901,5457,1626,12/31/2026 0:00:00,Post,Quarterly,4/30/2026 0:00:00,164.47,0,Direct debit,FALSE,0,FALSE,183.43,FALSE,,,,TRUE,FALSE,TRUE,1,1,1,,Move contract,4,8,FALSE,FALSE,FALSE,FALSE,0,2,8552.44,eZona message,Ruzomberok,03401,,,,FALSE
4d671a16-96d4-413b-8279-9e9034922177,samuel.lackova980@azet.sk,11663037,PX-1080-865,,FALSE,10/15/2018 15:45:00,10/15/2018 15:45:00,Household,Solar interest,Gas,Plyn Komfort,DD1-DOM,Prievidza,24ZSS6934369810M,GAS846565,TRUE,Monthly,4/3/2026 5:42:00,21340,0,356,12/31/2026 0:00:00,Email,Monthly,4/30/2026 0:00:00,82.58,0,Direct debit,TRUE,0,FALSE,78.54,TRUE,2/10/2026 23:09:00,"eZona web, mobile web",,TRUE,FALSE,TRUE,1,3,1,3/20/2026 13:44:00,Deposit change,10,3,FALSE,TRUE,FALSE,TRUE,1,3,1899.34,eZona message,Prievidza,97101,,,,TRUE
2b2779c0-0099-4695-9510-5d9dc3c2e675,jana.polak981@example.sk,15238557,ZX-1081-634,,FALSE,2/12/2023 5:01:00,2/12/2023 5:01:00,Household,Digital household,Electricity + Gas,Duo Komfort,DMP1-PLYN,Zvolen,24ZSS7585261139Q,ELM982289,TRUE,Monthly,4/4/2026 11:35:00,21647,4436,276,12/31/2026 0:00:00,Email,Monthly,4/30/2026 0:00:00,69.02,0,Postal order,FALSE,1,FALSE,75.98,TRUE,10/11/2025 11:58:00,"eZona web, mobile web",,TRUE,FALSE,FALSE,4,1,4,,Meter reading,1,7,FALSE,FALSE,FALSE,TRUE,0,4,3381.98,SMS,Zvolen,96001,,,,TRUE
bbed05c2-1839-4fca-9076-713a44ce25d4,marek.varga982@azet.sk,10123003,PX-1082-134,,FALSE,3/28/2026 12:23:00,3/28/2026 12:23:00,Household,Solar interest,Gas,Plyn Komfort,B2B-DUO,Prievidza,24ZSS5723213464Q,GAS470100,FALSE,Quarterly,3/27/2026 9:48:00,44679,0,2031,12/31/2026 0:00:00,Email,Quarterly,4/30/2026 0:00:00,182.71,0,Direct debit,TRUE,4,FALSE,193.84,TRUE,3/25/2025 3:19:00,eZona web,,TRUE,FALSE,FALSE,0,0,0,,Contact support,8,1,FALSE,FALSE,FALSE,TRUE,1,6,6577.56,Phone,Prievidza,97101,,,,FALSE
f11a01ce-aa87-4f8c-8eb6-e5e747e32863,pavol.marekova983@energia-client.sk,27166142,MX-1083-215,ADM-495-192,FALSE,12/6/2018 5:27:00,12/6/2018 5:27:00,Business,Hospitality,Electricity,Firma Elektrina Plus,DMP1-PLYN,Martin,24ZSS6820323913K,ELM951823,FALSE,Quarterly,4/4/2026 4:00:00,56004,112401,0,12/31/2026 0:00:00,Post,Quarterly,4/30/2026 0:00:00,274.36,0,Direct debit,TRUE,1,FALSE,307.97,FALSE,,,,TRUE,FALSE,TRUE,3,0,1,3/31/2025 10:22:00,Complaint,3,10,FALSE,FALSE,FALSE,FALSE,3,2,16461.6,eZona message,Martin,03601,32,493200,neziskova organizacia,FALSE
102d12aa-cd7c-4466-9d27-3bea3048fa6b,samuel.kollarova984@azet.sk,19248494,MX-1084-821,,FALSE,10/27/2021 21:08:00,10/27/2021 21:08:00,Household,Price sensitive,Electricity,Elektrina Online,B2B-ELE,Martin,24ZSS7602068584M,ELM387485,FALSE,Quarterly,4/18/2026 7:19:00,36638,4826,0,12/31/2026 0:00:00,Email,Annual,4/30/2026 0:00:00,21.92,0,Postal order,FALSE,0,FALSE,20.07,TRUE,1/17/2026 13:14:00,eZona web,,FALSE,FALSE,TRUE,5,2,2,2/27/2025 18:24:00,Solar consultation,7,6,FALSE,FALSE,FALSE,FALSE,0,5,1446.72,SMS,Martin,03601,,,,TRUE
d117f290-84e1-45ef-9900-7df78c97b8a2,michal.varga985@post.sk,13263628,RX-1085-939,,FALSE,11/23/2025 22:39:00,11/23/2025 22:39:00,Household,High consumption,Gas,Firma Plyn Plus,B2B-ELE,Ruzomberok,24ZSS4562507443P,GAS928507,TRUE,Monthly,3/13/2026 17:22:00,41251,0,205,12/31/2026 0:00:00,Email,Monthly,4/30/2026 0:00:00,32.28,0,Card,FALSE,5,FALSE,29.37,TRUE,2/8/2026 8:35:00,mobile web,,FALSE,FALSE,TRUE,0,3,0,,Complaint,3,1,FALSE,TRUE,FALSE,TRUE,1,7,2130.48,eZona message,Ruzomberok,03401,,,,TRUE
26cc6c00-2646-42e7-8609-597df35cb0aa,natalia.novakova986@firma.sk,20955095,ZX-1086-804,,FALSE,10/30/2019 1:42:00,10/30/2019 1:42:00,Business,Small business,Electricity + Gas,Firma Energia Plus,B2B-GAS,Zvolen,24ZSS2266188391P,ELM385447,TRUE,Monthly,4/10/2026 13:42:00,95143,110193,9476,12/31/2026 0:00:00,Post,Quarterly,4/30/2026 0:00:00,761.12,0,Direct debit,TRUE,0,FALSE,671.61,TRUE,11/26/2025 16:21:00,"eZona web, API",iOS,TRUE,FALSE,TRUE,2,3,0,,Deposit change,7,10,FALSE,FALSE,TRUE,FALSE,0,3,22072.48,eZona message,Zvolen,96001,10,852000,zivnostnik,TRUE
1ca17d1d-628c-4a94-9180-bfdb27106f16,andrea.halas987@azet.sk,10420511,ZX-1087-596,,FALSE,10/13/2021 4:32:00,10/13/2021 4:32:00,Household,Digital household,Gas,Firma Plyn Plus,DD1-DOM,Zilina,24ZSS5584278821K,GAS639582,TRUE,Monthly,3/4/2026 17:03:00,43066,0,1744,12/31/2026 0:00:00,Email,Quarterly,4/30/2026 0:00:00,116.92,0,Direct debit,TRUE,0,FALSE,116.17,FALSE,,,,TRUE,TRUE,TRUE,1,0,1,3/6/2026 9:48:00,Tariff consultation,0,5,FALSE,FALSE,FALSE,FALSE,0,6,7365.96,SMS,Zilina,01001,,,,FALSE
114c5abc-dda4-495c-99a1-2e9dd422e835,monika.fedorova988@post.sk,13692077,CX-1088-526,,FALSE,11/25/2020 12:37:00,11/25/2020 12:37:00,Household,Green energy,Electricity + Gas,Online Domov Duo,DMP1-PLYN,Cadca,24ZSS7678888801Q,ELM603612,FALSE,Annual,4/2/2026 4:53:00,46000,4269,187,12/31/2026 0:00:00,Email,Quarterly,4/30/2026 0:00:00,80.1,0,Postal order,FALSE,1,FALSE,76.39,FALSE,,,,TRUE,FALSE,TRUE,1,3,2,4/19/2025 10:40:00,Tariff consultation,5,6,FALSE,FALSE,TRUE,FALSE,1,7,5046.3,Phone,Cadca,02201,,,,FALSE
aa9c9fe6-d4c4-40ee-8d88-240f8102ddd6,lenka.varga989@gmail.com,19123471,PX-1089-499,,FALSE,2/16/2018 7:56:00,2/16/2018 7:56:00,Household,Price sensitive,Electricity + Gas,Firma Energia Plus,DD2-DOM,Prievidza,24ZSS8751116325P,ELM621300,TRUE,Monthly,4/30/2026 21:44:00,36104,7872,430,12/31/2026 0:00:00,Email,Quarterly,4/30/2026 0:00:00,80.15,55.23,Direct debit,TRUE,1,FALSE,67.09,TRUE,5/5/2026 19:44:00,mobile web,,FALSE,FALSE,TRUE,5,3,0,,Contact support,4,10,FALSE,FALSE,FALSE,FALSE,1,3,1763.3,SMS,Prievidza,97101,,,,TRUE
fb899ed1-f2bf-4d14-8a78-e18c43b0d838,daniel.marekova990@example-business.sk,25815835,MX-1090-136,ADM-696-661,FALSE,12/15/2023 21:16:00,12/15/2023 21:16:00,Business,Industrial,Gas,Firma Plyn Plus,VS-ELE,Martin,24ZSS1291338956M,GAS104519,TRUE,Monthly,3/18/2026 19:30:00,161998,0,12465,12/31/2026 0:00:00,Email,Annual,4/30/2026 0:00:00,768.58,1011.19,Postal order,FALSE,1,FALSE,650.31,FALSE,,,,FALSE,FALSE,FALSE,1,3,0,,Tariff consultation,4,2,FALSE,FALSE,FALSE,FALSE,0,5,14603.02,Phone,Martin,03601,80,471100,neziskova organizacia,FALSE
e450e6cd-3abb-4077-aba3-ef0e4b28fca1,zuzana.novakova991@post.sk,14795633,CX-1091-441,,FALSE,10/31/2025 7:30:00,10/31/2025 7:30:00,Household,Price sensitive,Electricity + Gas,Duo Komfort,DMP1-PLYN,Cadca,24ZSS1760744281Q,ELM337878,TRUE,Monthly,3/11/2026 14:03:00,12531,6768,885,12/31/2026 0:00:00,Email,Annual,4/30/2026 0:00:00,98.96,51.52,Postal order,FALSE,1,FALSE,102.83,TRUE,11/8/2025 2:05:00,"eZona web, API",,FALSE,TRUE,FALSE,0,0,0,4/22/2025 22:51:00,Contact support,6,7,FALSE,FALSE,FALSE,TRUE,1,5,6036.56,SMS,Cadca,02201,,,,TRUE
8e0764ab-5a39-4866-ad5c-98b0df550dfc,peter.kollarova992@energia-client.sk,24509596,BB-1092-592,,FALSE,2/13/2026 20:25:00,2/13/2026 20:25:00,Business,Small business,Electricity + Gas,Firma Energia Plus,DD5-SOLAR,Banska Bystrica,24ZSS8738350014P,ELM201165,TRUE,Monthly,3/5/2026 23:04:00,39160,49976,972,12/31/2026 0:00:00,Email,Quarterly,4/30/2026 0:00:00,217.96,0,Bank transfer,FALSE,0,FALSE,220.71,TRUE,10/9/2025 13:06:00,"eZona web, mobile web",,TRUE,TRUE,TRUE,5,3,0,,Meter reading,0,9,TRUE,FALSE,FALSE,TRUE,0,3,8936.36,eZona message,Banska Bystrica,97401,16,861000,a.s.,TRUE
0dfaffbc-ca20-4b91-9f04-171c2fede1c1,marek.mikulas993@gmail.com,12402800,PX-1093-987,,FALSE,4/11/2018 6:57:00,4/11/2018 6:57:00,Household,Standard household,Gas,Firma Plyn Plus,DD1-DOM,Poprad,24ZSS3267880066K,GAS537023,FALSE,Quarterly,3/23/2026 11:55:00,41190,0,2024,12/31/2026 0:00:00,Email,Quarterly,4/30/2026 0:00:00,132.32,0,Direct debit,TRUE,2,FALSE,142.61,TRUE,6/24/2025 11:14:00,"eZona web, API",,TRUE,TRUE,FALSE,5,3,1,,Complaint,1,2,FALSE,FALSE,FALSE,TRUE,1,8,6880.64,eZona message,Poprad,05801,,,,FALSE
17031763-dbb2-47c0-8a70-ce1b48791e61,robert.simon994@energia-client.sk,24192001,MX-1094-468,,FALSE,5/21/2021 16:00:00,5/21/2021 16:00:00,Business,Industrial,Electricity + Gas,Firma Energia Plus,DD2-DOM,Martin,24ZSS6815245985M,ELM392151,TRUE,Monthly,5/4/2026 2:48:00,20192,78916,7962,12/31/2026 0:00:00,Email,Quarterly,4/30/2026 0:00:00,559.9,1372.71,Direct debit,TRUE,1,TRUE,604.7,TRUE,3/19/2025 14:15:00,"eZona web, API",Android,TRUE,TRUE,TRUE,5,0,0,6/27/2025 7:40:00,Deposit change,6,8,FALSE,FALSE,FALSE,TRUE,0,2,11757.9,SMS,Martin,03601,190,256200,a.s.,TRUE
c0a322ec-0426-442b-a937-08afb6bc4916,zuzana.simekova995@municipal.sk,26617773,ZX-1095-811,,FALSE,8/24/2021 2:32:00,8/24/2021 2:32:00,Business,Public sector,Electricity + Gas,Online Domov Duo,VS-ELE,Zilina,24ZSS1784466117P,ELM592830,TRUE,Monthly,4/16/2026 13:38:00,131729,65055,7660,12/31/2026 0:00:00,Post,Monthly,4/30/2026 0:00:00,611.66,61.24,Postal order,FALSE,0,FALSE,591.05,FALSE,,,,FALSE,TRUE,TRUE,4,1,1,1/26/2026 4:23:00,Invoice copy,0,10,FALSE,FALSE,TRUE,FALSE,1,7,15903.16,SMS,Zilina,01001,30,852000,zivnostnik,FALSE
1d7dad1a-1a3c-4dca-957f-d763e6d5ba40,michal.lackova996@post.sk,11856582,TX-1096-691,,FALSE,11/30/2025 11:19:00,11/30/2025 11:19:00,Household,Price sensitive,Electricity,Verejna Sprava Elektrina,DMP1-PLYN,Trencin,24ZSS4910282227K,ELM326090,TRUE,Monthly,4/20/2026 0:38:00,43464,1529,0,12/31/2026 0:00:00,Email,Monthly,4/30/2026 0:00:00,74.29,0,Bank transfer,FALSE,1,FALSE,68.07,TRUE,1/20/2026 18:16:00,eZona web,,FALSE,FALSE,TRUE,2,2,1,1/5/2026 17:44:00,Solar consultation,3,5,TRUE,FALSE,TRUE,TRUE,0,3,1782.96,eZona message,Trencin,91101,,,,TRUE
a8319fec-5374-4bcc-8d02-8eb83b1a3976,andrea.balaz997@energia-client.sk,23212489,PX-1097-633,ADM-607-437,FALSE,6/23/2024 9:44:00,6/23/2024 9:44:00,Business,Industrial,Electricity + Gas,Duo Komfort,B2B-GAS,Prievidza,24ZSS8458230527K,ELM919413,TRUE,Monthly,3/5/2026 23:00:00,166279,56218,1693,12/31/2026 0:00:00,Email,Monthly,4/30/2026 0:00:00,200.8,0,Direct debit,TRUE,1,FALSE,215.41,TRUE,5/3/2026 14:32:00,eZona web,,FALSE,FALSE,TRUE,0,3,1,1/3/2026 1:00:00,Invoice copy,5,9,FALSE,FALSE,FALSE,TRUE,0,7,6224.8,Email,Prievidza,97101,76,256200,zivnostnik,TRUE
2ef2aad1-3da0-4bed-a127-285714ace87a,zuzana.balaz998@gmail.com,19921798,RX-1098-221,,FALSE,12/5/2019 13:37:00,12/5/2019 13:37:00,Household,Senior assisted,Gas,Firma Plyn Plus,DD1-DOM,Ruzomberok,24ZSS7799188666M,GAS962587,TRUE,Monthly,3/2/2026 14:07:00,5108,0,1501,12/31/2026 0:00:00,Email,Annual,4/30/2026 0:00:00,139.56,0,Direct debit,TRUE,0,FALSE,125.45,TRUE,11/20/2025 20:40:00,"eZona web, mobile web",,FALSE,FALSE,TRUE,4,3,0,,Meter reading,3,4,FALSE,FALSE,FALSE,TRUE,0,4,6698.88,Email,Ruzomberok,03401,,,,TRUE
29d0e6d3-bbc3-420d-8b39-d68f133d9fd8,monika.halas999@azet.sk,14144821,TX-1099-793,,FALSE,10/6/2018 6:58:00,10/6/2018 6:58:00,Household,Solar interest,Electricity + Gas,Firma Energia Plus,DD1-DOM,Trencin,24ZSS6179574088K,ELM417208,TRUE,Monthly,3/29/2026 10:53:00,19101,8551,195,12/31/2026 0:00:00,Email,Annual,4/30/2026 0:00:00,37.35,5.31,Direct debit,TRUE,0,FALSE,33.13,TRUE,1/25/2026 23:03:00,mobile web,,TRUE,TRUE,TRUE,4,3,1,5/21/2025 19:46:00,Deposit change,9,8,FALSE,FALSE,FALSE,TRUE,1,3,1008.45,eZona message,Trencin,91101,,,,TRUE
11f57427-a0f9-45bf-88d7-fce1f247d014,robert.gregorova1000@post.sk,10800378,PX-1100-155,,FALSE,8/2/2024 12:22:00,8/2/2024 12:22:00,Household,High consumption,Electricity,Verejna Sprava Elektrina,B2B-ELE,Poprad,24ZSS2718437176M,ELM463080,FALSE,Annual,4/24/2026 15:49:00,5739,5910,0,12/31/2026 0:00:00,Email,Quarterly,4/30/2026 0:00:00,62.12,42.36,Direct debit,TRUE,1,FALSE,63.61,FALSE,,,,FALSE,TRUE,TRUE,3,0,2,4/3/2025 3:35:00,Invoice copy,3,8,FALSE,TRUE,FALSE,FALSE,0,7,1801.48,SMS,Poprad,05801,,,,FALSE